================================================================================
REBUILDING ESV CROSSREFS FROM CROSS_REFS DATA
================================================================================

        Verse 6: No positions found for letters ['i']
          ⚠ Warning: Couldn't find word 'But' for letter 'n'
          ⚠ Warning: Couldn't find word 'wise' for letter 'o'
        Verse 13: No positions found for letters ['v', 'w']
        Verse 14: No positions found for letters ['x', 'y']
        Verse 16: No positions found for letters ['z']
        Verse 20: No positions found for letters ['g', 'h']
        Verse 24: No positions found for letters ['k', 'l']
        Verse 29: No positions found for letters ['r']
        Verse 31: No positions found for letters ['w']
        Verse 4: No positions found for letters ['f']
        Verse 15: No positions found for letters ['z']
          ⚠ Warning: Letter 'e' (cid c46010018.2) not found in raw text
        Verse 21: No positions found for letters ['h', 'i', 'j']
        Verse 23: No positions found for letters ['m']
        Verse 24: No positions found for letters ['n']
        Verse 25: No positions found for letters ['o']
        Verse 29: No positions found for letters ['r', 's']
        Verse 32: No positions found for letters ['v', 'w']
        Verse 33: No positions found for letters ['x', 'y']
        Verse 9: No positions found for letters ['m']
        Verse 12: No positions found for letters ['o']
        Verse 28: No positions found for letters ['d']
        Verse 34: No positions found for letters ['i', 'j', 'k', 'l']
        Verse 5: No positions found for letters ['u', 'v']
        Verse 6: No positions found for letters ['u']
        Verse 7: No positions found for letters ['w']
          ⚠ Warning: Letter 'l' (cid c46012013.2) not found in raw text
          ⚠ Warning: Couldn't find word 'in' for letter 'a'
          ⚠ Warning: Letter 'b' (cid c46013002.2) not found in raw text
        Verse 3: No positions found for letters ['c', 'd']
        Verse 4: No positions found for letters ['e', 'f', 'g', 'h']
        Verse 5: No positions found for letters ['i', 'j']
        Verse 6: No positions found for letters ['k', 'l']
        Verse 10: No positions found for letters ['o']
        Verse 8: No positions found for letters ['a']
          ⚠ Warning: Couldn't find word 'as' for letter 'b'
        Verse 11: No positions found for letters ['c']
        Verse 25: No positions found for letters ['n', 'o', 'p']
        Verse 40: No positions found for letters ['e', 'f']
        Verse 2: No positions found for letters ['i', 'j', 'k']
          ⚠ Warning: Couldn't find word 'coming' for letter 'l'
          ⚠ Warning: Letter 'm' (cid c46015003.2) not found in raw text
          ⚠ Warning: Letter 'n' (cid c46015003.3) not found in raw text
        Verse 4: No positions found for letters ['o', 'p']
        Verse 5: No positions found for letters ['q', 'r']
        Verse 8: No positions found for letters ['u']
        Verse 31: No positions found for letters ['u', 'v']
        Verse 33: No positions found for letters ['y', 'z']
        Verse 34: No positions found for letters ['a', 'b', 'c']
          ⚠ Warning: Letter 'i' (cid c46015045.2) not found in raw text
          ⚠ Warning: Letter 'j' (cid c46015045.3) not found in raw text
        Verse 47: No positions found for letters ['k', 'l', 'm']
        Verse 50: No positions found for letters ['q', 'r']
        Verse 52: No positions found for letters ['u', 'v']
        Verse 55: No positions found for letters ['y']
        Verse 1: No positions found for letters ['e']
          ⚠ Warning: Couldn't find word 'they' for letter 'j'
          ⚠ Warning: Couldn't find word 'yours' for letter 'k'
          ⚠ Warning: Couldn't find word 'greetings' for letter 'l'
        Verse 6: No positions found for letters ['m']
          ⚠ Warning: Couldn't find word 'greetings' for letter 'n'
          ⚠ Warning: Couldn't find word 'write' for letter 'o'
          ⚠ Warning: Couldn't find word '23' for letter 'q'
          ⚠ Warning: Letter 'r' (cid c46016009.2) not found in raw text
        Verse 14: No positions found for letters ['d']
        Verse 16: No positions found for letters ['h']
        Verse 18: No positions found for letters ['j', 'k']
        Verse 23: No positions found for letters ['q']
          ⚠ Warning: Letter 'x' (cid c46002001.1) not found in raw text
        Verse 3: No positions found for letters ['a', 'b']
        Verse 4: No positions found for letters ['c']
        Verse 5: No positions found for letters ['d']
        Verse 10: No positions found for letters ['o', 'p']
        Verse 16: No positions found for letters ['y', 'z']
        Verse 3: No positions found for letters ['f']
        Verse 4: No positions found for letters ['g', 'h']
        Verse 6: No positions found for letters ['k', 'l', 'm']
        Verse 10: No positions found for letters ['r', 's', 't']
          ⚠ Warning: Letter 'u' (cid c46003011.1) not found in raw text
        Verse 13: No positions found for letters ['x', 'y', 'z']
        Verse 18: No positions found for letters ['e', 'f']
        Verse 20: No positions found for letters ['i']
        Verse 23: No positions found for letters ['l', 'm']
        Verse 4: No positions found for letters ['o', 'p']
        Verse 5: No positions found for letters ['q', 'r', 's', 't']
        Verse 6: No positions found for letters ['u']
        Verse 12: No positions found for letters ['e', 'f', 'g']
        Verse 13: No positions found for letters ['h', 'i']
        Verse 14: No positions found for letters ['j', 'k']
        Verse 16: No positions found for letters ['n']
          ⚠ Warning: Letter 'q' (cid c46004017.3) not found in raw text
        Verse 10: No positions found for letters ['k', 'l', 'm']
        Verse 4: No positions found for letters ['t']
        Verse 5: No positions found for letters ['u']
        Verse 12: No positions found for letters ['c']
        Verse 13: No positions found for letters ['d', 'e', 'f', 'g']
        Verse 18: No positions found for letters ['n', 'o']
        Verse 3: No positions found for letters ['u']
        Verse 6: No positions found for letters ['x']
        Verse 7: No positions found for letters ['a', 'b', 'y', 'z']
        Verse 8: No positions found for letters ['c', 'd']
          ⚠ Warning: Couldn't find word 'be' for letter 'e'
          ⚠ Warning: Couldn't find word 'and' for letter 'g'
        Verse 11: No positions found for letters ['g', 'h']
        Verse 15: No positions found for letters ['j']
          ⚠ Warning: Letter 'l' (cid c46007017.1) not found in raw text
        Verse 20: No positions found for letters ['r']
        Verse 23: No positions found for letters ['u', 'v']
        Verse 24: No positions found for letters ['w']
          ⚠ Warning: Letter 'x' (cid c46007025.1) not found in raw text
        Verse 30: No positions found for letters ['c']
        Verse 31: No positions found for letters ['d']
        Verse 35: No positions found for letters ['g']
          ⚠ Warning: Letter 'm' (cid c46008001.1) not found in raw text
          ⚠ Warning: Letter 'o' (cid c46008001.3) not found in raw text
        Verse 2: No positions found for letters ['q', 'r']
        Verse 5: No positions found for letters ['v']
        Verse 6: No positions found for letters ['w', 'x', 'y', 'z']
          ⚠ Warning: Letter 'b' (cid c46008007.2) not found in raw text
        Verse 12: No positions found for letters ['g', 'h']
        Verse 4: No positions found for letters ['c']
          ⚠ Warning: Letter 'm' (cid c62002008.2) not found in raw text
        Verse 13: No positions found for letters ['s', 't', 'u']
        Verse 14: No positions found for letters ['s', 't']
          ⚠ Warning: Letter 'x' (cid c62002016.1) not found in raw text
        Verse 25: No positions found for letters ['o']
        Verse 26: No positions found for letters ['p']
          ⚠ Warning: Letter 'f' (cid c62003002.4) not found in raw text
        Verse 3: No positions found for letters ['h', 'i']
        Verse 4: No positions found for letters ['j']
        Verse 5: No positions found for letters ['k', 'l', 'm']
        Verse 13: No positions found for letters ['z']
        Verse 13: No positions found for letters ['s']
        Verse 20: No positions found for letters ['f', 'g', 'h']
          ⚠ Warning: Letter 's' (cid c62005004.2) not found in raw text
        Verse 5: No positions found for letters ['t']
          ⚠ Warning: Couldn't find word 'yourselves' for letter 'q'
          ⚠ Warning: Letter 'r' (cid c60001007.2) not found in raw text
          ⚠ Warning: Letter 's' (cid c60001007.3) not found in raw text
          ⚠ Warning: Letter 't' (cid c60001007.4) not found in raw text
          ⚠ Warning: Couldn't find word 'of' for letter 'u'
          ⚠ Warning: Couldn't find word 'lamb' for letter 'v'
        Verse 9: No positions found for letters ['w']
        Verse 11: No positions found for letters ['a', 'b', 'y', 'z']
        Verse 15: No positions found for letters ['k', 'l']
        Verse 16: No positions found for letters ['m']
        Verse 19: No positions found for letters ['t', 'u', 'v']
        Verse 21: No positions found for letters ['a', 'y', 'z']
        Verse 25: No positions found for letters ['h', 'i']
          ⚠ Warning: Couldn't find word 'evildoers' for letter 'l'
        Verse 14: No positions found for letters ['o', 'p']
        Verse 17: No positions found for letters ['t', 'u', 'v']
        Verse 23: No positions found for letters ['c', 'd']
        Verse 2: No positions found for letters ['n']
        Verse 4: No positions found for letters ['p']
          ⚠ Warning: Couldn't find word 'which' for letter 'a'
          ⚠ Warning: Couldn't find word 'God' for letter 'y'
          ⚠ Warning: Letter 'z' (cid c60003009.3) not found in raw text
        Verse 14: No positions found for letters ['d', 'e', 'f']
        Verse 16: No positions found for letters ['j', 'k']
          ⚠ Warning: Letter 'n' (cid c60003018.2) not found in raw text
        Verse 20: No positions found for letters ['r', 's', 't']
        Verse 22: No positions found for letters ['x', 'y']
          ⚠ Warning: Couldn't find word 'covers' for letter 'a'
        Verse 2: No positions found for letters ['d', 'e', 'f', 'g']
        Verse 4: No positions found for letters ['j', 'k']
        Verse 5: No positions found for letters ['l']
        Verse 9: No positions found for letters ['r']
          ⚠ Warning: Letter 'g' (cid c60004016.3) not found in raw text
          ⚠ Warning: Couldn't find word 'him' for letter 'p'
          ⚠ Warning: Letter 'r' (cid c60005003.1) not found in raw text
          ⚠ Warning: Couldn't find word 'does' for letter 's'
        Verse 11: No positions found for letters ['n']
          ⚠ Warning: Letter 'e' (cid c52001002.2) not found in raw text
        Verse 10: No positions found for letters ['a', 'b', 'c', 'd', 'e']
          ⚠ Warning: Couldn't find word 'For' for letter 'p'
          ⚠ Warning: Couldn't find word 'countrymen' for letter 'q'
          ⚠ Warning: Letter 'r' (cid c52002004.3) not found in raw text
          ⚠ Warning: Letter 't' (cid c52002005.2) not found in raw text
        Verse 8: No positions found for letters ['a']
        Verse 12: No positions found for letters ['g', 'h', 'i']
        Verse 7: No positions found for letters ['q']
        Verse 10: No positions found for letters ['t', 'u', 'v']
        Verse 12: No positions found for letters ['y', 'z']
          ⚠ Warning: Letter 'j' (cid c52004003.2) not found in raw text
        Verse 10: No positions found for letters ['a', 'z']
          ⚠ Warning: Letter 'x' (cid c52005001.2) not found in raw text
          ⚠ Warning: Couldn't find word 'with' for letter 'a'
          ⚠ Warning: Letter 'z' (cid c52005003.2) not found in raw text
        Verse 7: No positions found for letters ['g']
        Verse 13: No positions found for letters ['o']
          ⚠ Warning: Letter 'q' (cid c52005014.2) not found in raw text
        Verse 21: No positions found for letters ['a']
        Verse 24: No positions found for letters ['g', 'h']
        Verse 25: No positions found for letters ['i']
        Verse 28: No positions found for letters ['l']
        Verse 7: No positions found for letters ['q']
        Verse 14: No positions found for letters ['c', 'd']
        Verse 3: No positions found for letters ['x', 'y']
        Verse 6: No positions found for letters ['d', 'e', 'f']
        Verse 7: No positions found for letters ['g', 'h', 'i']
        Verse 9: No positions found for letters ['m']
        Verse 10: No positions found for letters ['n']
        Verse 14: No positions found for letters ['s']
          ⚠ Warning: Letter 'z' (cid c54003002.5) not found in raw text
        Verse 3: No positions found for letters ['c', 'd']
        Verse 5: No positions found for letters ['w']
        Verse 6: No positions found for letters ['f']
          ⚠ Warning: Letter 'j' (cid c54003008.2) not found in raw text
          ⚠ Warning: Letter 't' (cid c54003016.2) not found in raw text
        Verse 4: No positions found for letters ['e', 'f', 'g']
        Verse 5: No positions found for letters ['h']
        Verse 8: No positions found for letters ['m', 'n', 'o']
        Verse 6: No positions found for letters ['i', 'j']
        Verse 7: No positions found for letters ['k']
        Verse 8: No positions found for letters ['l', 'm']
        Verse 10: No positions found for letters ['n', 'o', 'p', 'q']
        Verse 15: No positions found for letters ['x']
        Verse 4: No positions found for letters ['v', 'w', 'x', 'y']
          ⚠ Warning: Couldn't find word 'on' for letter 'd'
        Verse 8: No positions found for letters ['e']
        Verse 12: No positions found for letters ['m', 'n', 'o', 'p']
        Verse 14: No positions found for letters ['s']
        Verse 16: No positions found for letters ['w', 'x', 'y', 'z']
        Verse 19: No positions found for letters ['h', 'i', 'j']
        Verse 21: No positions found for letters ['m']
        Verse 11: No positions found for letters ['s', 't']
        Verse 16: No positions found for letters ['e']
        Verse 22: No positions found for letters ['o', 'p']
        Verse 2: No positions found for letters ['k', 'l']
        Verse 4: No positions found for letters ['m', 'n', 'o', 'p']
          ⚠ Warning: Couldn't find word 'that' for letter 'q'
          ⚠ Warning: Couldn't find word 'thoughts' for letter 'r'
        Verse 6: No positions found for letters ['s', 't']
        Verse 7: No positions found for letters ['u', 'v', 'w', 'x']
        Verse 3: No positions found for letters ['b', 'c']
        Verse 6: No positions found for letters ['e']
          ⚠ Warning: Couldn't find word 'and' for letter 'g'
        Verse 8: No positions found for letters ['i']
        Verse 10: No positions found for letters ['m', 'n', 'o']
        Verse 15: No positions found for letters ['a', 'z']
        Verse 18: No positions found for letters ['d', 'e']
        Verse 4: No positions found for letters ['r', 's', 't', 'u']
          ⚠ Warning: Letter 'd' (cid c47013011.2) not found in raw text
        Verse 13: No positions found for letters ['h']
        Verse 2: No positions found for letters ['v']
        Verse 7: No positions found for letters ['c']
        Verse 13: No positions found for letters ['i']
        Verse 3: No positions found for letters ['u', 'v', 'w', 'x']
        Verse 4: No positions found for letters ['y']
          ⚠ Warning: Letter 'v' (cid c47003018.3) not found in raw text
          ⚠ Warning: Letter 'n' (cid c47004006.2) not found in raw text
        Verse 9: No positions found for letters ['s', 't']
        Verse 10: No positions found for letters ['u', 'v']
        Verse 14: No positions found for letters ['a', 'b', 'z']
        Verse 18: No positions found for letters ['j']
          ⚠ Warning: Couldn't find word 'Christ' for letter 'p'
        Verse 15: No positions found for letters ['f', 'g']
          ⚠ Warning: Letter 'k' (cid c47005017.3) not found in raw text
        Verse 19: No positions found for letters ['m', 'n']
        Verse 5: No positions found for letters ['e', 'f']
          ⚠ Warning: Couldn't find word 'and' for letter 'g'
          ⚠ Warning: Letter 'h' (cid c47006006.2) not found in raw text
          ⚠ Warning: Letter 'i' (cid c47006006.3) not found in raw text
          ⚠ Warning: Letter 'j' (cid c47006006.4) not found in raw text
        Verse 8: No positions found for letters ['n']
        Verse 9: No positions found for letters ['o', 'p', 'q']
        Verse 10: No positions found for letters ['r', 's', 't', 'u']
        Verse 18: No positions found for letters ['i']
        Verse 3: No positions found for letters ['m']
        Verse 4: No positions found for letters ['n', 'o', 'p']
          ⚠ Warning: Letter 'r' (cid c47007005.2) not found in raw text
          ⚠ Warning: Couldn't find word 'is' for letter 'j'
          ⚠ Warning: Couldn't find word 'Now' for letter 'l'
        Verse 5: No positions found for letters ['m']
        Verse 6: No positions found for letters ['n', 'o']
          ⚠ Warning: Letter 'q' (cid c47008007.2) not found in raw text
        Verse 10: No positions found for letters ['t', 'u', 'v']
        Verse 14: No positions found for letters ['x']
        Verse 15: No positions found for letters ['y']
          ⚠ Warning: Letter 'c' (cid c47008018.1) not found in raw text
        Verse 21: No positions found for letters ['h', 'i']
        Verse 7: No positions found for letters ['l', 'm']
        Verse 8: No positions found for letters ['n']
        Verse 13: No positions found for letters ['v', 'w']
        Verse 8: No positions found for letters ['d']
        Verse 11: No positions found for letters ['h']
        Verse 13: No positions found for letters ['k', 'l', 'm']
        Verse 16: No positions found for letters ['t']
          ⚠ Warning: Couldn't find word 'you' for letter 'n'
          ⚠ Warning: Letter 'o' (cid c61003005.2) not found in raw text
          ⚠ Warning: Couldn't find word 'destruction' for letter 'p'
          ⚠ Warning: Letter 'q' (cid c61003006.2) not found in raw text
        Verse 9: No positions found for letters ['u', 'v', 'w', 'x', 'y']
  Progress: 50 files, 746 verses, 1491 crossrefs
        Verse 12: No positions found for letters ['z']
        Verse 10: No positions found for letters ['s']
        Verse 12: No positions found for letters ['v', 'w']
          ⚠ Warning: Letter 'a' (cid c53002013.1) not found in raw text
        Verse 17: No positions found for letters ['i']
          ⚠ Warning: Letter 'j' (cid c53003001.1) not found in raw text
        Verse 2: No positions found for letters ['l', 'm']
        Verse 4: No positions found for letters ['q']
        Verse 15: No positions found for letters ['g', 'h']
        Verse 18: No positions found for letters ['m']
          ⚠ Warning: Letter 'd' (cid c55001002.1) not found in raw text
        Verse 4: No positions found for letters ['j', 'k']
        Verse 5: No positions found for letters ['l', 'm']
          ⚠ Warning: Couldn't find word 'opponents' for letter 'u'
          ⚠ Warning: Couldn't find word 'God' for letter 'v'
          ⚠ Warning: Couldn't find word 'repentance' for letter 'w'
          ⚠ Warning: Couldn't find word 'from' for letter 'x'
        Verse 10: No positions found for letters ['a', 'b', 'c', 'y', 'z']
          ⚠ Warning: Couldn't find word 'avoid' for letter 'd'
        Verse 17: No positions found for letters ['t']
        Verse 3: No positions found for letters ['c', 'd']
        Verse 4: No positions found for letters ['e', 'f']
        Verse 7: No positions found for letters ['j']
        Verse 13: No positions found for letters ['x', 'y']
        Verse 17: No positions found for letters ['e', 'f', 'g']
          ⚠ Warning: Letter 'i' (cid c55004010.5) not found in raw text
        Verse 12: No positions found for letters ['k']
        Verse 22: No positions found for letters ['v', 'w', 'x']
        Verse 25: No positions found for letters ['d', 'e']
          ⚠ Warning: Letter 'z' (cid c44010003.3) not found in raw text
        Verse 6: No positions found for letters ['d']
        Verse 11: No positions found for letters ['i']
        Verse 15: No positions found for letters ['m']
        Verse 19: No positions found for letters ['n', 'p']
        Verse 20: No positions found for letters ['q']
        Verse 22: No positions found for letters ['r', 's', 't']
          ⚠ Warning: Couldn't find word 'days' for letter 'w'
          ⚠ Warning: Couldn't find word 'named' for letter 'x'
          ⚠ Warning: Letter 'b' (cid c44010030.1) not found in raw text
          ⚠ Warning: Letter 'c' (cid c44010030.2) not found in raw text
        Verse 31: No positions found for letters ['e']
          ⚠ Warning: Couldn't find word 'Spirit' for letter 'l'
        Verse 37: No positions found for letters ['m', 'n']
        Verse 38: No positions found for letters ['o', 'p', 'q', 'r', 's']
        Verse 40: No positions found for letters ['v', 'w', 'x']
          ⚠ Warning: Letter 'n' (cid c44010047.1) not found in raw text
        Verse 7: No positions found for letters ['n', 'o', 'p', 'q']
        Verse 8: No positions found for letters ['r']
          ⚠ Warning: Letter 'c' (cid c44013008.1) not found in raw text
        Verse 10: No positions found for letters ['f', 'g', 'h', 'i']
        Verse 17: No positions found for letters ['a', 'w', 'x', 'y', 'z']
        Verse 23: No positions found for letters ['p', 'q', 'r']
        Verse 26: No positions found for letters ['v', 'w', 'x']
        Verse 33: No positions found for letters ['n', 'o']
          ⚠ Warning: Letter 'q' (cid c44013034.2) not found in raw text
        Verse 37: No positions found for letters ['w']
        Verse 39: No positions found for letters ['a', 'z']
        Verse 41: No positions found for letters ['b']
        Verse 45: No positions found for letters ['g', 'h', 'i', 'j']
        Verse 47: No positions found for letters ['o', 'p', 'q', 'r']
        Verse 50: No positions found for letters ['t', 'u', 'v', 'w']
        Verse 2: No positions found for letters ['b', 'c', 'd']
        Verse 3: No positions found for letters ['e', 'f', 'g']
        Verse 6: No positions found for letters ['l', 'm']
        Verse 10: No positions found for letters ['p']
        Verse 15: No positions found for letters ['u', 'v', 'w', 'x', 'y', 'z']
        Verse 26: No positions found for letters ['s', 't']
        Verse 2: No positions found for letters ['c', 'd', 'e']
        Verse 3: No positions found for letters ['f', 'g', 'h', 'i']
        Verse 4: No positions found for letters ['g', 'j', 'k']
        Verse 8: No positions found for letters ['t', 'u', 'v']
          ⚠ Warning: Couldn't find word '29' for letter 'j'
        Verse 17: No positions found for letters ['k', 'l']
        Verse 18: No positions found for letters ['m']
        Verse 20: No positions found for letters ['p', 'q', 'r', 's']
        Verse 25: No positions found for letters ['b', 'c']
        Verse 26: No positions found for letters ['d', 'e']
        Verse 29: No positions found for letters ['j', 'k']
        Verse 40: No positions found for letters ['v', 'w', 'x']
        Verse 2: No positions found for letters ['b']
        Verse 5: No positions found for letters ['g', 'h', 'i']
        Verse 7: No positions found for letters ['k']
        Verse 26: No positions found for letters ['q', 'r', 's']
          ⚠ Warning: Letter 'q' (cid c44017005.2) not found in raw text
        Verse 6: No positions found for letters ['s']
        Verse 7: No positions found for letters ['t', 'u']
        Verse 12: No positions found for letters ['y', 'z']
        Verse 25: No positions found for letters ['u', 'v', 'w']
        Verse 3: No positions found for letters ['x']
        Verse 10: No positions found for letters ['n', 'o', 'p']
        Verse 13: No positions found for letters ['t']
        Verse 28: No positions found for letters ['s']
        Verse 3: No positions found for letters ['x', 'y']
        Verse 4: No positions found for letters ['y', 'z']
        Verse 8: No positions found for letters ['e', 'f']
        Verse 25: No positions found for letters ['d']
        Verse 32: No positions found for letters ['j']
        Verse 6: No positions found for letters ['m']
          ⚠ Warning: Couldn't find word 'him' for letter 'n'
          ⚠ Warning: Couldn't find word 'dwell' for letter 'o'
        Verse 11: No positions found for letters ['r']
        Verse 13: No positions found for letters ['t']
        Verse 15: No positions found for letters ['u']
          ⚠ Warning: Couldn't find word 'which' for letter 'z'
        Verse 20: No positions found for letters ['a', 'b']
        Verse 21: No positions found for letters ['c']
        Verse 22: No positions found for letters ['d', 'e', 'f', 'g']
          ⚠ Warning: Couldn't find word 'For' for letter 'h'
        Verse 24: No positions found for letters ['l', 'm']
        Verse 26: No positions found for letters ['o']
        Verse 27: No positions found for letters ['p', 'q', 'r', 's']
        Verse 30: No positions found for letters ['x', 'y']
        Verse 31: No positions found for letters ['z']
          ⚠ Warning: Letter 'b' (cid c44002042.2) not found in raw text
          ⚠ Warning: Couldn't find word 'day' for letter 'y'
        Verse 8: No positions found for letters ['b']
          ⚠ Warning: Couldn't find word 'to' for letter 'c'
        Verse 19: No positions found for letters ['l', 'm', 'n', 'o']
        Verse 21: No positions found for letters ['r', 's', 't']
        Verse 23: No positions found for letters ['v', 'w', 'x']
        Verse 27: No positions found for letters ['j', 'k']
        Verse 30: No positions found for letters ['v']
        Verse 33: No positions found for letters ['e']
        Verse 34: No positions found for letters ['f', 'g', 'h']
        Verse 5: No positions found for letters ['v', 'w']
        Verse 7: No positions found for letters ['x']
          ⚠ Warning: Couldn't find word 'am' for letter 'a'
          ⚠ Warning: Couldn't find word 'me' for letter 'g'
        Verse 14: No positions found for letters ['j', 'k']
        Verse 24: No positions found for letters ['y', 'z']
        Verse 32: No positions found for letters ['l']
          ⚠ Warning: Couldn't find word 'what' for letter 'o'
          ⚠ Warning: Couldn't find word 'learned' for letter 'p'
        Verse 36: No positions found for letters ['q']
        Verse 6: No positions found for letters ['y']
        Verse 12: No positions found for letters ['c']
        Verse 13: No positions found for letters ['d']
        Verse 15: No positions found for letters ['j', 'k', 'l', 'm']
          ⚠ Warning: Letter 'o' (cid c44024016.2) not found in raw text
        Verse 19: No positions found for letters ['v']
        Verse 21: No positions found for letters ['w']
        Verse 23: No positions found for letters ['y', 'z']
        Verse 6: No positions found for letters ['h']
        Verse 10: No positions found for letters ['j']
        Verse 37: No positions found for letters ['e']
        Verse 41: No positions found for letters ['h']
        Verse 42: No positions found for letters ['i']
        Verse 44: No positions found for letters ['k']
        Verse 2: No positions found for letters ['n', 'o']
        Verse 5: No positions found for letters ['s']
        Verse 6: No positions found for letters ['t', 'u']
          ⚠ Warning: Letter 'u' (cid c44028026.1) not found in raw text
        Verse 27: No positions found for letters ['w', 'x']
        Verse 31: No positions found for letters ['d', 'e', 'f', 'g']
          ⚠ Warning: Couldn't find word 'means' for letter 't'
          ⚠ Warning: Couldn't find word 'knowledge' for letter 'v'
        Verse 16: No positions found for letters ['h', 'i']
          ⚠ Warning: Couldn't find word 'Jesus' for letter 'j'
        Verse 20: No positions found for letters ['l', 'm']
        Verse 21: No positions found for letters ['n', 'o']
        Verse 25: No positions found for letters ['r']
        Verse 26: No positions found for letters ['s', 't']
        Verse 28: No positions found for letters ['a', 'b']
        Verse 30: No positions found for letters ['e', 'f', 'g']
        Verse 35: No positions found for letters ['r', 's']
        Verse 37: No positions found for letters ['u']
        Verse 3: No positions found for letters ['m', 'n', 'o']
        Verse 4: No positions found for letters ['p']
        Verse 13: No positions found for letters ['c', 'd', 'e']
        Verse 2: No positions found for letters ['j', 'k', 'l', 'm']
        Verse 3: No positions found for letters ['n']
          ⚠ Warning: Letter 'o' (cid c44007004.2) not found in raw text
          ⚠ Warning: Letter 'p' (cid c44007004.3) not found in raw text
          ⚠ Warning: Couldn't find word 'rejected' for letter 'q'
          ⚠ Warning: Couldn't find word 'redeemer' for letter 'r'
          ⚠ Warning: Couldn't find word 'with' for letter 'a'
          ⚠ Warning: Couldn't find word 'fathers' for letter 'b'
          ⚠ Warning: Letter 'x' (cid c44007008.3) not found in raw text
          ⚠ Warning: Letter 'y' (cid c44007008.4) not found in raw text
          ⚠ Warning: Couldn't find word 'one' for letter 'z'
        Verse 10: No positions found for letters ['f', 'g']
        Verse 12: No positions found for letters ['i']
        Verse 17: No positions found for letters ['t', 'u']
        Verse 18: No positions found for letters ['v']
        Verse 19: No positions found for letters ['w', 'x']
        Verse 21: No positions found for letters ['z']
        Verse 26: No positions found for letters ['e']
        Verse 30: No positions found for letters ['i', 'j']
        Verse 32: No positions found for letters ['k']
        Verse 34: No positions found for letters ['m', 'n', 'o', 'p']
        Verse 36: No positions found for letters ['s', 't', 'u', 'v', 'w', 'x']
        Verse 43: No positions found for letters ['o']
        Verse 46: No positions found for letters ['v', 'w', 'x']
        Verse 49: No positions found for letters ['b', 'c']
          ⚠ Warning: Letter 'd' (cid c44007051.1) not found in raw text
        Verse 53: No positions found for letters ['j', 'k']
          ⚠ Warning: Couldn't find word 'for' for letter 'g'
        Verse 7: No positions found for letters ['k']
          ⚠ Warning: Couldn't find word 'Jerusalem' for letter 'l'
        Verse 15: No positions found for letters ['y']
        Verse 16: No positions found for letters ['a', 'b', 'z']
          ⚠ Warning: Letter 'o' (cid c44008027.2) not found in raw text
        Verse 33: No positions found for letters ['v']
        Verse 2: No positions found for letters ['e', 'f']
        Verse 6: No positions found for letters ['i', 'j']
        Verse 8: No positions found for letters ['m']
        Verse 12: No positions found for letters ['q']
        Verse 24: No positions found for letters ['q', 'r']
        Verse 25: No positions found for letters ['s']
          ⚠ Warning: Letter 'h' (cid c51001005.1) not found in raw text
        Verse 8: No positions found for letters ['q']
        Verse 22: No positions found for letters ['b', 'c', 'd']
        Verse 27: No positions found for letters ['p', 'q', 'r', 's']
          ⚠ Warning: Letter 'w' (cid c51002001.1) not found in raw text
          ⚠ Warning: Letter 'i' (cid c51002007.1) not found in raw text
          ⚠ Warning: Letter 'j' (cid c51002007.2) not found in raw text
          ⚠ Warning: Couldn't find word 'but' for letter 'l'
          ⚠ Warning: Letter 'm' (cid c51002007.5) not found in raw text
        Verse 13: No positions found for letters ['a', 'b']
          ⚠ Warning: Letter 'p' (cid c51002018.4) not found in raw text
        Verse 21: No positions found for letters ['w']
        Verse 22: No positions found for letters ['x', 'y']
          ⚠ Warning: Couldn't find word 'as' for letter 'e'
        Verse 4: No positions found for letters ['g', 'h', 'i']
          ⚠ Warning: Letter 'l' (cid c51003005.3) not found in raw text
        Verse 7: No positions found for letters ['p']
        Verse 10: No positions found for letters ['a', 'w', 'x', 'y', 'z']
        Verse 23: No positions found for letters ['y', 'z']
        Verse 24: No positions found for letters ['a', 'b']
        Verse 2: No positions found for letters ['c', 'd']
        Verse 6: No positions found for letters ['j', 'k', 'l']
          ⚠ Warning: Letter 'r' (cid c51004010.3) not found in raw text
        Verse 11: No positions found for letters ['s', 't', 'u']
        Verse 12: No positions found for letters ['v', 'w', 'x']
          ⚠ Warning: Couldn't find word 'be' for letter 'd'
        Verse 14: No positions found for letters ['h', 'i', 'j', 'k', 'l']
        Verse 19: No positions found for letters ['u', 'v']
        Verse 20: No positions found for letters ['w', 'x', 'y']
        Verse 21: No positions found for letters ['a', 'b', 'c', 'z']
          ⚠ Warning: Couldn't find word 'for' for letter 'm'
          ⚠ Warning: Couldn't find word 'Christ' for letter 'n'
          ⚠ Warning: Couldn't find word 'For' for letter 'r'
          ⚠ Warning: Couldn't find word 'peace' for letter 's'
          ⚠ Warning: Letter 'v' (cid c49002005.3) not found in raw text
          ⚠ Warning: Couldn't find word 'and' for letter 'x'
          ⚠ Warning: Couldn't find word 'were' for letter 'y'
        Verse 2: No positions found for letters ['q', 'r']
          ⚠ Warning: Letter 'v' (cid c49003004.1) not found in raw text
          ⚠ Warning: Couldn't find word 'whom' for letter 'w'
        Verse 9: No positions found for letters ['i', 'j', 'k']
        Verse 12: No positions found for letters ['q', 'r', 's', 't']
        Verse 15: No positions found for letters ['w']
        Verse 16: No positions found for letters ['x', 'y', 'z']
        Verse 18: No positions found for letters ['d', 'e']
        Verse 19: No positions found for letters ['f', 'g', 'h']
        Verse 20: No positions found for letters ['i', 'j', 'k']
          ⚠ Warning: Letter 'h' (cid c49004009.1) not found in raw text
        Verse 21: No positions found for letters ['m', 'n']
        Verse 27: No positions found for letters ['x']
        Verse 32: No positions found for letters ['h', 'i']
        Verse 2: No positions found for letters ['k', 'l', 'm', 'n', 'o']
          ⚠ Warning: Letter 'v' (cid c49005005.2) not found in raw text
        Verse 15: No positions found for letters ['p']
        Verse 16: No positions found for letters ['p', 'q']
        Verse 27: No positions found for letters ['k', 'l']
        Verse 30: No positions found for letters ['n']
          ⚠ Warning: Letter 'o' (cid c49005031.1) not found in raw text
        Verse 2: No positions found for letters ['t']
          ⚠ Warning: Couldn't find word 'praying' for letter 'y'
          ⚠ Warning: Couldn't find word 'Spirit' for letter 'a'
          ⚠ Warning: Couldn't find word 'times' for letter 'z'
        Verse 15: No positions found for letters ['t']
        Verse 17: No positions found for letters ['s', 'x']
        Verse 19: No positions found for letters ['d', 'e', 'f']
        Verse 20: No positions found for letters ['g', 'h']
        Verse 22: No positions found for letters ['k']
          ⚠ Warning: Letter 'b' (cid c48001001.2) not found in raw text
        Verse 7: No positions found for letters ['o', 'p']
        Verse 8: No positions found for letters ['q', 'r']
        Verse 9: No positions found for letters ['r']
          ⚠ Warning: Letter 't' (cid c48001010.2) not found in raw text
        Verse 12: No positions found for letters ['w', 'x']
        Verse 20: No positions found for letters ['i']
        Verse 21: No positions found for letters ['j']
        Verse 4: No positions found for letters ['q', 'r', 's', 't']
        Verse 5: No positions found for letters ['u']
        Verse 6: No positions found for letters ['v', 'w', 'x']
        Verse 3: No positions found for letters ['d']
        Verse 4: No positions found for letters ['e']
        Verse 5: No positions found for letters ['f', 'g']
        Verse 7: No positions found for letters ['i', 'j']
        Verse 8: No positions found for letters ['k', 'l']
          ⚠ Warning: Letter 'z' (cid c48003015.2) not found in raw text
        Verse 7: No positions found for letters ['k']
        Verse 11: No positions found for letters ['s']
          ⚠ Warning: Letter 't' (cid c48004012.1) not found in raw text
        Verse 14: No positions found for letters ['x', 'y']
        Verse 2: No positions found for letters ['x', 'y']
        Verse 3: No positions found for letters ['z']
        Verse 4: No positions found for letters ['a', 'b', 'c']
        Verse 6: No positions found for letters ['e', 'f']
        Verse 7: No positions found for letters ['g', 'h']
        Verse 8: No positions found for letters ['i']
          ⚠ Warning: Couldn't find word 'control' for letter 'j'
        Verse 10: No positions found for letters ['k', 'l', 'm']
        Verse 12: No positions found for letters ['p']
        Verse 23: No positions found for letters ['h', 'i', 'j']
          ⚠ Warning: Letter 'o' (cid c48006001.1) not found in raw text
        Verse 4: No positions found for letters ['w']
        Verse 5: No positions found for letters ['x']
        Verse 6: No positions found for letters ['y']
        Verse 8: No positions found for letters ['b', 'c', 'd']
        Verse 12: No positions found for letters ['k', 'l', 'm']
        Verse 9: No positions found for letters ['s', 't']
        Verse 12: No positions found for letters ['v']
          ⚠ Warning: Couldn't find word 'for' for letter 'y'
          ⚠ Warning: Letter 'z' (cid c58010003.2) not found in raw text
          ⚠ Warning: Couldn't find word 'For' for letter 'd'
        Verse 13: No positions found for letters ['l']
        Verse 16: No positions found for letters ['n']
        Verse 17: No positions found for letters ['o']
        Verse 27: No positions found for letters ['g', 'h']
        Verse 31: No positions found for letters ['q']
        Verse 33: No positions found for letters ['t']
        Verse 38: No positions found for letters ['d']
          ⚠ Warning: Couldn't find word 'sword' for letter 's'
          ⚠ Warning: Letter 't' (cid c58011009.2) not found in raw text
          ⚠ Warning: Couldn't find word 'these' for letter 'u'
        Verse 18: No positions found for letters ['k']
        Verse 19: No positions found for letters ['l']
        Verse 25: No positions found for letters ['t', 'u']
        Verse 26: No positions found for letters ['v', 'w']
          ⚠ Warning: Letter 'r' (cid c58011037.2) not found in raw text
        Verse 38: No positions found for letters ['t']
        Verse 40: No positions found for letters ['v']
        Verse 6: No positions found for letters ['h']
          ⚠ Warning: Couldn't find word 'to' for letter 'j'
        Verse 11: No positions found for letters ['n', 'o']
        Verse 13: No positions found for letters ['q', 'r']
        Verse 19: No positions found for letters ['a', 'b']
        Verse 29: No positions found for letters ['t']
        Verse 19: No positions found for letters ['c']
        Verse 21: No positions found for letters ['h', 'i', 'j']
        Verse 22: No positions found for letters ['k']
        Verse 15: No positions found for letters ['l']
        Verse 2: No positions found for letters ['t']
        Verse 4: No positions found for letters ['u']
        Verse 5: No positions found for letters ['v', 'w', 'x']
        Verse 9: No positions found for letters ['c']
        Verse 11: No positions found for letters ['d']
  Progress: 100 files, 1765 verses, 3661 crossrefs
        Verse 4: No positions found for letters ['q']
        Verse 5: No positions found for letters ['r']
        Verse 7: No positions found for letters ['t']
        Verse 10: No positions found for letters ['u']
        Verse 2: No positions found for letters ['m', 'n']
        Verse 6: No positions found for letters ['t']
        Verse 10: No positions found for letters ['b']
        Verse 13: No positions found for letters ['f']
        Verse 2: No positions found for letters ['l', 'm', 'n', 'o']
          ⚠ Warning: Couldn't find word 'behalf' for letter 'p'
        Verse 12: No positions found for letters ['d']
        Verse 14: No positions found for letters ['f']
        Verse 15: No positions found for letters ['g']
        Verse 18: No positions found for letters ['l', 'm']
        Verse 20: No positions found for letters ['o', 'p']
        Verse 6: No positions found for letters ['w', 'x']
        Verse 19: No positions found for letters ['e', 'f', 'g']
        Verse 21: No positions found for letters ['h']
        Verse 24: No positions found for letters ['j']
          ⚠ Warning: Letter 'k' (cid c58007025.1) not found in raw text
        Verse 2: No positions found for letters ['v', 'w']
        Verse 8: No positions found for letters ['g']
        Verse 10: No positions found for letters ['h', 'i']
        Verse 11: No positions found for letters ['j']
        Verse 12: No positions found for letters ['k']
          ⚠ Warning: Couldn't find word 'blood' for letter 'n'
          ⚠ Warning: Letter 'o' (cid c58009002.2) not found in raw text
          ⚠ Warning: Letter 'p' (cid c58009002.3) not found in raw text
          ⚠ Warning: Letter 'q' (cid c58009002.4) not found in raw text
        Verse 3: No positions found for letters ['r']
          ⚠ Warning: Couldn't find word 'may' for letter 'x'
          ⚠ Warning: Couldn't find word 'inheritance' for letter 'y'
          ⚠ Warning: Letter 'i' (cid c58009011.3) not found in raw text
        Verse 20: No positions found for letters ['d']
        Verse 26: No positions found for letters ['l', 'm', 'n']
        Verse 28: No positions found for letters ['q', 'r', 's', 't', 'u']
        Verse 8: No positions found for letters ['p', 'q']
        Verse 10: No positions found for letters ['r', 's']
          ⚠ Warning: Letter 'w' (cid c59002001.1) not found in raw text
        Verse 3: No positions found for letters ['y']
        Verse 4: No positions found for letters ['z']
        Verse 7: No positions found for letters ['h']
        Verse 16: No positions found for letters ['q']
          ⚠ Warning: Letter 'z' (cid c59002023.2) not found in raw text
        Verse 6: No positions found for letters ['i', 'j']
        Verse 8: No positions found for letters ['k']
        Verse 9: No positions found for letters ['k']
        Verse 3: No positions found for letters ['a', 'b']
        Verse 9: No positions found for letters ['n', 'o', 'p']
        Verse 18: No positions found for letters ['e']
        Verse 5: No positions found for letters ['h']
          ⚠ Warning: Couldn't find word 'Moses' for letter 'k'
          ⚠ Warning: Couldn't find word 'God' for letter 'm'
          ⚠ Warning: Couldn't find word 'of' for letter 'n'
          ⚠ Warning: Letter 'r' (cid c43001011.3) not found in raw text
        Verse 13: No positions found for letters ['w', 'x', 'y']
          ⚠ Warning: Letter 'f' (cid c43001015.1) not found in raw text
          ⚠ Warning: Letter 'n' (cid c43001018.3) not found in raw text
        Verse 27: No positions found for letters ['w']
        Verse 33: No positions found for letters ['f', 'g', 'h']
        Verse 5: No positions found for letters ['y']
        Verse 6: No positions found for letters ['a', 'z']
        Verse 14: No positions found for letters ['m', 'n', 'o']
        Verse 15: No positions found for letters ['p', 'q']
        Verse 18: No positions found for letters ['a', 'b', 'c', 'y', 'z']
        Verse 19: No positions found for letters ['d']
        Verse 27: No positions found for letters ['n']
        Verse 28: No positions found for letters ['o', 'p', 'q']
          ⚠ Warning: Letter 's' (cid c43010029.2) not found in raw text
        Verse 38: No positions found for letters ['f', 'g']
        Verse 39: No positions found for letters ['h']
        Verse 2: No positions found for letters ['m']
        Verse 3: No positions found for letters ['n']
        Verse 6: No positions found for letters ['r']
        Verse 7: No positions found for letters ['s']
        Verse 8: No positions found for letters ['t', 'u']
        Verse 19: No positions found for letters ['c']
        Verse 20: No positions found for letters ['d']
        Verse 42: No positions found for letters ['h', 'i', 'j']
        Verse 45: No positions found for letters ['n', 'o', 'p']
        Verse 56: No positions found for letters ['h']
          ⚠ Warning: Couldn't find word 'become' for letter 'n'
          ⚠ Warning: Couldn't find word '38' for letter 'o'
        Verse 10: No positions found for letters ['p']
          ⚠ Warning: Couldn't find word 'Then' for letter 'w'
        Verse 16: No positions found for letters ['x', 'y', 'z']
        Verse 17: No positions found for letters ['a']
        Verse 27: No positions found for letters ['s', 't', 'u', 'v']
        Verse 38: No positions found for letters ['o', 'p']
        Verse 40: No positions found for letters ['r', 's']
        Verse 43: No positions found for letters ['y']
        Verse 46: No positions found for letters ['d']
        Verse 48: No positions found for letters ['h', 'i', 'j']
        Verse 3: No positions found for letters ['u', 'v', 'w']
        Verse 4: No positions found for letters ['x']
        Verse 7: No positions found for letters ['a', 'z']
        Verse 11: No positions found for letters ['g']
        Verse 13: No positions found for letters ['j', 'k']
          ⚠ Warning: Letter 's' (cid c43013018.4) not found in raw text
        Verse 22: No positions found for letters ['y']
        Verse 25: No positions found for letters ['b', 'c']
        Verse 35: No positions found for letters ['x']
          ⚠ Warning: Letter 'y' (cid c43013036.2) not found in raw text
        Verse 37: No positions found for letters ['b']
          ⚠ Warning: Letter 'd' (cid c43014001.1) not found in raw text
        Verse 3: No positions found for letters ['h', 'i']
        Verse 5: No positions found for letters ['j', 'k']
        Verse 7: No positions found for letters ['o', 'p', 'q']
          ⚠ Warning: Letter 'b' (cid c43014015.1) not found in raw text
        Verse 17: No positions found for letters ['e', 'f', 'g']
        Verse 19: No positions found for letters ['i', 'j', 'k']
        Verse 20: No positions found for letters ['l', 'm', 'n', 'o']
        Verse 8: No positions found for letters ['g', 'h']
          ⚠ Warning: Couldn't find word 'peace' for letter 'i'
          ⚠ Warning: Letter 'o' (cid c43015011.2) not found in raw text
        Verse 12: No positions found for letters ['p']
        Verse 15: No positions found for letters ['u', 'w', 'x', 'y']
          ⚠ Warning: Couldn't find word 'Behold' for letter 'd'
        Verse 19: No positions found for letters ['e', 'f']
        Verse 23: No positions found for letters ['n']
        Verse 24: No positions found for letters ['m', 'o', 'p']
        Verse 3: No positions found for letters ['t', 'u', 'v', 'w', 'x']
        Verse 4: No positions found for letters ['y', 'z']
          ⚠ Warning: Letter 'd' (cid c43017006.1) not found in raw text
        Verse 7: No positions found for letters ['f']
        Verse 8: No positions found for letters ['g', 'h', 'i']
        Verse 10: No positions found for letters ['m', 'n']
        Verse 20: No positions found for letters ['r', 's']
        Verse 23: No positions found for letters ['a', 'b', 'c', 'd', 'z']
        Verse 25: No positions found for letters ['i', 'j']
        Verse 2: No positions found for letters ['p', 'q']
        Verse 4: No positions found for letters ['s', 't']
        Verse 7: No positions found for letters ['t']
        Verse 9: No positions found for letters ['v']
        Verse 16: No positions found for letters ['d']
        Verse 17: No positions found for letters ['e']
        Verse 25: No positions found for letters ['m']
          ⚠ Warning: Letter 'i' (cid c43018037.4) not found in raw text
        Verse 4: No positions found for letters ['s']
          ⚠ Warning: Letter 'v' (cid c43019024.1) not found in raw text
          ⚠ Warning: Letter 'c' (cid c43019028.2) not found in raw text
          ⚠ Warning: Letter 'v' (cid c43019028.3) not found in raw text
        Verse 29: No positions found for letters ['d']
        Verse 35: No positions found for letters ['l', 'm', 'n']
        Verse 39: No positions found for letters ['u', 'v', 'w']
          ⚠ Warning: Letter 'z' (cid c43019041.3) not found in raw text
        Verse 2: No positions found for letters ['j']
        Verse 9: No positions found for letters ['p']
        Verse 25: No positions found for letters ['g']
        Verse 3: No positions found for letters ['i']
          ⚠ Warning: Couldn't find word 'them' for letter 'm'
          ⚠ Warning: Letter 'n' (cid c43020009.2) not found in raw text
        Verse 16: No positions found for letters ['x']
        Verse 31: No positions found for letters ['a', 'w', 'x', 'y', 'z']
        Verse 4: No positions found for letters ['i']
        Verse 5: No positions found for letters ['j']
        Verse 6: No positions found for letters ['k']
        Verse 14: No positions found for letters ['t']
        Verse 19: No positions found for letters ['f', 'g']
          ⚠ Warning: Letter 'j' (cid c43003002.1) not found in raw text
        Verse 5: No positions found for letters ['q']
        Verse 6: No positions found for letters ['r', 's']
        Verse 8: No positions found for letters ['v', 'w']
          ⚠ Warning: Couldn't find word 'and' for letter 'x'
        Verse 15: No positions found for letters ['f', 'g']
          ⚠ Warning: Letter 'j' (cid c43003016.3) not found in raw text
          ⚠ Warning: Couldn't find word 'that' for letter 't'
          ⚠ Warning: Couldn't find word 'is' for letter 'u'
          ⚠ Warning: Couldn't find word 'her' for letter 'v'
          ⚠ Warning: Couldn't find word 'me' for letter 'w'
        Verse 24: No positions found for letters ['y']
        Verse 25: No positions found for letters ['z']
        Verse 30: No positions found for letters ['l']
        Verse 31: No positions found for letters ['m', 'n', 'o', 'p']
        Verse 1: No positions found for letters ['o']
          ⚠ Warning: Couldn't find word 'that' for letter 'r'
          ⚠ Warning: Couldn't find word 'you' for letter 'r'
        Verse 29: No positions found for letters ['c']
          ⚠ Warning: Letter 'd' (cid c43005030.1) not found in raw text
        Verse 38: No positions found for letters ['u']
        Verse 40: No positions found for letters ['x']
        Verse 41: No positions found for letters ['y']
        Verse 4: No positions found for letters ['n', 'o']
        Verse 5: No positions found for letters ['p', 'q']
        Verse 8: No positions found for letters ['s']
          ⚠ Warning: Couldn't find word 'be' for letter 't'
        Verse 10: No positions found for letters ['u']
        Verse 22: No positions found for letters ['d']
        Verse 24: No positions found for letters ['f', 'g']
          ⚠ Warning: Couldn't find word 'crowd' for letter 'p'
        Verse 30: No positions found for letters ['s']
          ⚠ Warning: Couldn't find word 'but' for letter 'w'
          ⚠ Warning: Couldn't find word 'said' for letter 'c'
          ⚠ Warning: Letter 'e' (cid c43006038.3) not found in raw text
        Verse 41: No positions found for letters ['m']
          ⚠ Warning: Letter 't' (cid c43006045.2) not found in raw text
          ⚠ Warning: Letter 'u' (cid c43006045.3) not found in raw text
        Verse 47: No positions found for letters ['y']
        Verse 48: No positions found for letters ['z']
        Verse 49: No positions found for letters ['a', 'b']
          ⚠ Warning: Couldn't find word '5Now' for letter 'd'
          ⚠ Warning: Couldn't find word 'them' for letter 'h'
          ⚠ Warning: Couldn't find word 'you' for letter 'i'
        Verse 56: No positions found for letters ['n']
        Verse 58: No positions found for letters ['r']
        Verse 66: No positions found for letters ['f']
        Verse 1: No positions found for letters ['p']
        Verse 4: No positions found for letters ['t']
        Verse 11: No positions found for letters ['b', 'c']
        Verse 17: No positions found for letters ['l', 'm', 'n']
        Verse 19: No positions found for letters ['p', 'q']
        Verse 24: No positions found for letters ['w']
        Verse 29: No positions found for letters ['h', 'i', 'j']
        Verse 34: No positions found for letters ['t']
        Verse 44: No positions found for letters ['r']
        Verse 48: No positions found for letters ['v']
        Verse 51: No positions found for letters ['x', 'y']
        Verse 3: No positions found for letters ['h', 'i', 'j']
          ⚠ Warning: Couldn't find word 'Jacob' for letter 'k'
          ⚠ Warning: Letter 'l' (cid c42001004.2) not found in raw text
          ⚠ Warning: Letter 'n' (cid c42001005.2) not found in raw text
          ⚠ Warning: Couldn't find word 'am' for letter 'p'
          ⚠ Warning: Couldn't find word 'Gabriel' for letter 'q'
        Verse 7: No positions found for letters ['r', 's']
        Verse 8: No positions found for letters ['t', 'u']
          ⚠ Warning: Couldn't find word 'me' for letter 'w'
        Verse 17: No positions found for letters ['j', 'k', 'l', 'm', 'n']
        Verse 25: No positions found for letters ['w']
        Verse 33: No positions found for letters ['k']
          ⚠ Warning: Letter 'n' (cid c42001035.4) not found in raw text
        Verse 42: No positions found for letters ['t', 'u', 'v']
        Verse 47: No positions found for letters ['b', 'c', 'z']
        Verse 49: No positions found for letters ['f', 'g', 'h']
        Verse 51: No positions found for letters ['j', 'k']
        Verse 52: No positions found for letters ['j', 'l']
        Verse 53: No positions found for letters ['m', 'n']
        Verse 54: No positions found for letters ['o', 'p', 'q']
        Verse 55: No positions found for letters ['q', 'r']
        Verse 64: No positions found for letters ['x', 'y', 'z']
        Verse 66: No positions found for letters ['c', 'd']
          ⚠ Warning: Letter 'g' (cid c42001068.1) not found in raw text
        Verse 71: No positions found for letters ['p']
        Verse 72: No positions found for letters ['q', 'r', 's']
        Verse 73: No positions found for letters ['t']
        Verse 74: No positions found for letters ['u']
        Verse 75: No positions found for letters ['v', 'w']
        Verse 77: No positions found for letters ['a']
          ⚠ Warning: Letter 'e' (cid c42001078.4) not found in raw text
        Verse 79: No positions found for letters ['f', 'g', 'h', 'i']
        Verse 2: No positions found for letters ['a', 'z']
          ⚠ Warning: Letter 'i' (cid c42010011.1) not found in raw text
          ⚠ Warning: Couldn't find word 'privately' for letter 'm'
        Verse 14: No positions found for letters ['n', 'o']
          ⚠ Warning: Couldn't find word 'to' for letter 'r'
        Verse 17: No positions found for letters ['u', 'v']
          ⚠ Warning: Letter 'p' (cid c42010025.2) not found in raw text
        Verse 31: No positions found for letters ['x']
        Verse 33: No positions found for letters ['y']
        Verse 42: No positions found for letters ['f']
        Verse 14: No positions found for letters ['y']
          ⚠ Warning: Letter 'm' (cid c42011024.1) not found in raw text
        Verse 33: No positions found for letters ['d']
        Verse 35: No positions found for letters ['e']
        Verse 40: No positions found for letters ['j', 'l']
          ⚠ Warning: Letter 'o' (cid c42011042.1) not found in raw text
        Verse 48: No positions found for letters ['a', 'b', 'z']
        Verse 50: No positions found for letters ['h', 'i', 'j']
        Verse 51: No positions found for letters ['j', 'k', 'l', 'm']
        Verse 54: No positions found for letters ['r', 's']
        Verse 3: No positions found for letters ['y', 'z']
        Verse 4: No positions found for letters ['a']
          ⚠ Warning: Letter 'd' (cid c42012007.1) not found in raw text
        Verse 8: No positions found for letters ['f', 'g']
        Verse 12: No positions found for letters ['r']
        Verse 17: No positions found for letters ['x']
        Verse 24: No positions found for letters ['h', 'i']
        Verse 32: No positions found for letters ['r', 's', 't', 'u']
        Verse 34: No positions found for letters ['z']
          ⚠ Warning: Couldn't find word 'on' for letter 'a'
        Verse 36: No positions found for letters ['c', 'd']
        Verse 39: No positions found for letters ['h', 'i']
        Verse 43: No positions found for letters ['o']
        Verse 46: No positions found for letters ['s']
        Verse 47: No positions found for letters ['t', 'u', 'v', 'w']
        Verse 48: No positions found for letters ['x', 'y', 'z']
          ⚠ Warning: Couldn't find word 'have' for letter 'a'
        Verse 50: No positions found for letters ['b', 'c']
        Verse 51: No positions found for letters ['d', 'e']
        Verse 58: No positions found for letters ['m']
        Verse 59: No positions found for letters ['n', 'o']
        Verse 2: No positions found for letters ['q']
        Verse 3: No positions found for letters ['r']
        Verse 4: No positions found for letters ['s']
        Verse 5: No positions found for letters ['r']
        Verse 7: No positions found for letters ['u']
        Verse 16: No positions found for letters ['d', 'e']
        Verse 18: No positions found for letters ['h']
        Verse 22: No positions found for letters ['m', 'n']
          ⚠ Warning: Letter 'p' (cid c42013024.1) not found in raw text
        Verse 26: No positions found for letters ['u']
          ⚠ Warning: Letter 'd' (cid c42015004.1) not found in raw text
        Verse 18: No positions found for letters ['s', 't']
        Verse 19: No positions found for letters ['u']
        Verse 2: No positions found for letters ['k']
        Verse 10: No positions found for letters ['q', 'r']
        Verse 15: No positions found for letters ['w', 'x', 'y']
          ⚠ Warning: Letter 'z' (cid c42016016.3) not found in raw text
        Verse 18: No positions found for letters ['d']
        Verse 20: No positions found for letters ['g']
          ⚠ Warning: Couldn't find word 'day' for letter 'j'
          ⚠ Warning: Couldn't find word 'on' for letter 'k'
          ⚠ Warning: Letter 'l' (cid c42016023.3) not found in raw text
        Verse 31: No positions found for letters ['q', 't']
        Verse 4: No positions found for letters ['u']
          ⚠ Warning: Letter 'z' (cid c42018007.5) not found in raw text
          ⚠ Warning: Couldn't find word 'enter' for letter 'c'
          ⚠ Warning: Couldn't find word 'said' for letter 'd'
          ⚠ Warning: Couldn't find word 'See' for letter 'e'
          ⚠ Warning: Letter 'h' (cid c42018011.2) not found in raw text
        Verse 17: No positions found for letters ['s', 't']
        Verse 30: No positions found for letters ['g', 'h', 'i']
        Verse 41: No positions found for letters ['x']
        Verse 3: No positions found for letters ['d']
        Verse 4: No positions found for letters ['e']
        Verse 5: No positions found for letters ['f']
        Verse 6: No positions found for letters ['g']
          ⚠ Warning: Letter 'k' (cid c42019037.1) not found in raw text
        Verse 44: No positions found for letters ['a', 'b', 'y', 'z']
        Verse 46: No positions found for letters ['d', 'e']
        Verse 47: No positions found for letters ['f', 'g']
        Verse 4: No positions found for letters ['p', 'q', 'r', 's', 't']
          ⚠ Warning: Letter 'i' (cid c42002014.1) not found in raw text
        Verse 23: No positions found for letters ['t', 'u']
        Verse 28: No positions found for letters ['d']
        Verse 29: No positions found for letters ['e', 'f']
        Verse 31: No positions found for letters ['i']
        Verse 32: No positions found for letters ['j', 'k', 'l']
        Verse 37: No positions found for letters ['q', 'r']
        Verse 2: No positions found for letters ['k']
        Verse 4: No positions found for letters ['l']
        Verse 5: No positions found for letters ['m']
        Verse 6: No positions found for letters ['n']
        Verse 11: No positions found for letters ['s', 't', 'u']
        Verse 12: No positions found for letters ['s']
        Verse 19: No positions found for letters ['h']
        Verse 24: No positions found for letters ['t']
        Verse 35: No positions found for letters ['b', 'c', 'd']
        Verse 43: No positions found for letters ['s']
        Verse 46: No positions found for letters ['v']
        Verse 47: No positions found for letters ['w', 'x']
          ⚠ Warning: Couldn't find word 'minds' for letter 'b'
        Verse 3: No positions found for letters ['c']
          ⚠ Warning: Couldn't find word 'and' for letter 'd'
          ⚠ Warning: Couldn't find word 'or' for letter 'e'
          ⚠ Warning: Couldn't find word '17' for letter 'g'
        Verse 8: No positions found for letters ['i', 'j', 'k', 'l']
          ⚠ Warning: Couldn't find word 'fulfill' for letter 'n'
        Verse 13: No positions found for letters ['a']
        Verse 15: No positions found for letters ['c', 'd', 'e']
        Verse 17: No positions found for letters ['g']
        Verse 26: No positions found for letters ['w']
        Verse 6: No positions found for letters ['y']
        Verse 11: No positions found for letters ['b', 'c']
        Verse 16: No positions found for letters ['g']
        Verse 18: No positions found for letters ['g', 'i']
        Verse 25: No positions found for letters ['r', 's']
        Verse 26: No positions found for letters ['s', 't']
        Verse 28: No positions found for letters ['w']
        Verse 29: No positions found for letters ['x']
          ⚠ Warning: Letter 'c' (cid c42022031.2) not found in raw text
        Verse 39: No positions found for letters ['o', 'p', 'q']
        Verse 46: No positions found for letters ['a']
        Verse 55: No positions found for letters ['k', 'l']
        Verse 64: No positions found for letters ['q', 'r']
          ⚠ Warning: Letter 'x' (cid c42022067.1) not found in raw text
        Verse 5: No positions found for letters ['l']
        Verse 8: No positions found for letters ['n', 'o', 'p']
        Verse 16: No positions found for letters ['z']
        Verse 19: No positions found for letters ['c']
        Verse 30: No positions found for letters ['m']
        Verse 37: No positions found for letters ['e', 'f']
        Verse 45: No positions found for letters ['n']
        Verse 51: No positions found for letters ['z']
        Verse 2: No positions found for letters ['j']
        Verse 11: No positions found for letters ['v']
        Verse 20: No positions found for letters ['c', 'd']
        Verse 23: No positions found for letters ['h', 'i']
        Verse 29: No positions found for letters ['r']
          ⚠ Warning: Couldn't find word 'Then' for letter 'z'
        Verse 53: No positions found for letters ['e', 'f']
        Verse 5: No positions found for letters ['x', 'y', 'z']
          ⚠ Warning: Couldn't find word 'proverb' for letter 'm'
        Verse 20: No positions found for letters ['b']
        Verse 27: No positions found for letters ['k', 'l']
        Verse 31: No positions found for letters ['m']
        Verse 32: No positions found for letters ['n']
        Verse 34: No positions found for letters ['o', 'p', 'q', 'r']
        Verse 2: No positions found for letters ['v', 'w']
        Verse 4: No positions found for letters ['y']
        Verse 5: No positions found for letters ['z']
          ⚠ Warning: Couldn't find word 'Heals' for letter 'a'
        Verse 7: No positions found for letters ['b']
        Verse 18: No positions found for letters ['q', 'r']
        Verse 32: No positions found for letters ['i', 'j', 'k']
        Verse 4: No positions found for letters ['y']
          ⚠ Warning: Couldn't find word 'became' for letter 'a'
          ⚠ Warning: Letter 'b' (cid c42006006.2) not found in raw text
          ⚠ Warning: Couldn't find word 'for' for letter 'f'
          ⚠ Warning: Couldn't find word 'But' for letter 'c'
        Verse 22: No positions found for letters ['e', 'f', 'g', 'h']
        Verse 23: No positions found for letters ['i', 'j']
          ⚠ Warning: Letter 'k' (cid c42006024.1) not found in raw text
        Verse 27: No positions found for letters ['s', 't']
        Verse 32: No positions found for letters ['z']
        Verse 36: No positions found for letters ['g', 'h']
          ⚠ Warning: Couldn't find word 'i' for letter 'j'
        Verse 38: No positions found for letters ['k', 'l', 'm']
        Verse 44: No positions found for letters ['s']
        Verse 45: No positions found for letters ['t', 'u', 'v']
        Verse 46: No positions found for letters ['w', 'x']
        Verse 47: No positions found for letters ['y']
        Verse 49: No positions found for letters ['a', 'z']
        Verse 4: No positions found for letters ['d']
        Verse 5: No positions found for letters ['e']
        Verse 6: No positions found for letters ['f']
        Verse 15: No positions found for letters ['o']
          ⚠ Warning: Couldn't find word 's' for letter 't'
          ⚠ Warning: Couldn't find word 'sins' for letter 'i'
        Verse 30: No positions found for letters ['l', 'm', 'n', 'o']
        Verse 38: No positions found for letters ['w']
        Verse 45: No positions found for letters ['f', 'g']
        Verse 46: No positions found for letters ['h']
        Verse 5: No positions found for letters ['u']
          ⚠ Warning: Couldn't find word 'of' for letter 'v'
        Verse 7: No positions found for letters ['w']
        Verse 8: No positions found for letters ['x', 'y']
        Verse 11: No positions found for letters ['c', 'd']
          ⚠ Warning: Couldn't find word 'm' for letter 'n'
        Verse 17: No positions found for letters ['o']
        Verse 18: No positions found for letters ['p', 'q']
        Verse 23: No positions found for letters ['v']
        Verse 26: No positions found for letters ['b']
        Verse 39: No positions found for letters ['n']
        Verse 42: No positions found for letters ['r', 's']
          ⚠ Warning: Letter 'o' (cid c42009002.2) not found in raw text
        Verse 6: No positions found for letters ['u']
        Verse 8: No positions found for letters ['x']
        Verse 22: No positions found for letters ['o', 'p', 'q', 'r', 's']
        Verse 25: No positions found for letters ['w']
          ⚠ Warning: Letter 'l' (cid c42009033.2) not found in raw text
          ⚠ Warning: Letter 'o' (cid c42009035.3) not found in raw text
        Verse 37: No positions found for letters ['q']
        Verse 44: No positions found for letters ['z']
          ⚠ Warning: Letter 'c' (cid c41001002.2) not found in raw text
          ⚠ Warning: Couldn't find word 'and' for letter 'd'
          ⚠ Warning: Couldn't find word 'him' for letter 'e'
        Verse 8: No positions found for letters ['p', 'q']
        Verse 13: No positions found for letters ['a', 'b', 'y', 'z']
        Verse 15: No positions found for letters ['e', 'f', 'g']
        Verse 21: No positions found for letters ['j', 'k', 'l']
        Verse 24: No positions found for letters ['n', 'o', 'p']
        Verse 29: No positions found for letters ['v', 'w']
        Verse 34: No positions found for letters ['a', 'b']
        Verse 35: No positions found for letters ['c', 'd']
        Verse 37: No positions found for letters ['e']
        Verse 39: No positions found for letters ['g', 'h']
  Progress: 150 files, 3084 verses, 6177 crossrefs
        Verse 5: No positions found for letters ['e']
        Verse 6: No positions found for letters ['f', 'g']
        Verse 7: No positions found for letters ['h']
        Verse 8: No positions found for letters ['i']
          ⚠ Warning: Couldn't find word 'Children' for letter 'j'
        Verse 15: No positions found for letters ['q', 'r']
        Verse 30: No positions found for letters ['p', 'q', 'r']
        Verse 33: No positions found for letters ['w', 'x', 'y']
        Verse 44: No positions found for letters ['t']
        Verse 19: No positions found for letters ['h']
        Verse 23: No positions found for letters ['l', 'm', 'n', 'o']
        Verse 27: No positions found for letters ['v']
          ⚠ Warning: Letter 'z' (cid c41011032.2) not found in raw text
        Verse 4: No positions found for letters ['g', 'h', 'i', 'j']
        Verse 5: No positions found for letters ['g']
          ⚠ Warning: Couldn't find word 'nor' for letter 'o'
        Verse 19: No positions found for letters ['m']
        Verse 31: No positions found for letters ['x', 'y', 'z']
        Verse 34: No positions found for letters ['e']
        Verse 39: No positions found for letters ['o']
        Verse 40: No positions found for letters ['p', 'q']
        Verse 41: No positions found for letters ['r', 's', 't']
        Verse 6: No positions found for letters ['g', 'h']
          ⚠ Warning: Couldn't find word 'wonders' for letter 'p'
          ⚠ Warning: Couldn't find word 'possible' for letter 'q'
          ⚠ Warning: Couldn't find word '23But' for letter 'r'
          ⚠ Warning: Couldn't find word 'after' for letter 't'
        Verse 12: No positions found for letters ['y']
        Verse 13: No positions found for letters ['a', 'z']
          ⚠ Warning: Couldn't find word 'from' for letter 'c'
        Verse 15: No positions found for letters ['d', 'e']
        Verse 25: No positions found for letters ['v']
        Verse 34: No positions found for letters ['n', 'o', 'p', 'q']
        Verse 35: No positions found for letters ['r', 's', 't', 'u']
        Verse 36: No positions found for letters ['v', 'w']
        Verse 2: No positions found for letters ['a']
        Verse 5: No positions found for letters ['d', 'e']
        Verse 7: No positions found for letters ['f', 'g', 'h']
        Verse 8: No positions found for letters ['i', 'j']
          ⚠ Warning: Couldn't find word 'come' for letter 'k'
        Verse 14: No positions found for letters ['t', 'u']
        Verse 29: No positions found for letters ['o']
        Verse 49: No positions found for letters ['q', 'r', 's']
        Verse 54: No positions found for letters ['a', 'b', 'w', 'x', 'y', 'z']
          ⚠ Warning: Letter 'e' (cid c41014058.1) not found in raw text
        Verse 66: No positions found for letters ['w']
        Verse 67: No positions found for letters ['x']
        Verse 4: No positions found for letters ['l']
          ⚠ Warning: Couldn't find word 'saying' for letter 'n'
          ⚠ Warning: Couldn't find word 'Aha' for letter 'o'
        Verse 22: No positions found for letters ['e']
          ⚠ Warning: Letter 'u' (cid c41015032.4) not found in raw text
        Verse 47: No positions found for letters ['t']
          ⚠ Warning: Couldn't find word 'u' for letter 'v'
        Verse 4: No positions found for letters ['z']
        Verse 10: No positions found for letters ['h', 'i', 'j']
        Verse 12: No positions found for letters ['l', 'm', 'n']
        Verse 13: No positions found for letters ['o']
        Verse 16: No positions found for letters ['w', 'x', 'y', 'z']
        Verse 18: No positions found for letters ['d', 'e', 'f']
        Verse 3: No positions found for letters ['u']
        Verse 7: No positions found for letters ['y', 'z']
        Verse 13: No positions found for letters ['d']
          ⚠ Warning: Letter 'g' (cid c41002016.1) not found in raw text
        Verse 20: No positions found for letters ['o', 'p']
          ⚠ Warning: Couldn't find word '31' for letter 'q'
        Verse 26: No positions found for letters ['x', 'y']
        Verse 2: No positions found for letters ['x']
          ⚠ Warning: Couldn't find word 'if' for letter 'a'
          ⚠ Warning: Letter 'z' (cid c41004006.2) not found in raw text
        Verse 7: No positions found for letters ['b']
        Verse 14: No positions found for letters ['m', 'n']
        Verse 19: No positions found for letters ['r', 's', 't']
        Verse 22: No positions found for letters ['y']
        Verse 25: No positions found for letters ['b']
        Verse 31: No positions found for letters ['g']
        Verse 33: No positions found for letters ['h', 'i', 'j']
        Verse 35: No positions found for letters ['n']
        Verse 41: No positions found for letters ['s', 't']
        Verse 6: No positions found for letters ['m', 'n']
        Verse 9: No positions found for letters ['p']
        Verse 12: No positions found for letters ['s', 't', 'u']
        Verse 15: No positions found for letters ['x', 'y']
        Verse 20: No positions found for letters ['c', 'd']
          ⚠ Warning: Couldn't find word 'i' for letter 'j'
        Verse 32: No positions found for letters ['l', 'm']
        Verse 50: No positions found for letters ['d', 'e']
        Verse 52: No positions found for letters ['f', 'g']
        Verse 55: No positions found for letters ['k', 'l']
        Verse 2: No positions found for letters ['r']
        Verse 3: No positions found for letters ['s', 't']
        Verse 4: No positions found for letters ['u', 'v']
        Verse 6: No positions found for letters ['x', 'y']
        Verse 7: No positions found for letters ['z']
        Verse 13: No positions found for letters ['d']
          ⚠ Warning: Letter 'k' (cid c41007019.2) not found in raw text
        Verse 22: No positions found for letters ['n', 'o', 'p', 'q', 'r']
        Verse 23: No positions found for letters ['s']
          ⚠ Warning: Letter 'u' (cid c41007026.2) not found in raw text
        Verse 35: No positions found for letters ['d']
        Verse 2: No positions found for letters ['m']
        Verse 7: No positions found for letters ['p']
        Verse 18: No positions found for letters ['g']
        Verse 20: No positions found for letters ['i']
        Verse 30: No positions found for letters ['t']
        Verse 36: No positions found for letters ['f']
        Verse 6: No positions found for letters ['u']
          ⚠ Warning: Letter 'x' (cid c41009007.3) not found in raw text
        Verse 14: No positions found for letters ['j']
          ⚠ Warning: Letter 'q' (cid c41009023.2) not found in raw text
        Verse 31: No positions found for letters ['x']
        Verse 37: No positions found for letters ['e']
        Verse 38: No positions found for letters ['f', 'g', 'h']
          ⚠ Warning: Letter 'k' (cid c41009042.1) not found in raw text
          ⚠ Warning: Letter 'm' (cid c41009042.3) not found in raw text
        Verse 45: No positions found for letters ['o', 'q']
        Verse 47: No positions found for letters ['r', 's']
        Verse 48: No positions found for letters ['t']
        Verse 2: No positions found for letters ['d', 'e', 'f']
        Verse 5: No positions found for letters ['h']
        Verse 7: No positions found for letters ['l']
        Verse 8: No positions found for letters ['m']
        Verse 11: No positions found for letters ['n', 'o']
          ⚠ Warning: Letter 'd' (cid c40001023.1) not found in raw text
        Verse 25: No positions found for letters ['g']
        Verse 8: No positions found for letters ['e', 'f']
        Verse 10: No positions found for letters ['h']
          ⚠ Warning: Letter 'o' (cid c40010016.1) not found in raw text
        Verse 18: No positions found for letters ['r', 't']
        Verse 19: No positions found for letters ['r', 'u', 'v', 'w']
        Verse 20: No positions found for letters ['x', 'y']
        Verse 21: No positions found for letters ['z']
        Verse 24: No positions found for letters ['f']
        Verse 26: No positions found for letters ['i']
        Verse 32: No positions found for letters ['o']
        Verse 33: No positions found for letters ['p', 'q']
          ⚠ Warning: Couldn't find word '35' for letter 'r'
        Verse 35: No positions found for letters ['r', 't']
        Verse 36: No positions found for letters ['u']
        Verse 37: No positions found for letters ['v']
        Verse 39: No positions found for letters ['y']
        Verse 40: No positions found for letters ['a', 'z']
          ⚠ Warning: Couldn't find word 'your' for letter 'l'
        Verse 7: No positions found for letters ['n', 'o']
        Verse 9: No positions found for letters ['p']
        Verse 15: No positions found for letters ['t']
        Verse 21: No positions found for letters ['a', 'b']
        Verse 22: No positions found for letters ['b', 'c', 'd']
        Verse 24: No positions found for letters ['c', 'd', 'g']
        Verse 26: No positions found for letters ['l']
        Verse 3: No positions found for letters ['a']
        Verse 6: No positions found for letters ['d']
          ⚠ Warning: Letter 'j' (cid c40012010.2) not found in raw text
        Verse 12: No positions found for letters ['l', 'm']
          ⚠ Warning: Couldn't find word 'you' for letter 's'
        Verse 21: No positions found for letters ['v']
        Verse 22: No positions found for letters ['w']
        Verse 30: No positions found for letters ['h']
        Verse 33: No positions found for letters ['n', 'o']
        Verse 34: No positions found for letters ['p', 'q', 'r']
        Verse 35: No positions found for letters ['r']
        Verse 37: No positions found for letters ['v']
        Verse 41: No positions found for letters ['b', 'c', 'd', 'e']
        Verse 2: No positions found for letters ['p']
          ⚠ Warning: Couldn't find word 'of' for letter 's'
        Verse 7: No positions found for letters ['u']
          ⚠ Warning: Couldn't find word 'Father' for letter 'w'
        Verse 15: No positions found for letters ['e', 'f', 'g', 'h']
        Verse 17: No positions found for letters ['i', 'j']
        Verse 18: No positions found for letters ['k']
        Verse 21: No positions found for letters ['p', 'q']
        Verse 34: No positions found for letters ['e']
          ⚠ Warning: Letter 'f' (cid c40013035.1) not found in raw text
        Verse 42: No positions found for letters ['s', 't']
        Verse 46: No positions found for letters ['a', 'y', 'z']
        Verse 50: No positions found for letters ['g']
        Verse 51: No positions found for letters ['h']
        Verse 2: No positions found for letters ['x']
          ⚠ Warning: Couldn't find word 'was' for letter 'a'
        Verse 5: No positions found for letters ['b', 'c']
        Verse 6: No positions found for letters ['d']
        Verse 14: No positions found for letters ['g']
        Verse 26: No positions found for letters ['p']
        Verse 32: No positions found for letters ['s']
        Verse 36: No positions found for letters ['c', 'd']
        Verse 2: No positions found for letters ['j']
        Verse 3: No positions found for letters ['k', 'l']
        Verse 8: No positions found for letters ['q', 'r']
          ⚠ Warning: Couldn't find word 'on' for letter 's'
          ⚠ Warning: Couldn't find word 'Peter' for letter 't'
        Verse 12: No positions found for letters ['v', 'w']
        Verse 14: No positions found for letters ['a']
        Verse 15: No positions found for letters ['b']
        Verse 23: No positions found for letters ['n']
        Verse 3: No positions found for letters ['u', 'v', 'w']
        Verse 4: No positions found for letters ['w', 'x']
        Verse 5: No positions found for letters ['y']
        Verse 7: No positions found for letters ['b', 'c', 'd']
        Verse 8: No positions found for letters ['e', 'f']
          ⚠ Warning: Couldn't find word 'him' for letter 'e'
          ⚠ Warning: Letter 'm' (cid c40018015.1) not found in raw text
        Verse 23: No positions found for letters ['a']
        Verse 26: No positions found for letters ['g']
        Verse 33: No positions found for letters ['i']
          ⚠ Warning: Letter 'k' (cid c40018034.2) not found in raw text
        Verse 4: No positions found for letters ['t']
        Verse 5: No positions found for letters ['u', 'v']
        Verse 7: No positions found for letters ['x']
        Verse 22: No positions found for letters ['s']
          ⚠ Warning: Letter 'z' (cid c40019028.3) not found in raw text
        Verse 6: No positions found for letters ['p', 'q']
        Verse 18: No positions found for letters ['b', 'c']
        Verse 20: No positions found for letters ['d']
        Verse 6: No positions found for letters ['g']
        Verse 8: No positions found for letters ['h', 'i']
        Verse 12: No positions found for letters ['j']
        Verse 15: No positions found for letters ['m', 'n']
        Verse 18: No positions found for letters ['q', 'r']
        Verse 19: No positions found for letters ['s', 't', 'u', 'v']
        Verse 26: No positions found for letters ['j']
          ⚠ Warning: Couldn't find word 'them' for letter 'u'
        Verse 14: No positions found for letters ['j']
        Verse 16: No positions found for letters ['l', 'm', 'n']
          ⚠ Warning: Letter 'f' (cid c40021026.1) not found in raw text
          ⚠ Warning: Letter 'h' (cid c40021028.1) not found in raw text
          ⚠ Warning: Letter 'q' (cid c40021033.1) not found in raw text
        Verse 35: No positions found for letters ['v', 'w']
        Verse 36: No positions found for letters ['x']
        Verse 40: No positions found for letters ['b']
        Verse 2: No positions found for letters ['p', 'q']
        Verse 4: No positions found for letters ['s', 't', 'u']
        Verse 5: No positions found for letters ['v']
        Verse 6: No positions found for letters ['w', 'x']
        Verse 8: No positions found for letters ['z']
        Verse 32: No positions found for letters ['z']
        Verse 34: No positions found for letters ['b', 'c']
        Verse 42: No positions found for letters ['n']
        Verse 44: No positions found for letters ['p']
        Verse 46: No positions found for letters ['r', 's']
        Verse 4: No positions found for letters ['a']
        Verse 5: No positions found for letters ['b', 'c']
          ⚠ Warning: Couldn't find word 'tribulation' for letter 'd'
          ⚠ Warning: Couldn't find word '37' for letter 'j'
          ⚠ Warning: Couldn't find word 'Noah' for letter 'k'
          ⚠ Warning: Couldn't find word 'drinking' for letter 'l'
          ⚠ Warning: Couldn't find word 'until' for letter 'm'
          ⚠ Warning: Letter 'y' (cid c40024015.3) not found in raw text
        Verse 17: No positions found for letters ['a', 'z']
        Verse 23: No positions found for letters ['f']
        Verse 27: No positions found for letters ['l', 'm']
          ⚠ Warning: Letter 'i' (cid c40024036.3) not found in raw text
        Verse 37: No positions found for letters ['j', 'k']
        Verse 38: No positions found for letters ['j', 'l', 'm']
        Verse 39: No positions found for letters ['k']
        Verse 41: No positions found for letters ['n', 'o']
        Verse 43: No positions found for letters ['r', 's']
        Verse 45: No positions found for letters ['v', 'w']
        Verse 46: No positions found for letters ['x']
        Verse 49: No positions found for letters ['a']
        Verse 50: No positions found for letters ['b']
        Verse 51: No positions found for letters ['c']
        Verse 2: No positions found for letters ['w']
        Verse 5: No positions found for letters ['f']
        Verse 7: No positions found for letters ['h']
        Verse 12: No positions found for letters ['l', 'm']
        Verse 14: No positions found for letters ['p', 'q', 'r']
          ⚠ Warning: Letter 'y' (cid c40025021.3) not found in raw text
        Verse 25: No positions found for letters ['d']
          ⚠ Warning: Letter 'i' (cid c40025031.1) not found in raw text
        Verse 36: No positions found for letters ['a', 'v', 'y', 'z']
          ⚠ Warning: Letter 'm' (cid c40026002.1) not found in raw text
        Verse 4: No positions found for letters ['t']
        Verse 33: No positions found for letters ['i']
        Verse 35: No positions found for letters ['l']
        Verse 54: No positions found for letters ['l']
          ⚠ Warning: Letter 'o' (cid c40026056.2) not found in raw text
        Verse 60: No positions found for letters ['v', 'w']
        Verse 68: No positions found for letters ['p']
        Verse 69: No positions found for letters ['q', 'r']
        Verse 4: No positions found for letters ['e']
        Verse 8: No positions found for letters ['h', 'i']
        Verse 12: No positions found for letters ['o']
        Verse 22: No positions found for letters ['x']
          ⚠ Warning: Letter 'c' (cid c40027024.3) not found in raw text
        Verse 29: No positions found for letters ['k', 'l']
          ⚠ Warning: Couldn't find word 'o' for letter 'p'
        Verse 40: No positions found for letters ['b', 'c', 'd']
        Verse 42: No positions found for letters ['e', 'f', 'g']
        Verse 43: No positions found for letters ['h']
        Verse 44: No positions found for letters ['i']
        Verse 53: No positions found for letters ['t']
        Verse 54: No positions found for letters ['u', 'v', 'w']
        Verse 56: No positions found for letters ['a', 'z']
        Verse 60: No positions found for letters ['c', 'd', 'e']
        Verse 63: No positions found for letters ['h', 'i']
        Verse 8: No positions found for letters ['u']
        Verse 13: No positions found for letters ['b']
          ⚠ Warning: Letter 'n' (cid c40028019.5) not found in raw text
          ⚠ Warning: Letter 'k' (cid c40003002.1) not found in raw text
        Verse 6: No positions found for letters ['r']
          ⚠ Warning: Letter 'b' (cid c40003011.1) not found in raw text
        Verse 13: No positions found for letters ['k', 'l']
        Verse 14: No positions found for letters ['m']
        Verse 7: No positions found for letters ['e', 'f', 'g']
        Verse 8: No positions found for letters ['h']
        Verse 14: No positions found for letters ['t']
        Verse 15: No positions found for letters ['u']
          ⚠ Warning: Letter 'r' (cid c40005003.1) not found in raw text
        Verse 7: No positions found for letters ['z']
        Verse 10: No positions found for letters ['f', 'u']
        Verse 11: No positions found for letters ['g', 'h']
        Verse 12: No positions found for letters ['i', 'j']
          ⚠ Warning: Couldn't find word '32For' for letter 'l'
        Verse 15: No positions found for letters ['m']
        Verse 16: No positions found for letters ['n', 'o']
          ⚠ Warning: Letter 'p' (cid c40005017.1) not found in raw text
          ⚠ Warning: Letter 'y' (cid c40005021.2) not found in raw text
          ⚠ Warning: Letter 'h' (cid c40005027.1) not found in raw text
          ⚠ Warning: Couldn't find word 'his' for letter 'i'
          ⚠ Warning: Letter 'l' (cid c40005030.2) not found in raw text
          ⚠ Warning: Letter 'm' (cid c40005030.3) not found in raw text
          ⚠ Warning: Couldn't find word 'Again' for letter 'h'
        Verse 32: No positions found for letters ['o', 'p']
        Verse 35: No positions found for letters ['u']
        Verse 37: No positions found for letters ['v']
          ⚠ Warning: Letter 'h' (cid c40005038.1) not found in raw text
          ⚠ Warning: Letter 'f' (cid c40005043.1) not found in raw text
        Verse 16: No positions found for letters ['n', 'o']
        Verse 1: No positions found for letters ['r']
        Verse 2: No positions found for letters ['s', 't']
          ⚠ Warning: Letter 'v' (cid c40007006.1) not found in raw text
          ⚠ Warning: Letter 'y' (cid c40007007.3) not found in raw text
        Verse 13: No positions found for letters ['g']
          ⚠ Warning: Letter 'j' (cid c40007015.1) not found in raw text
        Verse 19: No positions found for letters ['n']
        Verse 21: No positions found for letters ['o', 'p', 'q', 'r']
        Verse 23: No positions found for letters ['t', 'w', 'x', 'y']
          ⚠ Warning: Letter 'z' (cid c40007024.2) not found in raw text
        Verse 29: No positions found for letters ['c']
        Verse 12: No positions found for letters ['p', 'q', 'r']
        Verse 14: No positions found for letters ['u', 'v']
        Verse 17: No positions found for letters ['a', 'z']
        Verse 23: No positions found for letters ['f']
        Verse 4: No positions found for letters ['b']
        Verse 8: No positions found for letters ['c', 'd']
          ⚠ Warning: Letter 'y' (cid c40009022.2) not found in raw text
        Verse 29: No positions found for letters ['g', 'h']
        Verse 31: No positions found for letters ['j']
          ⚠ Warning: Letter 'k' (cid c40009032.1) not found in raw text
        Verse 35: No positions found for letters ['n']
        Verse 37: No positions found for letters ['r']
        Verse 38: No positions found for letters ['s', 't']
          ⚠ Warning: Couldn't find word 'for' for letter 'd'
        Verse 5: No positions found for letters ['g']
        Verse 8: No positions found for letters ['o', 'p']
        Verse 10: No positions found for letters ['s', 't']
        Verse 11: No positions found for letters ['u', 'v', 'w']
        Verse 13: No positions found for letters ['y', 'z']
        Verse 25: No positions found for letters ['q', 'r', 's', 't']
        Verse 26: No positions found for letters ['u']
        Verse 30: No positions found for letters ['d', 'e']
          ⚠ Warning: Couldn't find word 'for' for letter 'i'
          ⚠ Warning: Couldn't find word 'things' for letter 'j'
          ⚠ Warning: Couldn't find word 'blemish' for letter 'n'
          ⚠ Warning: Letter 't' (cid c50002007.2) not found in raw text
          ⚠ Warning: Letter 'u' (cid c50002007.3) not found in raw text
        Verse 11: No positions found for letters ['d', 'e']
        Verse 13: No positions found for letters ['h', 'i']
        Verse 15: No positions found for letters ['l', 'm', 'n', 'o', 'p']
          ⚠ Warning: Letter 'z' (cid c50002022.3) not found in raw text
        Verse 24: No positions found for letters ['c']
          ⚠ Warning: Letter 'k' (cid c50003001.1) not found in raw text
        Verse 5: No positions found for letters ['t', 'u', 'v', 'w']
        Verse 6: No positions found for letters ['x', 'y', 'z']
          ⚠ Warning: Couldn't find word 'But' for letter 'c'
          ⚠ Warning: Couldn't find word 'we' for letter 'e'
        Verse 11: No positions found for letters ['k']
        Verse 19: No positions found for letters ['a', 'b', 'y', 'z']
        Verse 4: No positions found for letters ['p']
        Verse 7: No positions found for letters ['u', 'v']
        Verse 10: No positions found for letters ['z']
        Verse 13: No positions found for letters ['d']
        Verse 22: No positions found for letters ['r']
        Verse 23: No positions found for letters ['s']
          ⚠ Warning: Couldn't find word 'and' for letter 'w'
          ⚠ Warning: Couldn't find word 'seen' for letter 'x'
          ⚠ Warning: Couldn't find word 'and' for letter 'y'
        Verse 2: No positions found for letters ['d', 'e', 'f']
          ⚠ Warning: Letter 'm' (cid c66001005.1) not found in raw text
          ⚠ Warning: Letter 'n' (cid c66001005.2) not found in raw text
          ⚠ Warning: Letter 'o' (cid c66001005.3) not found in raw text
          ⚠ Warning: Couldn't find word 'stars' for letter 's'
          ⚠ Warning: Couldn't find word 'shining' for letter 'u'
          ⚠ Warning: Letter 'x' (cid c66001008.1) not found in raw text
          ⚠ Warning: Couldn't find word 'one' for letter 'y'
        Verse 3: No positions found for letters ['c']
        Verse 6: No positions found for letters ['f', 'g']
        Verse 7: No positions found for letters ['h', 'i']
        Verse 2: No positions found for letters ['n', 'o', 'p']
        Verse 8: No positions found for letters ['a', 'z']
          ⚠ Warning: Couldn't find word 'Then' for letter 'b'
        Verse 10: No positions found for letters ['c', 'd', 'e']
        Verse 14: No positions found for letters ['n']
        Verse 17: No positions found for letters ['v', 'w']
        Verse 18: No positions found for letters ['a', 'x', 'y', 'z']
        Verse 2: No positions found for letters ['g']
          ⚠ Warning: Letter 'w' (cid c66012009.4) not found in raw text
        Verse 10: No positions found for letters ['f', 'g', 'h']
        Verse 16: No positions found for letters ['q']
        Verse 17: No positions found for letters ['r', 's']
          ⚠ Warning: Couldn't find word 'angel' for letter 'i'
          ⚠ Warning: Couldn't find word 'cloud' for letter 'j'
        Verse 7: No positions found for letters ['m', 'n', 'o', 'p']
        Verse 10: No positions found for letters ['w', 'x', 'y']
        Verse 12: No positions found for letters ['b', 'c']
        Verse 4: No positions found for letters ['b', 'c', 'd']
          ⚠ Warning: Couldn't find word 'like' for letter 'a'
          ⚠ Warning: Letter 'y' (cid c66016005.2) not found in raw text
          ⚠ Warning: Letter 'z' (cid c66016005.3) not found in raw text
        Verse 6: No positions found for letters ['b', 'c', 'd']
        Verse 7: No positions found for letters ['e', 'f']
        Verse 11: No positions found for letters ['m', 'n', 'o']
        Verse 19: No positions found for letters ['m', 'n', 'o', 'p', 'q']
  Progress: 200 files, 4199 verses, 8373 crossrefs
        Verse 17: No positions found for letters ['k', 'l']
          ⚠ Warning: Couldn't find word 'her' for letter 'p'
          ⚠ Warning: Couldn't find word 'city' for letter 'q'
          ⚠ Warning: Couldn't find word 'wealth' for letter 's'
        Verse 3: No positions found for letters ['t', 'u', 'v']
        Verse 5: No positions found for letters ['x', 'y']
        Verse 8: No positions found for letters ['e', 'f', 'g']
        Verse 10: No positions found for letters ['k', 'l', 'm']
        Verse 15: No positions found for letters ['o', 'p']
        Verse 16: No positions found for letters ['q']
        Verse 17: No positions found for letters ['r', 's', 't']
        Verse 18: No positions found for letters ['u', 'v', 'w']
        Verse 22: No positions found for letters ['g', 'h']
        Verse 23: No positions found for letters ['i', 'j', 'k']
          ⚠ Warning: Letter 'q' (cid c66019002.2) not found in raw text
          ⚠ Warning: Letter 'r' (cid c66019002.3) not found in raw text
        Verse 8: No positions found for letters ['c', 'd']
        Verse 18: No positions found for letters ['d']
        Verse 2: No positions found for letters ['g', 'h', 'i']
        Verse 3: No positions found for letters ['j', 'k']
        Verse 11: No positions found for letters ['c', 'd']
        Verse 19: No positions found for letters ['s']
        Verse 23: No positions found for letters ['w', 'x']
        Verse 27: No positions found for letters ['e', 'f', 'g']
        Verse 29: No positions found for letters ['p']
          ⚠ Warning: Letter 'p' (cid c66020002.1) not found in raw text
        Verse 3: No positions found for letters ['o', 'r', 's']
        Verse 8: No positions found for letters ['e', 'f', 'g']
        Verse 10: No positions found for letters ['l', 'm', 'n']
        Verse 5: No positions found for letters ['k', 'l', 'm']
        Verse 11: No positions found for letters ['c', 'd', 'e']
        Verse 25: No positions found for letters ['t', 'u']
        Verse 2: No positions found for letters ['a', 'b', 'c', 'z']
        Verse 7: No positions found for letters ['p', 'q']
        Verse 9: No positions found for letters ['m', 's']
        Verse 15: No positions found for letters ['e', 'f', 'g']
          ⚠ Warning: Letter 'h' (cid c66022016.1) not found in raw text
        Verse 19: No positions found for letters ['q', 'r']
        Verse 3: No positions found for letters ['m', 'n', 'o']
          ⚠ Warning: Couldn't find word 'hot' for letter 's'
          ⚠ Warning: Letter 't' (cid c66003005.2) not found in raw text
          ⚠ Warning: Letter 'u' (cid c66003005.3) not found in raw text
          ⚠ Warning: Letter 'v' (cid c66003005.4) not found in raw text
        Verse 6: No positions found for letters ['p']
        Verse 11: No positions found for letters ['g', 'h', 'i']
        Verse 12: No positions found for letters ['j', 'k', 'l', 'm', 'n', 'o']
        Verse 13: No positions found for letters ['p']
        Verse 18: No positions found for letters ['u', 'v', 'w', 'x']
        Verse 22: No positions found for letters ['p']
        Verse 7: No positions found for letters ['v']
        Verse 10: No positions found for letters ['c', 'd']
        Verse 11: No positions found for letters ['e', 'f', 'g']
        Verse 12: No positions found for letters ['a']
          ⚠ Warning: Couldn't find word 'as' for letter 'k'
          ⚠ Warning: Letter 'l' (cid c66006002.4) not found in raw text
          ⚠ Warning: Letter 'h' (cid c66006011.4) not found in raw text
        Verse 14: No positions found for letters ['m', 'n', 'o']
        Verse 16: No positions found for letters ['q', 'r']
        Verse 17: No positions found for letters ['s', 't']
        Verse 3: No positions found for letters ['y', 'z']
        Verse 10: No positions found for letters ['f']
        Verse 12: No positions found for letters ['i']
        Verse 14: No positions found for letters ['j', 'k', 'l', 'm']
        Verse 16: No positions found for letters ['p', 'q']
        Verse 17: No positions found for letters ['r', 's', 't']
        Verse 4: No positions found for letters ['z']
          ⚠ Warning: Letter 'f' (cid c66008007.3) not found in raw text
        Verse 9: No positions found for letters ['j']
          ⚠ Warning: Couldn't find word 'worshiping' for letter 'v'
        Verse 6: No positions found for letters ['a']
        Verse 7: No positions found for letters ['b', 'c', 'd']
        Verse 8: No positions found for letters ['e']
        Verse 9: No positions found for letters ['f', 'g']
        Verse 12: No positions found for letters ['k']
        Verse 14: No positions found for letters ['m', 'n']
        Verse 21: No positions found for letters ['x']
        Verse 3: No positions found for letters ['f', 'g']
        Verse 6: No positions found for letters ['n']
          ⚠ Warning: Couldn't find word 'Therefore' for letter 's'
          ⚠ Warning: Couldn't find word 'to' for letter 't'
        Verse 10: No positions found for letters ['u']
        Verse 12: No positions found for letters ['w']
          ⚠ Warning: Letter 'j' (cid c45001017.3) not found in raw text
        Verse 27: No positions found for letters ['y']
        Verse 3: No positions found for letters ['l']
        Verse 4: No positions found for letters ['m']
        Verse 5: No positions found for letters ['n']
        Verse 6: No positions found for letters ['o']
        Verse 8: No positions found for letters ['r', 's']
          ⚠ Warning: Couldn't find word 'God' for letter 't'
        Verse 14: No positions found for letters ['w']
          ⚠ Warning: Letter 'i' (cid c45011025.2) not found in raw text
        Verse 27: No positions found for letters ['m', 'n']
        Verse 35: No positions found for letters ['w']
        Verse 3: No positions found for letters ['f', 'g', 'h', 'i']
        Verse 5: No positions found for letters ['k', 'l', 'm']
        Verse 8: No positions found for letters ['r', 's']
        Verse 10: No positions found for letters ['v', 'w']
          ⚠ Warning: Letter 'y' (cid c45012011.2) not found in raw text
        Verse 12: No positions found for letters ['a', 'b', 'z']
        Verse 15: No positions found for letters ['f']
        Verse 16: No positions found for letters ['g', 'h', 'i']
        Verse 7: No positions found for letters ['v']
        Verse 12: No positions found for letters ['d', 'e', 'f', 'g']
        Verse 13: No positions found for letters ['h', 'i', 'j']
        Verse 3: No positions found for letters ['o']
        Verse 11: No positions found for letters ['y']
        Verse 13: No positions found for letters ['a', 'b']
        Verse 16: No positions found for letters ['g']
        Verse 17: No positions found for letters ['h', 'i', 'j']
        Verse 21: No positions found for letters ['q']
        Verse 2: No positions found for letters ['u']
        Verse 5: No positions found for letters ['a']
        Verse 6: No positions found for letters ['b']
          ⚠ Warning: Couldn't find word 'said' for letter 'g'
          ⚠ Warning: Letter 'j' (cid c45015012.2) not found in raw text
        Verse 21: No positions found for letters ['a']
        Verse 24: No positions found for letters ['d', 'e']
        Verse 30: No positions found for letters ['j', 'k']
        Verse 32: No positions found for letters ['n']
        Verse 17: No positions found for letters ['x', 'y']
        Verse 7: No positions found for letters ['o']
        Verse 8: No positions found for letters ['p']
        Verse 10: No positions found for letters ['s', 't']
        Verse 19: No positions found for letters ['e']
        Verse 20: No positions found for letters ['f', 'g']
        Verse 4: No positions found for letters ['b', 'c', 'd', 'e']
          ⚠ Warning: Letter 'g' (cid c45003005.2) not found in raw text
        Verse 6: No positions found for letters ['h']
        Verse 7: No positions found for letters ['i']
        Verse 8: No positions found for letters ['j']
          ⚠ Warning: Letter 'o' (cid c45003013.1) not found in raw text
          ⚠ Warning: Couldn't find word 'Or' for letter 'q'
        Verse 14: No positions found for letters ['r']
          ⚠ Warning: Couldn't find word 'and' for letter 's'
        Verse 17: No positions found for letters ['t']
        Verse 18: No positions found for letters ['u']
        Verse 22: No positions found for letters ['d', 'e']
        Verse 23: No positions found for letters ['f']
        Verse 30: No positions found for letters ['r', 's']
        Verse 5: No positions found for letters ['x']
        Verse 7: No positions found for letters ['y']
        Verse 8: No positions found for letters ['z']
        Verse 14: No positions found for letters ['g']
          ⚠ Warning: Letter 's' (cid c45004019.2) not found in raw text
        Verse 21: No positions found for letters ['u']
        Verse 24: No positions found for letters ['w', 'x']
        Verse 3: No positions found for letters ['f', 'g']
        Verse 8: No positions found for letters ['l', 'm']
        Verse 21: No positions found for letters ['k', 'l']
          ⚠ Warning: Couldn't find word 'yourselves' for letter 'n'
          ⚠ Warning: Letter 'x' (cid c45006006.2) not found in raw text
        Verse 13: No positions found for letters ['h', 'i']
        Verse 18: No positions found for letters ['q', 'r']
        Verse 19: No positions found for letters ['s', 't', 'u']
        Verse 21: No positions found for letters ['w', 'x', 'y']
        Verse 3: No positions found for letters ['f']
        Verse 19: No positions found for letters ['b']
        Verse 23: No positions found for letters ['f']
          ⚠ Warning: Couldn't find word '21that' for letter 'r'
          ⚠ Warning: Couldn't find word 'that' for letter 's'
          ⚠ Warning: Couldn't find word 'creation' for letter 't'
        Verse 7: No positions found for letters ['v', 'w']
        Verse 16: No positions found for letters ['k']
        Verse 21: No positions found for letters ['r']
        Verse 32: No positions found for letters ['q', 'r']
          ⚠ Warning: Letter 'u' (cid c45008034.2) not found in raw text
          ⚠ Warning: Couldn't find word 'God' for letter 'c'
        Verse 7: No positions found for letters ['o', 'p']
        Verse 8: No positions found for letters ['q']
        Verse 12: No positions found for letters ['u']
        Verse 21: No positions found for letters ['c', 'd']
        Verse 23: No positions found for letters ['g', 'h']
        Verse 24: No positions found for letters ['i', 'j']
        Verse 26: No positions found for letters ['l', 'm']
          ⚠ Warning: Letter 'q' (cid c45009029.2) not found in raw text
        Verse 31: No positions found for letters ['u', 'v']
        Verse 3: No positions found for letters ['h', 'i', 'j', 'k']
        Verse 4: No positions found for letters ['l', 'm', 'n']
          ⚠ Warning: Letter 's' (cid c56001007.1) not found in raw text
        Verse 8: No positions found for letters ['v']
        Verse 16: No positions found for letters ['m', 'n', 'o']
        Verse 2: No positions found for letters ['p']
        Verse 8: No positions found for letters ['b', 'c']
        Verse 9: No positions found for letters ['d', 'e']
        Verse 10: No positions found for letters ['f', 'g']
        Verse 6: No positions found for letters ['i']
        Verse 7: No positions found for letters ['j', 'k', 'l']

================================================================================
SUMMARY
Files processed: 232
Verses with crossrefs: 4693
Total crossrefs inserted: 9390
================================================================================
