Traceback (most recent call last):
  File "/Users/prayercircle/Documents/bible/bible-xml-generator/link_footnotes.py", line 137, in process_xml_file
    verse.remove(note)
ValueError: list.remove(x): x not in list
Traceback (most recent call last):
  File "/Users/prayercircle/Documents/bible/bible-xml-generator/link_footnotes.py", line 137, in process_xml_file
    verse.remove(note)
ValueError: list.remove(x): x not in list
Traceback (most recent call last):
  File "/Users/prayercircle/Documents/bible/bible-xml-generator/link_footnotes.py", line 137, in process_xml_file
    verse.remove(note)
ValueError: list.remove(x): x not in list
Traceback (most recent call last):
  File "/Users/prayercircle/Documents/bible/bible-xml-generator/link_footnotes.py", line 137, in process_xml_file
    verse.remove(note)
ValueError: list.remove(x): x not in list
Traceback (most recent call last):
  File "/Users/prayercircle/Documents/bible/bible-xml-generator/link_footnotes.py", line 137, in process_xml_file
    verse.remove(note)
ValueError: list.remove(x): x not in list
Traceback (most recent call last):
  File "/Users/prayercircle/Documents/bible/bible-xml-generator/link_footnotes.py", line 137, in process_xml_file
    verse.remove(note)
ValueError: list.remove(x): x not in list
Traceback (most recent call last):
  File "/Users/prayercircle/Documents/bible/bible-xml-generator/link_footnotes.py", line 137, in process_xml_file
    verse.remove(note)
ValueError: list.remove(x): x not in list
Traceback (most recent call last):
  File "/Users/prayercircle/Documents/bible/bible-xml-generator/link_footnotes.py", line 137, in process_xml_file
    verse.remove(note)
ValueError: list.remove(x): x not in list
Traceback (most recent call last):
  File "/Users/prayercircle/Documents/bible/bible-xml-generator/link_footnotes.py", line 137, in process_xml_file
    verse.remove(note)
ValueError: list.remove(x): x not in list
Traceback (most recent call last):
  File "/Users/prayercircle/Documents/bible/bible-xml-generator/link_footnotes.py", line 137, in process_xml_file
    verse.remove(note)
ValueError: list.remove(x): x not in list
Traceback (most recent call last):
  File "/Users/prayercircle/Documents/bible/bible-xml-generator/link_footnotes.py", line 137, in process_xml_file
    verse.remove(note)
ValueError: list.remove(x): x not in list
Traceback (most recent call last):
  File "/Users/prayercircle/Documents/bible/bible-xml-generator/link_footnotes.py", line 137, in process_xml_file
    verse.remove(note)
ValueError: list.remove(x): x not in list
Traceback (most recent call last):
  File "/Users/prayercircle/Documents/bible/bible-xml-generator/link_footnotes.py", line 137, in process_xml_file
    verse.remove(note)
ValueError: list.remove(x): x not in list
Traceback (most recent call last):
  File "/Users/prayercircle/Documents/bible/bible-xml-generator/link_footnotes.py", line 137, in process_xml_file
    verse.remove(note)
ValueError: list.remove(x): x not in list
Traceback (most recent call last):
  File "/Users/prayercircle/Documents/bible/bible-xml-generator/link_footnotes.py", line 137, in process_xml_file
    verse.remove(note)
ValueError: list.remove(x): x not in list
Traceback (most recent call last):
  File "/Users/prayercircle/Documents/bible/bible-xml-generator/link_footnotes.py", line 137, in process_xml_file
    verse.remove(note)
ValueError: list.remove(x): x not in list
Traceback (most recent call last):
  File "/Users/prayercircle/Documents/bible/bible-xml-generator/link_footnotes.py", line 137, in process_xml_file
    verse.remove(note)
ValueError: list.remove(x): x not in list
Traceback (most recent call last):
  File "/Users/prayercircle/Documents/bible/bible-xml-generator/link_footnotes.py", line 137, in process_xml_file
    verse.remove(note)
ValueError: list.remove(x): x not in list
Traceback (most recent call last):
  File "/Users/prayercircle/Documents/bible/bible-xml-generator/link_footnotes.py", line 137, in process_xml_file
    verse.remove(note)
ValueError: list.remove(x): x not in list
Traceback (most recent call last):
  File "/Users/prayercircle/Documents/bible/bible-xml-generator/link_footnotes.py", line 137, in process_xml_file
    verse.remove(note)
ValueError: list.remove(x): x not in list
Traceback (most recent call last):
  File "/Users/prayercircle/Documents/bible/bible-xml-generator/link_footnotes.py", line 137, in process_xml_file
    verse.remove(note)
ValueError: list.remove(x): x not in list
Traceback (most recent call last):
  File "/Users/prayercircle/Documents/bible/bible-xml-generator/link_footnotes.py", line 137, in process_xml_file
    verse.remove(note)
ValueError: list.remove(x): x not in list
Traceback (most recent call last):
  File "/Users/prayercircle/Documents/bible/bible-xml-generator/link_footnotes.py", line 137, in process_xml_file
    verse.remove(note)
ValueError: list.remove(x): x not in list
Traceback (most recent call last):
  File "/Users/prayercircle/Documents/bible/bible-xml-generator/link_footnotes.py", line 137, in process_xml_file
    verse.remove(note)
ValueError: list.remove(x): x not in list
Traceback (most recent call last):
  File "/Users/prayercircle/Documents/bible/bible-xml-generator/link_footnotes.py", line 137, in process_xml_file
    verse.remove(note)
ValueError: list.remove(x): x not in list
Traceback (most recent call last):
  File "/Users/prayercircle/Documents/bible/bible-xml-generator/link_footnotes.py", line 137, in process_xml_file
    verse.remove(note)
ValueError: list.remove(x): x not in list
Traceback (most recent call last):
  File "/Users/prayercircle/Documents/bible/bible-xml-generator/link_footnotes.py", line 137, in process_xml_file
    verse.remove(note)
ValueError: list.remove(x): x not in list
Traceback (most recent call last):
  File "/Users/prayercircle/Documents/bible/bible-xml-generator/link_footnotes.py", line 137, in process_xml_file
    verse.remove(note)
ValueError: list.remove(x): x not in list
Traceback (most recent call last):
  File "/Users/prayercircle/Documents/bible/bible-xml-generator/link_footnotes.py", line 137, in process_xml_file
    verse.remove(note)
ValueError: list.remove(x): x not in list
Traceback (most recent call last):
  File "/Users/prayercircle/Documents/bible/bible-xml-generator/link_footnotes.py", line 137, in process_xml_file
    verse.remove(note)
ValueError: list.remove(x): x not in list
Traceback (most recent call last):
  File "/Users/prayercircle/Documents/bible/bible-xml-generator/link_footnotes.py", line 137, in process_xml_file
    verse.remove(note)
ValueError: list.remove(x): x not in list
Traceback (most recent call last):
  File "/Users/prayercircle/Documents/bible/bible-xml-generator/link_footnotes.py", line 137, in process_xml_file
    verse.remove(note)
ValueError: list.remove(x): x not in list
Traceback (most recent call last):
  File "/Users/prayercircle/Documents/bible/bible-xml-generator/link_footnotes.py", line 137, in process_xml_file
    verse.remove(note)
ValueError: list.remove(x): x not in list
Traceback (most recent call last):
  File "/Users/prayercircle/Documents/bible/bible-xml-generator/link_footnotes.py", line 137, in process_xml_file
    verse.remove(note)
ValueError: list.remove(x): x not in list
Traceback (most recent call last):
  File "/Users/prayercircle/Documents/bible/bible-xml-generator/link_footnotes.py", line 137, in process_xml_file
    verse.remove(note)
ValueError: list.remove(x): x not in list
Traceback (most recent call last):
  File "/Users/prayercircle/Documents/bible/bible-xml-generator/link_footnotes.py", line 137, in process_xml_file
    verse.remove(note)
ValueError: list.remove(x): x not in list
Traceback (most recent call last):
  File "/Users/prayercircle/Documents/bible/bible-xml-generator/link_footnotes.py", line 137, in process_xml_file
    verse.remove(note)
ValueError: list.remove(x): x not in list
Traceback (most recent call last):
  File "/Users/prayercircle/Documents/bible/bible-xml-generator/link_footnotes.py", line 137, in process_xml_file
    verse.remove(note)
ValueError: list.remove(x): x not in list
Traceback (most recent call last):
  File "/Users/prayercircle/Documents/bible/bible-xml-generator/link_footnotes.py", line 137, in process_xml_file
    verse.remove(note)
ValueError: list.remove(x): x not in list
Traceback (most recent call last):
  File "/Users/prayercircle/Documents/bible/bible-xml-generator/link_footnotes.py", line 137, in process_xml_file
    verse.remove(note)
ValueError: list.remove(x): x not in list
Traceback (most recent call last):
  File "/Users/prayercircle/Documents/bible/bible-xml-generator/link_footnotes.py", line 137, in process_xml_file
    verse.remove(note)
ValueError: list.remove(x): x not in list
Traceback (most recent call last):
  File "/Users/prayercircle/Documents/bible/bible-xml-generator/link_footnotes.py", line 137, in process_xml_file
    verse.remove(note)
ValueError: list.remove(x): x not in list
Traceback (most recent call last):
  File "/Users/prayercircle/Documents/bible/bible-xml-generator/link_footnotes.py", line 137, in process_xml_file
    verse.remove(note)
ValueError: list.remove(x): x not in list
Traceback (most recent call last):
  File "/Users/prayercircle/Documents/bible/bible-xml-generator/link_footnotes.py", line 137, in process_xml_file
    verse.remove(note)
ValueError: list.remove(x): x not in list
Traceback (most recent call last):
  File "/Users/prayercircle/Documents/bible/bible-xml-generator/link_footnotes.py", line 137, in process_xml_file
    verse.remove(note)
ValueError: list.remove(x): x not in list
Traceback (most recent call last):
  File "/Users/prayercircle/Documents/bible/bible-xml-generator/link_footnotes.py", line 137, in process_xml_file
    verse.remove(note)
ValueError: list.remove(x): x not in list
Traceback (most recent call last):
  File "/Users/prayercircle/Documents/bible/bible-xml-generator/link_footnotes.py", line 137, in process_xml_file
    verse.remove(note)
ValueError: list.remove(x): x not in list
Traceback (most recent call last):
  File "/Users/prayercircle/Documents/bible/bible-xml-generator/link_footnotes.py", line 137, in process_xml_file
    verse.remove(note)
ValueError: list.remove(x): x not in list
Traceback (most recent call last):
  File "/Users/prayercircle/Documents/bible/bible-xml-generator/link_footnotes.py", line 137, in process_xml_file
    verse.remove(note)
ValueError: list.remove(x): x not in list
Traceback (most recent call last):
  File "/Users/prayercircle/Documents/bible/bible-xml-generator/link_footnotes.py", line 137, in process_xml_file
    verse.remove(note)
ValueError: list.remove(x): x not in list
Traceback (most recent call last):
  File "/Users/prayercircle/Documents/bible/bible-xml-generator/link_footnotes.py", line 137, in process_xml_file
    verse.remove(note)
ValueError: list.remove(x): x not in list
Traceback (most recent call last):
  File "/Users/prayercircle/Documents/bible/bible-xml-generator/link_footnotes.py", line 137, in process_xml_file
    verse.remove(note)
ValueError: list.remove(x): x not in list
Traceback (most recent call last):
  File "/Users/prayercircle/Documents/bible/bible-xml-generator/link_footnotes.py", line 137, in process_xml_file
    verse.remove(note)
ValueError: list.remove(x): x not in list
Traceback (most recent call last):
  File "/Users/prayercircle/Documents/bible/bible-xml-generator/link_footnotes.py", line 137, in process_xml_file
    verse.remove(note)
ValueError: list.remove(x): x not in list
Traceback (most recent call last):
  File "/Users/prayercircle/Documents/bible/bible-xml-generator/link_footnotes.py", line 137, in process_xml_file
    verse.remove(note)
ValueError: list.remove(x): x not in list
Traceback (most recent call last):
  File "/Users/prayercircle/Documents/bible/bible-xml-generator/link_footnotes.py", line 137, in process_xml_file
    verse.remove(note)
ValueError: list.remove(x): x not in list
================================================================================
STRUCTURING FOOTNOTES - ESV
================================================================================

Processing 1_chronicles_1.xml...   ✓ Processed 13 footnotes
✓ (13 footnotes)
Processing 1_chronicles_10.xml...   ✓ Processed 1 footnotes
✓ (1 footnotes)
Processing 1_chronicles_11.xml...   ✓ Processed 9 footnotes
✓ (9 footnotes)
Processing 1_chronicles_12.xml...   ✗ Error: list.remove(x): x not in list
- (no footnotes)
Processing 1_chronicles_13.xml...   ✗ Error: list.remove(x): x not in list
- (no footnotes)
Processing 1_chronicles_14.xml...   ✓ Processed 1 footnotes
✓ (1 footnotes)
Processing 1_chronicles_15.xml...   ✓ Processed 1 footnotes
✓ (1 footnotes)
Processing 1_chronicles_16.xml...   ✓ Processed 3 footnotes
✓ (3 footnotes)
Processing 1_chronicles_17.xml...   ✓ Processed 2 footnotes
✓ (2 footnotes)
Processing 1_chronicles_18.xml...   ✓ Processed 3 footnotes
✓ (3 footnotes)
Processing 1_chronicles_19.xml...   ✗ Error: list.remove(x): x not in list
- (no footnotes)
Processing 1_chronicles_2.xml...   ✓ Processed 8 footnotes
✓ (8 footnotes)
Processing 1_chronicles_20.xml...   ✓ Processed 3 footnotes
✓ (3 footnotes)
Processing 1_chronicles_21.xml...   ✗ Error: list.remove(x): x not in list
- (no footnotes)
Processing 1_chronicles_22.xml...   ✓ Processed 2 footnotes
✓ (2 footnotes)
Processing 1_chronicles_23.xml...   ✓ Processed 3 footnotes
✓ (3 footnotes)
Processing 1_chronicles_24.xml...   ✓ Processed 3 footnotes
✓ (3 footnotes)
Processing 1_chronicles_25.xml...   ✓ Processed 1 footnotes
✓ (1 footnotes)
Processing 1_chronicles_26.xml...   ✓ Processed 4 footnotes
✓ (4 footnotes)
Processing 1_chronicles_27.xml...   ✓ Processed 2 footnotes
✓ (2 footnotes)
Processing 1_chronicles_28.xml...   ✗ Error: list.remove(x): x not in list
- (no footnotes)
Processing 1_chronicles_29.xml...   ✓ Processed 5 footnotes
✓ (5 footnotes)
Processing 1_chronicles_3.xml...   ✓ Processed 2 footnotes
✓ (2 footnotes)
Processing 1_chronicles_4.xml...   ✓ Processed 10 footnotes
✓ (10 footnotes)
Processing 1_chronicles_5.xml...   ✓ Processed 3 footnotes
✓ (3 footnotes)
Processing 1_chronicles_6.xml...   ✓ Processed 4 footnotes
✓ (4 footnotes)
Processing 1_chronicles_7.xml...   ✓ Processed 4 footnotes
✓ (4 footnotes)
Processing 1_chronicles_8.xml...   ✓ Processed 3 footnotes
✓ (3 footnotes)
Processing 1_chronicles_9.xml...   ✓ Processed 1 footnotes
✓ (1 footnotes)
Processing 1_corinthians_1.xml...   ✓ Processed 5 footnotes
✓ (5 footnotes)
Processing 1_corinthians_10.xml...   ✓ Processed 4 footnotes
✓ (4 footnotes)
Processing 1_corinthians_11.xml...   ✓ Processed 12 footnotes
✓ (12 footnotes)
Processing 1_corinthians_12.xml...   ✓ Processed 5 footnotes
✓ (5 footnotes)
Processing 1_corinthians_13.xml...   ✓ Processed 2 footnotes
✓ (2 footnotes)
Processing 1_corinthians_14.xml...   ✓ Processed 3 footnotes
✓ (3 footnotes)
Processing 1_corinthians_15.xml...   ✓ Processed 6 footnotes
✓ (6 footnotes)
Processing 1_corinthians_16.xml...   ✓ Processed 6 footnotes
✓ (6 footnotes)
Processing 1_corinthians_2.xml...   ✓ Processed 4 footnotes
✓ (4 footnotes)
Processing 1_corinthians_3.xml...   ✓ Processed 3 footnotes
✓ (3 footnotes)
Processing 1_corinthians_4.xml...   ✓ Processed 4 footnotes
✓ (4 footnotes)
Processing 1_corinthians_5.xml...   ✓ Processed 3 footnotes
✓ (3 footnotes)
Processing 1_corinthians_6.xml...   ✓ Processed 5 footnotes
✓ (5 footnotes)
Processing 1_corinthians_7.xml...   ✓ Processed 11 footnotes
✓ (11 footnotes)
Processing 1_corinthians_8.xml...   ✓ Processed 5 footnotes
✓ (5 footnotes)
Processing 1_corinthians_9.xml...   ✓ Processed 2 footnotes
✓ (2 footnotes)
Processing 1_john_1.xml...   ✓ Processed 2 footnotes
✓ (2 footnotes)
Processing 1_john_2.xml...   ✓ Processed 5 footnotes
✓ (5 footnotes)
Processing 1_john_3.xml...   ✓ Processed 5 footnotes
✓ (5 footnotes)
Processing 1_john_4.xml...   ✓ Processed 1 footnotes
✓ (1 footnotes)
Processing 1_john_5.xml...   ✓ Processed 1 footnotes
✓ (1 footnotes)
Processing 1_kings_1.xml...   ✓ Processed 4 footnotes
✓ (4 footnotes)
Processing 1_kings_10.xml...   ✗ Error: list.remove(x): x not in list
- (no footnotes)
Processing 1_kings_11.xml...   ✓ Processed 1 footnotes
✓ (1 footnotes)
Processing 1_kings_12.xml...   ✗ Error: list.remove(x): x not in list
- (no footnotes)
Processing 1_kings_13.xml...   ✗ Error: list.remove(x): x not in list
- (no footnotes)
Processing 1_kings_14.xml...   ✗ Error: list.remove(x): x not in list
- (no footnotes)
Processing 1_kings_15.xml...   ✓ Processed 1 footnotes
✓ (1 footnotes)
Processing 1_kings_16.xml...   ✓ Processed 1 footnotes
✓ (1 footnotes)
Processing 1_kings_17.xml...   ✗ Error: list.remove(x): x not in list
- (no footnotes)
Processing 1_kings_18.xml...   ✗ Error: list.remove(x): x not in list
- (no footnotes)
Processing 1_kings_19.xml...   ✗ Error: list.remove(x): x not in list
- (no footnotes)
Processing 1_kings_2.xml...   ✗ Error: list.remove(x): x not in list
- (no footnotes)
Processing 1_kings_20.xml...   ✗ Error: list.remove(x): x not in list
- (no footnotes)
Processing 1_kings_21.xml...   ✗ Error: list.remove(x): x not in list
- (no footnotes)
Processing 1_kings_22.xml...   ✓ Processed 1 footnotes
✓ (1 footnotes)
Processing 1_kings_3.xml... - (no footnotes)
Processing 1_kings_4.xml...   ✓ Processed 5 footnotes
✓ (5 footnotes)
Processing 1_kings_5.xml...   ✓ Processed 3 footnotes
✓ (3 footnotes)
Processing 1_kings_6.xml...   ✓ Processed 8 footnotes
✓ (8 footnotes)
Processing 1_kings_7.xml...   ✓ Processed 9 footnotes
✓ (9 footnotes)
Processing 1_kings_8.xml...   ✗ Error: list.remove(x): x not in list
- (no footnotes)
Processing 1_kings_9.xml...   ✓ Processed 5 footnotes
✓ (5 footnotes)
Processing 1_peter_1.xml...   ✓ Processed 2 footnotes
✓ (2 footnotes)
Processing 1_peter_2.xml...   ✓ Processed 5 footnotes
✓ (5 footnotes)
Processing 1_peter_3.xml...   ✓ Processed 5 footnotes
✓ (5 footnotes)
Processing 1_peter_4.xml...   ✓ Processed 3 footnotes
✓ (3 footnotes)
Processing 1_peter_5.xml...   ✓ Processed 2 footnotes
✓ (2 footnotes)
Processing 1_samuel_1.xml...   ✗ Error: list.remove(x): x not in list
- (no footnotes)
Processing 1_samuel_10.xml...   ✗ Error: list.remove(x): x not in list
- (no footnotes)
Processing 1_samuel_11.xml... - (no footnotes)
Processing 1_samuel_12.xml...   ✓ Processed 6 footnotes
✓ (6 footnotes)
Processing 1_samuel_13.xml...   ✓ Processed 7 footnotes
✓ (7 footnotes)
Processing 1_samuel_14.xml...   ✗ Error: list.remove(x): x not in list
- (no footnotes)
Processing 1_samuel_15.xml...   ✗ Error: list.remove(x): x not in list
- (no footnotes)
Processing 1_samuel_16.xml...   ✗ Error: list.remove(x): x not in list
- (no footnotes)
Processing 1_samuel_17.xml...   ✓ Processed 6 footnotes
✓ (6 footnotes)
Processing 1_samuel_18.xml...   ✓ Processed 2 footnotes
✓ (2 footnotes)
Processing 1_samuel_19.xml...   ✓ Processed 1 footnotes
✓ (1 footnotes)
Processing 1_samuel_2.xml...   ✓ Processed 5 footnotes
✓ (5 footnotes)
Processing 1_samuel_20.xml...   ✗ Error: list.remove(x): x not in list
- (no footnotes)
Processing 1_samuel_21.xml...   ✓ Processed 1 footnotes
✓ (1 footnotes)
Processing 1_samuel_22.xml...   ✗ Error: list.remove(x): x not in list
- (no footnotes)
Processing 1_samuel_23.xml...   ✗ Error: list.remove(x): x not in list
- (no footnotes)
Processing 1_samuel_24.xml...   ✗ Error: list.remove(x): x not in list
- (no footnotes)
Processing 1_samuel_25.xml...   ✗ Error: list.remove(x): x not in list
- (no footnotes)
Processing 1_samuel_26.xml... - (no footnotes)
Processing 1_samuel_27.xml... - (no footnotes)
Processing 1_samuel_28.xml... - (no footnotes)
Processing 1_samuel_29.xml... - (no footnotes)
Processing 1_samuel_3.xml...   ✗ Error: list.remove(x): x not in list
- (no footnotes)
Processing 1_samuel_30.xml...   ✗ Error: list.remove(x): x not in list
- (no footnotes)
Processing 1_samuel_31.xml... - (no footnotes)
Processing 1_samuel_4.xml...   Warning: Could not clean verse: mismatched tag: line 11, column 76
  ✓ Processed 2 footnotes
✓ (2 footnotes)
Processing 1_samuel_5.xml... - (no footnotes)
Processing 1_samuel_6.xml...   ✓ Processed 1 footnotes
✓ (1 footnotes)
Processing 1_samuel_7.xml...   ✗ Error: list.remove(x): x not in list
- (no footnotes)
Processing 1_samuel_8.xml...   ✓ Processed 1 footnotes
✓ (1 footnotes)
Processing 1_samuel_9.xml...   ✗ Error: list.remove(x): x not in list
- (no footnotes)
Processing 1_thessalonians_1.xml...   ✓ Processed 2 footnotes
✓ (2 footnotes)
Processing 1_thessalonians_2.xml...   ✓ Processed 7 footnotes
✓ (7 footnotes)
Processing 1_thessalonians_3.xml...   ✓ Processed 2 footnotes
✓ (2 footnotes)
Processing 1_thessalonians_4.xml...   ✓ Processed 4 footnotes
✓ (4 footnotes)
Processing 1_thessalonians_5.xml...   ✓ Processed 3 footnotes
✓ (3 footnotes)
Processing 1_timothy_1.xml...   ✓ Processed 4 footnotes
✓ (4 footnotes)
Processing 1_timothy_2.xml...   ✓ Processed 1 footnotes
✓ (1 footnotes)
Processing 1_timothy_3.xml...   ✓ Processed 7 footnotes
✓ (7 footnotes)
Processing 1_timothy_4.xml...   ✓ Processed 3 footnotes
✓ (3 footnotes)
Processing 1_timothy_5.xml...   ✓ Processed 1 footnotes
✓ (1 footnotes)
Processing 1_timothy_6.xml...   ✓ Processed 5 footnotes
✓ (5 footnotes)
Processing 2_chronicles_1.xml...   ✓ Processed 3 footnotes
✓ (3 footnotes)
Processing 2_chronicles_10.xml...   ✗ Error: list.remove(x): x not in list
- (no footnotes)
Processing 2_chronicles_11.xml...   ✓ Processed 1 footnotes
✓ (1 footnotes)
Processing 2_chronicles_12.xml...   ✓ Processed 3 footnotes
✓ (3 footnotes)
Processing 2_chronicles_13.xml...   ✓ Processed 6 footnotes
✓ (6 footnotes)
Processing 2_chronicles_14.xml...   ✓ Processed 2 footnotes
✓ (2 footnotes)
Processing 2_chronicles_15.xml...   ✓ Processed 2 footnotes
✓ (2 footnotes)
Processing 2_chronicles_16.xml...   ✓ Processed 2 footnotes
✓ (2 footnotes)
Processing 2_chronicles_17.xml... - (no footnotes)
Processing 2_chronicles_18.xml...   ✗ Error: list.remove(x): x not in list
- (no footnotes)
Processing 2_chronicles_19.xml...   ✓ Processed 1 footnotes
✓ (1 footnotes)
Processing 2_chronicles_2.xml...   ✓ Processed 3 footnotes
✓ (3 footnotes)
Processing 2_chronicles_20.xml...   ✗ Error: list.remove(x): x not in list
- (no footnotes)
Processing 2_chronicles_21.xml...   ✓ Processed 2 footnotes
✓ (2 footnotes)
Processing 2_chronicles_22.xml...   ✓ Processed 4 footnotes
✓ (4 footnotes)
Processing 2_chronicles_23.xml...   ✓ Processed 2 footnotes
✓ (2 footnotes)
Processing 2_chronicles_24.xml...   ✓ Processed 7 footnotes
✓ (7 footnotes)
Processing 2_chronicles_25.xml...   ✓ Processed 4 footnotes
✓ (4 footnotes)
Processing 2_chronicles_26.xml...   ✓ Processed 1 footnotes
✓ (1 footnotes)
Processing 2_chronicles_27.xml...   ✓ Processed 2 footnotes
✓ (2 footnotes)
Processing 2_chronicles_28.xml...   ✓ Processed 4 footnotes
✓ (4 footnotes)
Processing 2_chronicles_29.xml...   ✓ Processed 3 footnotes
✓ (3 footnotes)
Processing 2_chronicles_3.xml...   ✓ Processed 10 footnotes
✓ (10 footnotes)
Processing 2_chronicles_30.xml...   ✓ Processed 2 footnotes
✓ (2 footnotes)
Processing 2_chronicles_31.xml... - (no footnotes)
Processing 2_chronicles_32.xml...   ✓ Processed 1 footnotes
✓ (1 footnotes)
Processing 2_chronicles_33.xml...   ✓ Processed 1 footnotes
✓ (1 footnotes)
Processing 2_chronicles_34.xml...   ✓ Processed 3 footnotes
✓ (3 footnotes)
Processing 2_chronicles_35.xml...   ✗ Error: list.remove(x): x not in list
- (no footnotes)
Processing 2_chronicles_36.xml...   ✓ Processed 2 footnotes
✓ (2 footnotes)
Processing 2_chronicles_4.xml...   ✓ Processed 6 footnotes
✓ (6 footnotes)
Processing 2_chronicles_5.xml...   ✓ Processed 1 footnotes
✓ (1 footnotes)
Processing 2_chronicles_6.xml...   ✓ Processed 3 footnotes
✓ (3 footnotes)
Processing 2_chronicles_7.xml...   ✓ Processed 4 footnotes
✓ (4 footnotes)
Processing 2_chronicles_8.xml...   ✓ Processed 2 footnotes
✓ (2 footnotes)
Processing 2_chronicles_9.xml...   ✓ Processed 6 footnotes
✓ (6 footnotes)
Processing 2_corinthians_1.xml...   ✓ Processed 4 footnotes
✓ (4 footnotes)
Processing 2_corinthians_10.xml... - (no footnotes)
Processing 2_corinthians_11.xml...   ✓ Processed 2 footnotes
✓ (2 footnotes)
Processing 2_corinthians_12.xml...   ✗ Error: list.remove(x): x not in list
- (no footnotes)
Processing 2_corinthians_13.xml...   ✓ Processed 2 footnotes
✓ (2 footnotes)
Processing 2_corinthians_2.xml... - (no footnotes)
Processing 2_corinthians_3.xml...   ✓ Processed 6 footnotes
✓ (6 footnotes)
Processing 2_corinthians_4.xml...   ✓ Processed 4 footnotes
✓ (4 footnotes)
Processing 2_corinthians_5.xml...   ✓ Processed 4 footnotes
✓ (4 footnotes)
Processing 2_corinthians_6.xml...   ✓ Processed 2 footnotes
✓ (2 footnotes)
Processing 2_corinthians_7.xml...   ✓ Processed 2 footnotes
✓ (2 footnotes)
Processing 2_corinthians_8.xml...   ✓ Processed 6 footnotes
✓ (6 footnotes)
Processing 2_corinthians_9.xml...   ✓ Processed 6 footnotes
✓ (6 footnotes)
Processing 2_john_1.xml... - (no footnotes)
Processing 2_kings_1.xml... - (no footnotes)
Processing 2_kings_10.xml...   ✓ Processed 5 footnotes
✓ (5 footnotes)
Processing 2_kings_11.xml...   ✓ Processed 5 footnotes
✓ (5 footnotes)
Processing 2_kings_12.xml...   ✓ Processed 1 footnotes
✓ (1 footnotes)
Processing 2_kings_13.xml...   ✗ Error: list.remove(x): x not in list
- (no footnotes)
Processing 2_kings_14.xml...   ✓ Processed 2 footnotes
✓ (2 footnotes)
Processing 2_kings_15.xml...   ✓ Processed 6 footnotes
✓ (6 footnotes)
Processing 2_kings_16.xml...   ✓ Processed 2 footnotes
✓ (2 footnotes)
Processing 2_kings_17.xml...   ✓ Processed 2 footnotes
✓ (2 footnotes)
Processing 2_kings_18.xml...   ✓ Processed 4 footnotes
✓ (4 footnotes)
Processing 2_kings_19.xml... - (no footnotes)
Processing 2_kings_2.xml... - (no footnotes)
Processing 2_kings_20.xml... - (no footnotes)
Processing 2_kings_21.xml...   ✓ Processed 2 footnotes
✓ (2 footnotes)
Processing 2_kings_22.xml... - (no footnotes)
Processing 2_kings_23.xml...   ✗ Error: list.remove(x): x not in list
- (no footnotes)
Processing 2_kings_24.xml... - (no footnotes)
Processing 2_kings_25.xml...   ✓ Processed 2 footnotes
✓ (2 footnotes)
Processing 2_kings_3.xml...   ✓ Processed 1 footnotes
✓ (1 footnotes)
Processing 2_kings_4.xml... - (no footnotes)
Processing 2_kings_5.xml...   ✗ Error: list.remove(x): x not in list
- (no footnotes)
Processing 2_kings_6.xml...   ✗ Error: list.remove(x): x not in list
- (no footnotes)
Processing 2_kings_7.xml...   ✓ Processed 3 footnotes
✓ (3 footnotes)
Processing 2_kings_8.xml...   ✗ Error: list.remove(x): x not in list
- (no footnotes)
Processing 2_kings_9.xml...   ✗ Error: list.remove(x): x not in list
- (no footnotes)
Processing 2_peter_1.xml...   ✓ Processed 9 footnotes
✓ (9 footnotes)
Processing 2_peter_2.xml...   ✓ Processed 8 footnotes
✓ (8 footnotes)
Processing 2_peter_3.xml...   ✓ Processed 3 footnotes
✓ (3 footnotes)
Processing 2_samuel_1.xml...   ✗ Error: list.remove(x): x not in list
- (no footnotes)
Processing 2_samuel_10.xml...   ✓ Processed 2 footnotes
✓ (2 footnotes)
Processing 2_samuel_11.xml... - (no footnotes)
Processing 2_samuel_12.xml...   ✓ Processed 5 footnotes
✓ (5 footnotes)
Processing 2_samuel_13.xml...   ✓ Processed 7 footnotes
✓ (7 footnotes)
Processing 2_samuel_14.xml...   ✗ Error: list.remove(x): x not in list
- (no footnotes)
Processing 2_samuel_15.xml...   ✓ Processed 5 footnotes
✓ (5 footnotes)
Processing 2_samuel_16.xml...   ✗ Error: list.remove(x): x not in list
- (no footnotes)
Processing 2_samuel_17.xml...   ✓ Processed 7 footnotes
✓ (7 footnotes)
Processing 2_samuel_18.xml...   Warning: Could not clean verse: mismatched tag: line 11, column 202
Traceback (most recent call last):
  File "/Users/prayercircle/Documents/bible/bible-xml-generator/link_footnotes.py", line 137, in process_xml_file
    verse.remove(note)
ValueError: list.remove(x): x not in list
Traceback (most recent call last):
  File "/Users/prayercircle/Documents/bible/bible-xml-generator/link_footnotes.py", line 137, in process_xml_file
    verse.remove(note)
ValueError: list.remove(x): x not in list
Traceback (most recent call last):
  File "/Users/prayercircle/Documents/bible/bible-xml-generator/link_footnotes.py", line 137, in process_xml_file
    verse.remove(note)
ValueError: list.remove(x): x not in list
Traceback (most recent call last):
  File "/Users/prayercircle/Documents/bible/bible-xml-generator/link_footnotes.py", line 137, in process_xml_file
    verse.remove(note)
ValueError: list.remove(x): x not in list
Traceback (most recent call last):
  File "/Users/prayercircle/Documents/bible/bible-xml-generator/link_footnotes.py", line 137, in process_xml_file
    verse.remove(note)
ValueError: list.remove(x): x not in list
Traceback (most recent call last):
  File "/Users/prayercircle/Documents/bible/bible-xml-generator/link_footnotes.py", line 137, in process_xml_file
    verse.remove(note)
ValueError: list.remove(x): x not in list
Traceback (most recent call last):
  File "/Users/prayercircle/Documents/bible/bible-xml-generator/link_footnotes.py", line 137, in process_xml_file
    verse.remove(note)
ValueError: list.remove(x): x not in list
Traceback (most recent call last):
  File "/Users/prayercircle/Documents/bible/bible-xml-generator/link_footnotes.py", line 137, in process_xml_file
    verse.remove(note)
ValueError: list.remove(x): x not in list
Traceback (most recent call last):
  File "/Users/prayercircle/Documents/bible/bible-xml-generator/link_footnotes.py", line 137, in process_xml_file
    verse.remove(note)
ValueError: list.remove(x): x not in list
Traceback (most recent call last):
  File "/Users/prayercircle/Documents/bible/bible-xml-generator/link_footnotes.py", line 137, in process_xml_file
    verse.remove(note)
ValueError: list.remove(x): x not in list
Traceback (most recent call last):
  File "/Users/prayercircle/Documents/bible/bible-xml-generator/link_footnotes.py", line 137, in process_xml_file
    verse.remove(note)
ValueError: list.remove(x): x not in list
Traceback (most recent call last):
  File "/Users/prayercircle/Documents/bible/bible-xml-generator/link_footnotes.py", line 137, in process_xml_file
    verse.remove(note)
ValueError: list.remove(x): x not in list
Traceback (most recent call last):
  File "/Users/prayercircle/Documents/bible/bible-xml-generator/link_footnotes.py", line 137, in process_xml_file
    verse.remove(note)
ValueError: list.remove(x): x not in list
Traceback (most recent call last):
  File "/Users/prayercircle/Documents/bible/bible-xml-generator/link_footnotes.py", line 137, in process_xml_file
    verse.remove(note)
ValueError: list.remove(x): x not in list
Traceback (most recent call last):
  File "/Users/prayercircle/Documents/bible/bible-xml-generator/link_footnotes.py", line 137, in process_xml_file
    verse.remove(note)
ValueError: list.remove(x): x not in list
Traceback (most recent call last):
  File "/Users/prayercircle/Documents/bible/bible-xml-generator/link_footnotes.py", line 137, in process_xml_file
    verse.remove(note)
ValueError: list.remove(x): x not in list
Traceback (most recent call last):
  File "/Users/prayercircle/Documents/bible/bible-xml-generator/link_footnotes.py", line 137, in process_xml_file
    verse.remove(note)
ValueError: list.remove(x): x not in list
Traceback (most recent call last):
  File "/Users/prayercircle/Documents/bible/bible-xml-generator/link_footnotes.py", line 137, in process_xml_file
    verse.remove(note)
ValueError: list.remove(x): x not in list
Traceback (most recent call last):
  File "/Users/prayercircle/Documents/bible/bible-xml-generator/link_footnotes.py", line 137, in process_xml_file
    verse.remove(note)
ValueError: list.remove(x): x not in list
Traceback (most recent call last):
  File "/Users/prayercircle/Documents/bible/bible-xml-generator/link_footnotes.py", line 137, in process_xml_file
    verse.remove(note)
ValueError: list.remove(x): x not in list
Traceback (most recent call last):
  File "/Users/prayercircle/Documents/bible/bible-xml-generator/link_footnotes.py", line 137, in process_xml_file
    verse.remove(note)
ValueError: list.remove(x): x not in list
Traceback (most recent call last):
  File "/Users/prayercircle/Documents/bible/bible-xml-generator/link_footnotes.py", line 137, in process_xml_file
    verse.remove(note)
ValueError: list.remove(x): x not in list
Traceback (most recent call last):
  File "/Users/prayercircle/Documents/bible/bible-xml-generator/link_footnotes.py", line 137, in process_xml_file
    verse.remove(note)
ValueError: list.remove(x): x not in list
Traceback (most recent call last):
  File "/Users/prayercircle/Documents/bible/bible-xml-generator/link_footnotes.py", line 137, in process_xml_file
    verse.remove(note)
ValueError: list.remove(x): x not in list
Traceback (most recent call last):
  File "/Users/prayercircle/Documents/bible/bible-xml-generator/link_footnotes.py", line 137, in process_xml_file
    verse.remove(note)
ValueError: list.remove(x): x not in list
Traceback (most recent call last):
  File "/Users/prayercircle/Documents/bible/bible-xml-generator/link_footnotes.py", line 137, in process_xml_file
    verse.remove(note)
ValueError: list.remove(x): x not in list
Traceback (most recent call last):
  File "/Users/prayercircle/Documents/bible/bible-xml-generator/link_footnotes.py", line 137, in process_xml_file
    verse.remove(note)
ValueError: list.remove(x): x not in list
Traceback (most recent call last):
  File "/Users/prayercircle/Documents/bible/bible-xml-generator/link_footnotes.py", line 137, in process_xml_file
    verse.remove(note)
ValueError: list.remove(x): x not in list
Traceback (most recent call last):
  File "/Users/prayercircle/Documents/bible/bible-xml-generator/link_footnotes.py", line 137, in process_xml_file
    verse.remove(note)
ValueError: list.remove(x): x not in list
Traceback (most recent call last):
  File "/Users/prayercircle/Documents/bible/bible-xml-generator/link_footnotes.py", line 137, in process_xml_file
    verse.remove(note)
ValueError: list.remove(x): x not in list
Traceback (most recent call last):
  File "/Users/prayercircle/Documents/bible/bible-xml-generator/link_footnotes.py", line 137, in process_xml_file
    verse.remove(note)
ValueError: list.remove(x): x not in list
Traceback (most recent call last):
  File "/Users/prayercircle/Documents/bible/bible-xml-generator/link_footnotes.py", line 137, in process_xml_file
    verse.remove(note)
ValueError: list.remove(x): x not in list
Traceback (most recent call last):
  File "/Users/prayercircle/Documents/bible/bible-xml-generator/link_footnotes.py", line 137, in process_xml_file
    verse.remove(note)
ValueError: list.remove(x): x not in list
Traceback (most recent call last):
  File "/Users/prayercircle/Documents/bible/bible-xml-generator/link_footnotes.py", line 137, in process_xml_file
    verse.remove(note)
ValueError: list.remove(x): x not in list
Traceback (most recent call last):
  File "/Users/prayercircle/Documents/bible/bible-xml-generator/link_footnotes.py", line 137, in process_xml_file
    verse.remove(note)
ValueError: list.remove(x): x not in list
Traceback (most recent call last):
  File "/Users/prayercircle/Documents/bible/bible-xml-generator/link_footnotes.py", line 137, in process_xml_file
    verse.remove(note)
ValueError: list.remove(x): x not in list
Traceback (most recent call last):
  File "/Users/prayercircle/Documents/bible/bible-xml-generator/link_footnotes.py", line 137, in process_xml_file
    verse.remove(note)
ValueError: list.remove(x): x not in list
Traceback (most recent call last):
  File "/Users/prayercircle/Documents/bible/bible-xml-generator/link_footnotes.py", line 137, in process_xml_file
    verse.remove(note)
ValueError: list.remove(x): x not in list
Traceback (most recent call last):
  File "/Users/prayercircle/Documents/bible/bible-xml-generator/link_footnotes.py", line 137, in process_xml_file
    verse.remove(note)
ValueError: list.remove(x): x not in list
  ✗ Error: list.remove(x): x not in list
- (no footnotes)
Processing 2_samuel_19.xml...   ✓ Processed 2 footnotes
✓ (2 footnotes)
Processing 2_samuel_2.xml...   ✓ Processed 1 footnotes
✓ (1 footnotes)
Processing 2_samuel_20.xml...   ✗ Error: list.remove(x): x not in list
- (no footnotes)
Processing 2_samuel_21.xml...   ✓ Processed 3 footnotes
✓ (3 footnotes)
Processing 2_samuel_22.xml...   ✓ Processed 10 footnotes
✓ (10 footnotes)
Processing 2_samuel_23.xml...   ✓ Processed 13 footnotes
✓ (13 footnotes)
Processing 2_samuel_24.xml...   ✓ Processed 7 footnotes
✓ (7 footnotes)
Processing 2_samuel_3.xml...   ✓ Processed 1 footnotes
✓ (1 footnotes)
Processing 2_samuel_4.xml...   ✓ Processed 1 footnotes
✓ (1 footnotes)
Processing 2_samuel_5.xml...   ✓ Processed 3 footnotes
✓ (3 footnotes)
Processing 2_samuel_6.xml...   ✗ Error: list.remove(x): x not in list
- (no footnotes)
Processing 2_samuel_7.xml...   ✓ Processed 6 footnotes
✓ (6 footnotes)
Processing 2_samuel_8.xml...   ✓ Processed 1 footnotes
✓ (1 footnotes)
Processing 2_samuel_9.xml...   ✓ Processed 1 footnotes
✓ (1 footnotes)
Processing 2_thessalonians_1.xml...   ✓ Processed 2 footnotes
✓ (2 footnotes)
Processing 2_thessalonians_2.xml...   ✓ Processed 4 footnotes
✓ (4 footnotes)
Processing 2_thessalonians_3.xml...   ✓ Processed 4 footnotes
✓ (4 footnotes)
Processing 2_timothy_1.xml...   ✓ Processed 4 footnotes
✓ (4 footnotes)
Processing 2_timothy_2.xml...   ✓ Processed 5 footnotes
✓ (5 footnotes)
Processing 2_timothy_3.xml...   ✓ Processed 2 footnotes
✓ (2 footnotes)
Processing 2_timothy_4.xml...   ✓ Processed 4 footnotes
✓ (4 footnotes)
Processing 3_john_1.xml... - (no footnotes)
Processing acts_1.xml...   ✓ Processed 4 footnotes
✓ (4 footnotes)
Processing acts_10.xml...   ✓ Processed 4 footnotes
✓ (4 footnotes)
Processing acts_11.xml...   ✓ Processed 4 footnotes
✓ (4 footnotes)
Processing acts_12.xml...   ✓ Processed 3 footnotes
✓ (3 footnotes)
Processing acts_13.xml...   ✓ Processed 4 footnotes
✓ (4 footnotes)
Processing acts_14.xml...   ✓ Processed 2 footnotes
✓ (2 footnotes)
Processing acts_15.xml...   ✓ Processed 5 footnotes
✓ (5 footnotes)
Processing acts_16.xml...   ✓ Processed 5 footnotes
✓ (5 footnotes)
Processing acts_17.xml...   ✓ Processed 5 footnotes
✓ (5 footnotes)
Processing acts_18.xml...   ✗ Error: list.remove(x): x not in list
- (no footnotes)
Processing acts_19.xml...   ✗ Error: list.remove(x): x not in list
- (no footnotes)
Processing acts_2.xml...   ✓ Processed 4 footnotes
✓ (4 footnotes)
Processing acts_20.xml...   ✗ Error: list.remove(x): x not in list
- (no footnotes)
Processing acts_21.xml...   ✓ Processed 5 footnotes
✓ (5 footnotes)
Processing acts_22.xml...   ✗ Error: list.remove(x): x not in list
- (no footnotes)
Processing acts_23.xml...   Warning: Could not clean verse: mismatched tag: line 11, column 110
  ✓ Processed 1 footnotes
✓ (1 footnotes)
Processing acts_24.xml...   ✓ Processed 2 footnotes
✓ (2 footnotes)
Processing acts_25.xml...   ✓ Processed 1 footnotes
✓ (1 footnotes)
Processing acts_26.xml...   ✓ Processed 2 footnotes
✓ (2 footnotes)
Processing acts_27.xml...   ✗ Error: list.remove(x): x not in list
- (no footnotes)
Processing acts_28.xml...   ✗ Error: list.remove(x): x not in list
- (no footnotes)
Processing acts_3.xml...   ✓ Processed 3 footnotes
✓ (3 footnotes)
Processing acts_4.xml...   ✓ Processed 5 footnotes
✓ (5 footnotes)
Processing acts_5.xml...   ✓ Processed 1 footnotes
✓ (1 footnotes)
Processing acts_6.xml...   ✓ Processed 2 footnotes
✓ (2 footnotes)
Processing acts_7.xml...   ✓ Processed 2 footnotes
✓ (2 footnotes)
Processing acts_8.xml...   ✓ Processed 5 footnotes
✓ (5 footnotes)
Processing acts_9.xml...   ✓ Processed 5 footnotes
✓ (5 footnotes)
Processing amos_1.xml...   ✓ Processed 5 footnotes
✓ (5 footnotes)
Processing amos_2.xml...   ✓ Processed 2 footnotes
✓ (2 footnotes)
Processing amos_3.xml...   ✓ Processed 3 footnotes
✓ (3 footnotes)
Processing amos_4.xml...   ✓ Processed 2 footnotes
✓ (2 footnotes)
Processing amos_5.xml...   ✓ Processed 2 footnotes
✓ (2 footnotes)
Processing amos_6.xml...   ✓ Processed 4 footnotes
✓ (4 footnotes)
Processing amos_7.xml...   ✓ Processed 1 footnotes
✓ (1 footnotes)
Processing amos_8.xml...   ✓ Processed 4 footnotes
✓ (4 footnotes)
Processing amos_9.xml...   ✓ Processed 3 footnotes
✓ (3 footnotes)
Processing books.xml... - (no footnotes)
Processing colossians_1.xml...   ✓ Processed 7 footnotes
✓ (7 footnotes)
Processing colossians_2.xml...   ✓ Processed 4 footnotes
✓ (4 footnotes)
Processing colossians_3.xml...   ✓ Processed 6 footnotes
✓ (6 footnotes)
Processing colossians_4.xml...   ✓ Processed 3 footnotes
✓ (3 footnotes)
Processing daniel_1.xml...   ✓ Processed 1 footnotes
✓ (1 footnotes)
Processing daniel_10.xml...   ✗ Error: list.remove(x): x not in list
- (no footnotes)
Processing daniel_11.xml...   ✓ Processed 7 footnotes
✓ (7 footnotes)
Processing daniel_12.xml...   ✗ Error: list.remove(x): x not in list
- (no footnotes)
Processing daniel_2.xml...   ✓ Processed 3 footnotes
✓ (3 footnotes)
Processing daniel_3.xml...   ✓ Processed 6 footnotes
✓ (6 footnotes)
Processing daniel_4.xml...   ✓ Processed 3 footnotes
✓ (3 footnotes)
Processing daniel_5.xml...   ✓ Processed 10 footnotes
✓ (10 footnotes)
Processing daniel_6.xml...   ✓ Processed 2 footnotes
✓ (2 footnotes)
Processing daniel_7.xml...   ✓ Processed 3 footnotes
✓ (3 footnotes)
Processing daniel_8.xml...   ✓ Processed 5 footnotes
✓ (5 footnotes)
Processing daniel_9.xml...   ✓ Processed 7 footnotes
✓ (7 footnotes)
Processing deuteronomy_1.xml... - (no footnotes)
Processing deuteronomy_10.xml...   ✓ Processed 2 footnotes
✓ (2 footnotes)
Processing deuteronomy_11.xml...   ✓ Processed 5 footnotes
✓ (5 footnotes)
Processing deuteronomy_12.xml...   ✓ Processed 2 footnotes
✓ (2 footnotes)
Processing deuteronomy_13.xml...   ✓ Processed 3 footnotes
✓ (3 footnotes)
Processing deuteronomy_14.xml...   ✓ Processed 2 footnotes
✓ (2 footnotes)
Processing deuteronomy_15.xml...   ✓ Processed 4 footnotes
✓ (4 footnotes)
Processing deuteronomy_16.xml... - (no footnotes)
Processing deuteronomy_17.xml...   ✓ Processed 3 footnotes
✓ (3 footnotes)
Processing deuteronomy_18.xml...   ✓ Processed 6 footnotes
✓ (6 footnotes)
Processing deuteronomy_19.xml...   ✓ Processed 3 footnotes
✓ (3 footnotes)
Processing deuteronomy_2.xml...   ✓ Processed 2 footnotes
✓ (2 footnotes)
Processing deuteronomy_20.xml...   ✓ Processed 1 footnotes
✓ (1 footnotes)
Processing deuteronomy_21.xml...   ✓ Processed 1 footnotes
✓ (1 footnotes)
Processing deuteronomy_22.xml...   ✓ Processed 6 footnotes
✓ (6 footnotes)
Processing deuteronomy_23.xml...   ✓ Processed 2 footnotes
✓ (2 footnotes)
Processing deuteronomy_24.xml...   ✓ Processed 2 footnotes
✓ (2 footnotes)
Processing deuteronomy_25.xml...   ✓ Processed 2 footnotes
✓ (2 footnotes)
Processing deuteronomy_26.xml...   ✓ Processed 1 footnotes
✓ (1 footnotes)
Processing deuteronomy_27.xml...   ✓ Processed 2 footnotes
✓ (2 footnotes)
Processing deuteronomy_28.xml...   ✓ Processed 5 footnotes
✓ (5 footnotes)
Processing deuteronomy_29.xml...   ✓ Processed 4 footnotes
✓ (4 footnotes)
Processing deuteronomy_3.xml...   ✓ Processed 3 footnotes
✓ (3 footnotes)
Processing deuteronomy_30.xml...   ✓ Processed 2 footnotes
✓ (2 footnotes)
Processing deuteronomy_31.xml...   ✓ Processed 1 footnotes
✓ (1 footnotes)
Processing deuteronomy_32.xml...   ✓ Processed 15 footnotes
✓ (15 footnotes)
Processing deuteronomy_33.xml...   ✗ Error: list.remove(x): x not in list
- (no footnotes)
Processing deuteronomy_34.xml... - (no footnotes)
Processing deuteronomy_4.xml...   ✓ Processed 4 footnotes
✓ (4 footnotes)
Processing deuteronomy_5.xml...   ✓ Processed 5 footnotes
✓ (5 footnotes)
Processing deuteronomy_6.xml...   ✓ Processed 2 footnotes
✓ (2 footnotes)
Processing deuteronomy_7.xml...   ✓ Processed 3 footnotes
✓ (3 footnotes)
Processing deuteronomy_8.xml...   ✓ Processed 1 footnotes
✓ (1 footnotes)
Processing deuteronomy_9.xml...   ✓ Processed 1 footnotes
✓ (1 footnotes)
Processing ecclesiastes_1.xml...   ✓ Processed 8 footnotes
✓ (8 footnotes)
Processing ecclesiastes_10.xml...   ✓ Processed 3 footnotes
✓ (3 footnotes)
Processing ecclesiastes_11.xml...   ✓ Processed 3 footnotes
✓ (3 footnotes)
Processing ecclesiastes_12.xml...   ✓ Processed 4 footnotes
✓ (4 footnotes)
Processing ecclesiastes_2.xml...   ✓ Processed 4 footnotes
✓ (4 footnotes)
Processing ecclesiastes_3.xml...   ✓ Processed 2 footnotes
✓ (2 footnotes)
Processing ecclesiastes_4.xml...   ✓ Processed 3 footnotes
✓ (3 footnotes)
Processing ecclesiastes_5.xml...   ✓ Processed 7 footnotes
✓ (7 footnotes)
Processing ecclesiastes_6.xml...   ✓ Processed 4 footnotes
✓ (4 footnotes)
Processing ecclesiastes_7.xml...   ✓ Processed 3 footnotes
✓ (3 footnotes)
Processing ecclesiastes_8.xml...   ✓ Processed 6 footnotes
✓ (6 footnotes)
Processing ecclesiastes_9.xml...   ✓ Processed 3 footnotes
✓ (3 footnotes)
Processing ephesians_1.xml...   ✓ Processed 2 footnotes
✓ (2 footnotes)
Processing ephesians_2.xml...   ✓ Processed 5 footnotes
✓ (5 footnotes)
Processing ephesians_3.xml...   ✓ Processed 3 footnotes
✓ (3 footnotes)
Processing ephesians_4.xml...   ✓ Processed 6 footnotes
✓ (6 footnotes)
Processing ephesians_5.xml...   ✓ Processed 1 footnotes
✓ (1 footnotes)
Processing ephesians_6.xml...   ✓ Processed 4 footnotes
✓ (4 footnotes)
Processing esther_1.xml...   ✓ Processed 3 footnotes
✓ (3 footnotes)
Processing esther_10.xml... - (no footnotes)
Processing esther_2.xml...   ✓ Processed 3 footnotes
✓ (3 footnotes)
Processing esther_3.xml...   ✓ Processed 3 footnotes
✓ (3 footnotes)
Processing esther_4.xml...   ✓ Processed 3 footnotes
✓ (3 footnotes)
Processing esther_5.xml...   ✓ Processed 5 footnotes
✓ (5 footnotes)
Processing esther_6.xml...   ✓ Processed 3 footnotes
✓ (3 footnotes)
Processing esther_7.xml...   ✓ Processed 3 footnotes
✓ (3 footnotes)
Processing esther_8.xml...   ✓ Processed 2 footnotes
✓ (2 footnotes)
Processing esther_9.xml...   ✓ Processed 1 footnotes
✓ (1 footnotes)
Processing exodus_1.xml...   ✗ Error: list.remove(x): x not in list
- (no footnotes)
Processing exodus_10.xml...   ✓ Processed 1 footnotes
✓ (1 footnotes)
Processing exodus_11.xml... - (no footnotes)
Processing exodus_12.xml...   ✓ Processed 2 footnotes
✓ (2 footnotes)
Processing exodus_13.xml...   ✓ Processed 1 footnotes
✓ (1 footnotes)
Processing exodus_14.xml...   ✓ Processed 3 footnotes
✓ (3 footnotes)
Processing exodus_15.xml...   ✓ Processed 4 footnotes
✓ (4 footnotes)
Processing exodus_16.xml...   ✓ Processed 3 footnotes
✓ (3 footnotes)
Processing exodus_17.xml...   ✓ Processed 3 footnotes
✓ (3 footnotes)
Processing exodus_18.xml...   ✗ Error: list.remove(x): x not in list
- (no footnotes)
Processing exodus_19.xml...   ✗ Error: list.remove(x): x not in list
- (no footnotes)
Processing exodus_2.xml...   ✗ Error: list.remove(x): x not in list
- (no footnotes)
Processing exodus_20.xml...   ✓ Processed 4 footnotes
✓ (4 footnotes)
Processing exodus_21.xml...   ✓ Processed 4 footnotes
✓ (4 footnotes)
Processing exodus_22.xml...   ✓ Processed 6 footnotes
✓ (6 footnotes)
Processing exodus_23.xml...   ✓ Processed 3 footnotes
✓ (3 footnotes)
Processing exodus_24.xml...   ✓ Processed 1 footnotes
✓ (1 footnotes)
Processing exodus_25.xml...   ✓ Processed 5 footnotes
✓ (5 footnotes)
Processing exodus_26.xml...   ✓ Processed 2 footnotes
✓ (2 footnotes)
Processing exodus_27.xml...   ✓ Processed 1 footnotes
✓ (1 footnotes)
Processing exodus_28.xml...   ✓ Processed 3 footnotes
✓ (3 footnotes)
Processing exodus_29.xml...   ✓ Processed 4 footnotes
✓ (4 footnotes)
Processing exodus_3.xml...   ✗ Error: list.remove(x): x not in list
- (no footnotes)
Processing exodus_30.xml...   ✓ Processed 5 footnotes
✓ (5 footnotes)
Processing exodus_31.xml...   ✓ Processed 1 footnotes
✓ (1 footnotes)
Processing exodus_32.xml...   ✗ Error: list.remove(x): x not in list
- (no footnotes)
Processing exodus_33.xml...   ✗ Error: list.remove(x): x not in list
- (no footnotes)
Processing exodus_34.xml...   ✗ Error: list.remove(x): x not in list
- (no footnotes)
Processing exodus_35.xml...   ✓ Processed 2 footnotes
✓ (2 footnotes)
Processing exodus_36.xml...   ✓ Processed 2 footnotes
✓ (2 footnotes)
Processing exodus_37.xml...   ✓ Processed 3 footnotes
✓ (3 footnotes)
Processing exodus_38.xml...   ✓ Processed 3 footnotes
✓ (3 footnotes)
Processing exodus_39.xml...   ✓ Processed 2 footnotes
✓ (2 footnotes)
Processing exodus_4.xml...   ✗ Error: list.remove(x): x not in list
- (no footnotes)
Processing exodus_40.xml... - (no footnotes)
Processing exodus_5.xml...   ✓ Processed 1 footnotes
✓ (1 footnotes)
Processing exodus_6.xml...   ✓ Processed 1 footnotes
✓ (1 footnotes)
Processing exodus_7.xml... - (no footnotes)
Processing exodus_8.xml...   ✓ Processed 6 footnotes
✓ (6 footnotes)
Processing exodus_9.xml...   ✓ Processed 2 footnotes
✓ (2 footnotes)
Processing ezekiel_1.xml...   ✓ Processed 8 footnotes
✓ (8 footnotes)
Processing ezekiel_10.xml...   ✓ Processed 5 footnotes
✓ (5 footnotes)
Processing ezekiel_11.xml...   ✓ Processed 4 footnotes
✓ (4 footnotes)
Processing ezekiel_12.xml...   ✓ Processed 5 footnotes
✓ (5 footnotes)
Processing ezekiel_13.xml...   ✓ Processed 1 footnotes
✓ (1 footnotes)
Processing ezekiel_14.xml...   ✓ Processed 2 footnotes
✓ (2 footnotes)
Processing ezekiel_15.xml... - (no footnotes)
Processing ezekiel_16.xml...   ✓ Processed 9 footnotes
✓ (9 footnotes)
Processing ezekiel_17.xml...   ✓ Processed 3 footnotes
✓ (3 footnotes)
Processing ezekiel_18.xml...   ✓ Processed 4 footnotes
✓ (4 footnotes)
Processing ezekiel_19.xml...   ✓ Processed 4 footnotes
✓ (4 footnotes)
Processing ezekiel_2.xml...   ✗ Error: list.remove(x): x not in list
- (no footnotes)
Processing ezekiel_20.xml...   ✓ Processed 5 footnotes
✓ (5 footnotes)
Processing ezekiel_21.xml...   ✓ Processed 9 footnotes
✓ (9 footnotes)
Processing ezekiel_22.xml...   ✓ Processed 2 footnotes
✓ (2 footnotes)
Processing ezekiel_23.xml...   ✓ Processed 7 footnotes
✓ (7 footnotes)
Processing ezekiel_24.xml...   ✓ Processed 4 footnotes
✓ (4 footnotes)
Processing ezekiel_25.xml...   ✓ Processed 2 footnotes
✓ (2 footnotes)
Processing ezekiel_26.xml...   ✓ Processed 1 footnotes
✓ (1 footnotes)
Processing ezekiel_27.xml...   ✓ Processed 3 footnotes
✓ (3 footnotes)
Processing ezekiel_28.xml...   ✓ Processed 5 footnotes
✓ (5 footnotes)
Processing ezekiel_29.xml...   ✓ Processed 4 footnotes
✓ (4 footnotes)
Processing ezekiel_3.xml...   ✗ Error: list.remove(x): x not in list
- (no footnotes)
Processing ezekiel_30.xml...   ✓ Processed 8 footnotes
✓ (8 footnotes)
Processing ezekiel_31.xml...   ✓ Processed 6 footnotes
✓ (6 footnotes)
Processing ezekiel_32.xml...   ✓ Processed 4 footnotes
✓ (4 footnotes)
Processing ezekiel_33.xml...   ✓ Processed 2 footnotes
✓ (2 footnotes)
Processing ezekiel_34.xml...   ✓ Processed 2 footnotes
✓ (2 footnotes)
Processing ezekiel_35.xml... - (no footnotes)
Processing ezekiel_36.xml...   ✓ Processed 2 footnotes
✓ (2 footnotes)
Processing ezekiel_37.xml...   ✗ Error: list.remove(x): x not in list
- (no footnotes)
Processing ezekiel_38.xml...   ✓ Processed 4 footnotes
✓ (4 footnotes)
Processing ezekiel_39.xml...   ✓ Processed 6 footnotes
✓ (6 footnotes)
Processing ezekiel_4.xml...   ✗ Error: list.remove(x): x not in list
- (no footnotes)
Processing ezekiel_40.xml...   ✗ Error: list.remove(x): x not in list
- (no footnotes)
Processing ezekiel_41.xml...   ✓ Processed 10 footnotes
✓ (10 footnotes)
Processing ezekiel_42.xml...   ✓ Processed 7 footnotes
✓ (7 footnotes)
Processing ezekiel_43.xml...   ✗ Error: list.remove(x): x not in list
Traceback (most recent call last):
  File "/Users/prayercircle/Documents/bible/bible-xml-generator/link_footnotes.py", line 137, in process_xml_file
    verse.remove(note)
ValueError: list.remove(x): x not in list
Traceback (most recent call last):
  File "/Users/prayercircle/Documents/bible/bible-xml-generator/link_footnotes.py", line 137, in process_xml_file
    verse.remove(note)
ValueError: list.remove(x): x not in list
Traceback (most recent call last):
  File "/Users/prayercircle/Documents/bible/bible-xml-generator/link_footnotes.py", line 137, in process_xml_file
    verse.remove(note)
ValueError: list.remove(x): x not in list
Traceback (most recent call last):
  File "/Users/prayercircle/Documents/bible/bible-xml-generator/link_footnotes.py", line 137, in process_xml_file
    verse.remove(note)
ValueError: list.remove(x): x not in list
Traceback (most recent call last):
  File "/Users/prayercircle/Documents/bible/bible-xml-generator/link_footnotes.py", line 137, in process_xml_file
    verse.remove(note)
ValueError: list.remove(x): x not in list
Traceback (most recent call last):
  File "/Users/prayercircle/Documents/bible/bible-xml-generator/link_footnotes.py", line 137, in process_xml_file
    verse.remove(note)
ValueError: list.remove(x): x not in list
Traceback (most recent call last):
  File "/Users/prayercircle/Documents/bible/bible-xml-generator/link_footnotes.py", line 137, in process_xml_file
    verse.remove(note)
ValueError: list.remove(x): x not in list
Traceback (most recent call last):
  File "/Users/prayercircle/Documents/bible/bible-xml-generator/link_footnotes.py", line 137, in process_xml_file
    verse.remove(note)
ValueError: list.remove(x): x not in list
Traceback (most recent call last):
  File "/Users/prayercircle/Documents/bible/bible-xml-generator/link_footnotes.py", line 137, in process_xml_file
    verse.remove(note)
ValueError: list.remove(x): x not in list
Traceback (most recent call last):
  File "/Users/prayercircle/Documents/bible/bible-xml-generator/link_footnotes.py", line 137, in process_xml_file
    verse.remove(note)
ValueError: list.remove(x): x not in list
Traceback (most recent call last):
  File "/Users/prayercircle/Documents/bible/bible-xml-generator/link_footnotes.py", line 137, in process_xml_file
    verse.remove(note)
ValueError: list.remove(x): x not in list
Traceback (most recent call last):
  File "/Users/prayercircle/Documents/bible/bible-xml-generator/link_footnotes.py", line 137, in process_xml_file
    verse.remove(note)
ValueError: list.remove(x): x not in list
Traceback (most recent call last):
  File "/Users/prayercircle/Documents/bible/bible-xml-generator/link_footnotes.py", line 137, in process_xml_file
    verse.remove(note)
ValueError: list.remove(x): x not in list
Traceback (most recent call last):
  File "/Users/prayercircle/Documents/bible/bible-xml-generator/link_footnotes.py", line 137, in process_xml_file
    verse.remove(note)
ValueError: list.remove(x): x not in list
Traceback (most recent call last):
  File "/Users/prayercircle/Documents/bible/bible-xml-generator/link_footnotes.py", line 137, in process_xml_file
    verse.remove(note)
ValueError: list.remove(x): x not in list
Traceback (most recent call last):
  File "/Users/prayercircle/Documents/bible/bible-xml-generator/link_footnotes.py", line 137, in process_xml_file
    verse.remove(note)
ValueError: list.remove(x): x not in list
Traceback (most recent call last):
  File "/Users/prayercircle/Documents/bible/bible-xml-generator/link_footnotes.py", line 137, in process_xml_file
    verse.remove(note)
ValueError: list.remove(x): x not in list
Traceback (most recent call last):
  File "/Users/prayercircle/Documents/bible/bible-xml-generator/link_footnotes.py", line 137, in process_xml_file
    verse.remove(note)
ValueError: list.remove(x): x not in list
Traceback (most recent call last):
  File "/Users/prayercircle/Documents/bible/bible-xml-generator/link_footnotes.py", line 137, in process_xml_file
    verse.remove(note)
ValueError: list.remove(x): x not in list
Traceback (most recent call last):
  File "/Users/prayercircle/Documents/bible/bible-xml-generator/link_footnotes.py", line 137, in process_xml_file
    verse.remove(note)
ValueError: list.remove(x): x not in list
Traceback (most recent call last):
  File "/Users/prayercircle/Documents/bible/bible-xml-generator/link_footnotes.py", line 137, in process_xml_file
    verse.remove(note)
ValueError: list.remove(x): x not in list
Traceback (most recent call last):
  File "/Users/prayercircle/Documents/bible/bible-xml-generator/link_footnotes.py", line 137, in process_xml_file
    verse.remove(note)
ValueError: list.remove(x): x not in list
Traceback (most recent call last):
  File "/Users/prayercircle/Documents/bible/bible-xml-generator/link_footnotes.py", line 137, in process_xml_file
    verse.remove(note)
ValueError: list.remove(x): x not in list
Traceback (most recent call last):
  File "/Users/prayercircle/Documents/bible/bible-xml-generator/link_footnotes.py", line 137, in process_xml_file
    verse.remove(note)
ValueError: list.remove(x): x not in list
Traceback (most recent call last):
  File "/Users/prayercircle/Documents/bible/bible-xml-generator/link_footnotes.py", line 137, in process_xml_file
    verse.remove(note)
ValueError: list.remove(x): x not in list
Traceback (most recent call last):
  File "/Users/prayercircle/Documents/bible/bible-xml-generator/link_footnotes.py", line 137, in process_xml_file
    verse.remove(note)
ValueError: list.remove(x): x not in list
Traceback (most recent call last):
  File "/Users/prayercircle/Documents/bible/bible-xml-generator/link_footnotes.py", line 137, in process_xml_file
    verse.remove(note)
ValueError: list.remove(x): x not in list
Traceback (most recent call last):
  File "/Users/prayercircle/Documents/bible/bible-xml-generator/link_footnotes.py", line 137, in process_xml_file
    verse.remove(note)
ValueError: list.remove(x): x not in list
Traceback (most recent call last):
  File "/Users/prayercircle/Documents/bible/bible-xml-generator/link_footnotes.py", line 137, in process_xml_file
    verse.remove(note)
ValueError: list.remove(x): x not in list
Traceback (most recent call last):
  File "/Users/prayercircle/Documents/bible/bible-xml-generator/link_footnotes.py", line 137, in process_xml_file
    verse.remove(note)
ValueError: list.remove(x): x not in list
Traceback (most recent call last):
  File "/Users/prayercircle/Documents/bible/bible-xml-generator/link_footnotes.py", line 137, in process_xml_file
    verse.remove(note)
ValueError: list.remove(x): x not in list
Traceback (most recent call last):
  File "/Users/prayercircle/Documents/bible/bible-xml-generator/link_footnotes.py", line 137, in process_xml_file
    verse.remove(note)
ValueError: list.remove(x): x not in list
Traceback (most recent call last):
  File "/Users/prayercircle/Documents/bible/bible-xml-generator/link_footnotes.py", line 137, in process_xml_file
    verse.remove(note)
ValueError: list.remove(x): x not in list
- (no footnotes)
Processing ezekiel_44.xml...   ✓ Processed 4 footnotes
✓ (4 footnotes)
Processing ezekiel_45.xml...   ✓ Processed 10 footnotes
✓ (10 footnotes)
Processing ezekiel_46.xml...   Warning: Could not clean verse: mismatched tag: line 11, column 114
  ✗ Error: list.remove(x): x not in list
- (no footnotes)
Processing ezekiel_47.xml...   ✗ Error: list.remove(x): x not in list
- (no footnotes)
Processing ezekiel_48.xml...   ✓ Processed 8 footnotes
✓ (8 footnotes)
Processing ezekiel_5.xml...   ✓ Processed 6 footnotes
✓ (6 footnotes)
Processing ezekiel_6.xml...   ✓ Processed 2 footnotes
✓ (2 footnotes)
Processing ezekiel_7.xml...   ✓ Processed 10 footnotes
✓ (10 footnotes)
Processing ezekiel_8.xml...   ✗ Error: list.remove(x): x not in list
- (no footnotes)
Processing ezekiel_9.xml... - (no footnotes)
Processing ezra_1.xml... - (no footnotes)
Processing ezra_10.xml...   ✓ Processed 7 footnotes
✓ (7 footnotes)
Processing ezra_2.xml...   ✓ Processed 3 footnotes
✓ (3 footnotes)
Processing ezra_3.xml... - (no footnotes)
Processing ezra_4.xml...   ✓ Processed 2 footnotes
✓ (2 footnotes)
Processing ezra_5.xml...   ✗ Error: list.remove(x): x not in list
- (no footnotes)
Processing ezra_6.xml...   ✓ Processed 2 footnotes
✓ (2 footnotes)
Processing ezra_7.xml...   ✓ Processed 6 footnotes
✓ (6 footnotes)
Processing ezra_8.xml...   ✓ Processed 7 footnotes
✓ (7 footnotes)
Processing ezra_9.xml...   ✓ Processed 3 footnotes
✓ (3 footnotes)
Processing galatians_1.xml...   ✓ Processed 6 footnotes
✓ (6 footnotes)
Processing galatians_2.xml...   ✓ Processed 3 footnotes
✓ (3 footnotes)
Processing galatians_3.xml...   ✓ Processed 7 footnotes
✓ (7 footnotes)
Processing galatians_4.xml...   ✓ Processed 6 footnotes
✓ (6 footnotes)
Processing galatians_5.xml...   ✓ Processed 5 footnotes
✓ (5 footnotes)
Processing galatians_6.xml...   ✓ Processed 2 footnotes
✓ (2 footnotes)
Processing genesis_1.xml...   ✓ Processed 8 footnotes
✓ (8 footnotes)
Processing genesis_10.xml...   ✓ Processed 4 footnotes
✓ (4 footnotes)
Processing genesis_11.xml...   ✓ Processed 1 footnotes
✓ (1 footnotes)
Processing genesis_12.xml...   ✓ Processed 4 footnotes
✓ (4 footnotes)
Processing genesis_13.xml...   ✓ Processed 2 footnotes
✓ (2 footnotes)
Processing genesis_14.xml...   ✓ Processed 3 footnotes
✓ (3 footnotes)
Processing genesis_15.xml...   ✗ Error: list.remove(x): x not in list
- (no footnotes)
Processing genesis_16.xml...   ✓ Processed 6 footnotes
✓ (6 footnotes)
Processing genesis_17.xml...   ✓ Processed 6 footnotes
✓ (6 footnotes)
Processing genesis_18.xml...   ✗ Error: list.remove(x): x not in list
- (no footnotes)
Processing genesis_19.xml...   ✗ Error: list.remove(x): x not in list
- (no footnotes)
Processing genesis_2.xml...   ✓ Processed 10 footnotes
✓ (10 footnotes)
Processing genesis_20.xml...   ✓ Processed 1 footnotes
✓ (1 footnotes)
Processing genesis_21.xml...   ✗ Error: list.remove(x): x not in list
- (no footnotes)
Processing genesis_22.xml...   ✗ Error: list.remove(x): x not in list
- (no footnotes)
Processing genesis_23.xml...   ✓ Processed 3 footnotes
✓ (3 footnotes)
Processing genesis_24.xml...   ✗ Error: list.remove(x): x not in list
- (no footnotes)
Processing genesis_25.xml...   ✓ Processed 5 footnotes
✓ (5 footnotes)
Processing genesis_26.xml...   ✓ Processed 6 footnotes
✓ (6 footnotes)
Processing genesis_27.xml...   ✗ Error: list.remove(x): x not in list
- (no footnotes)
Processing genesis_28.xml...   ✓ Processed 4 footnotes
✓ (4 footnotes)
Processing genesis_29.xml...   ✗ Error: list.remove(x): x not in list
- (no footnotes)
Processing genesis_3.xml...   ✓ Processed 7 footnotes
✓ (7 footnotes)
Processing genesis_30.xml...   ✗ Error: list.remove(x): x not in list
- (no footnotes)
Processing genesis_31.xml...   ✗ Error: list.remove(x): x not in list
- (no footnotes)
Processing genesis_32.xml...   ✗ Error: list.remove(x): x not in list
- (no footnotes)
Processing genesis_33.xml...   ✗ Error: list.remove(x): x not in list
- (no footnotes)
Processing genesis_34.xml...   ✓ Processed 2 footnotes
✓ (2 footnotes)
Processing genesis_35.xml...   ✓ Processed 8 footnotes
✓ (8 footnotes)
Processing genesis_36.xml...   ✓ Processed 2 footnotes
✓ (2 footnotes)
Processing genesis_37.xml...   ✗ Error: list.remove(x): x not in list
- (no footnotes)
Processing genesis_38.xml...   ✗ Error: list.remove(x): x not in list
- (no footnotes)
Processing genesis_39.xml... - (no footnotes)
Processing genesis_4.xml...   ✗ Error: list.remove(x): x not in list
- (no footnotes)
Processing genesis_40.xml... - (no footnotes)
Processing genesis_41.xml...   ✗ Error: list.remove(x): x not in list
- (no footnotes)
Processing genesis_42.xml... - (no footnotes)
Processing genesis_43.xml...   ✓ Processed 2 footnotes
✓ (2 footnotes)
Processing genesis_44.xml...   ✓ Processed 1 footnotes
✓ (1 footnotes)
Processing genesis_45.xml...   ✗ Error: list.remove(x): x not in list
- (no footnotes)
Processing genesis_46.xml...   ✗ Error: list.remove(x): x not in list
- (no footnotes)
Processing genesis_47.xml...   Warning: Could not clean verse: mismatched tag: line 11, column 89
  ✓ Processed 2 footnotes
✓ (2 footnotes)
Processing genesis_48.xml...   ✗ Error: list.remove(x): x not in list
- (no footnotes)
Processing genesis_49.xml...   ✓ Processed 9 footnotes
✓ (9 footnotes)
Processing genesis_5.xml...   ✓ Processed 4 footnotes
✓ (4 footnotes)
Processing genesis_50.xml...   ✓ Processed 3 footnotes
✓ (3 footnotes)
Processing genesis_6.xml...   ✓ Processed 6 footnotes
✓ (6 footnotes)
Processing genesis_7.xml...   ✓ Processed 4 footnotes
✓ (4 footnotes)
Processing genesis_8.xml...   ✓ Processed 1 footnotes
✓ (1 footnotes)
Processing genesis_9.xml...   ✓ Processed 4 footnotes
✓ (4 footnotes)
Processing habakkuk_1.xml...   ✓ Processed 2 footnotes
✓ (2 footnotes)
Processing habakkuk_2.xml...   ✓ Processed 3 footnotes
✓ (3 footnotes)
Processing habakkuk_3.xml...   ✓ Processed 4 footnotes
✓ (4 footnotes)
Processing haggai_1.xml... - (no footnotes)
Processing haggai_2.xml...   ✓ Processed 3 footnotes
✓ (3 footnotes)
Processing hebrews_1.xml...   ✓ Processed 1 footnotes
✓ (1 footnotes)
Processing hebrews_10.xml...   ✓ Processed 3 footnotes
✓ (3 footnotes)
Processing hebrews_11.xml...   ✓ Processed 1 footnotes
✓ (1 footnotes)
Processing hebrews_12.xml...   ✓ Processed 1 footnotes
✓ (1 footnotes)
Processing hebrews_13.xml...   ✓ Processed 3 footnotes
✓ (3 footnotes)
Processing hebrews_2.xml...   ✓ Processed 3 footnotes
✓ (3 footnotes)
Processing hebrews_3.xml...   ✓ Processed 3 footnotes
✓ (3 footnotes)
Processing hebrews_4.xml...   ✓ Processed 2 footnotes
✓ (2 footnotes)
Processing hebrews_5.xml...   ✓ Processed 1 footnotes
✓ (1 footnotes)
Processing hebrews_6.xml...   ✓ Processed 2 footnotes
✓ (2 footnotes)
Processing hebrews_7.xml...   ✓ Processed 2 footnotes
✓ (2 footnotes)
Processing hebrews_8.xml...   ✓ Processed 3 footnotes
✓ (3 footnotes)
Processing hebrews_9.xml...   ✓ Processed 8 footnotes
✓ (8 footnotes)
Processing hosea_1.xml...   ✓ Processed 5 footnotes
✓ (5 footnotes)
Processing hosea_10.xml...   ✓ Processed 7 footnotes
✓ (7 footnotes)
Processing hosea_11.xml...   ✓ Processed 4 footnotes
✓ (4 footnotes)
Processing hosea_12.xml...   ✓ Processed 1 footnotes
✓ (1 footnotes)
Processing hosea_13.xml...   ✓ Processed 4 footnotes
✓ (4 footnotes)
Processing hosea_14.xml...   ✓ Processed 3 footnotes
✓ (3 footnotes)
Processing hosea_2.xml...   ✗ Error: list.remove(x): x not in list
- (no footnotes)
Processing hosea_3.xml...   ✓ Processed 1 footnotes
✓ (1 footnotes)
Processing hosea_4.xml...   ✓ Processed 4 footnotes
✓ (4 footnotes)
Processing hosea_5.xml...   ✓ Processed 4 footnotes
✓ (4 footnotes)
Processing hosea_6.xml...   ✓ Processed 1 footnotes
✓ (1 footnotes)
Processing hosea_7.xml...   ✓ Processed 2 footnotes
✓ (2 footnotes)
Processing hosea_8.xml...   ✓ Processed 2 footnotes
✓ (2 footnotes)
Processing hosea_9.xml...   ✓ Processed 2 footnotes
✓ (2 footnotes)
Processing isaiah_1.xml...   ✓ Processed 5 footnotes
✓ (5 footnotes)
Processing isaiah_10.xml...   ✓ Processed 3 footnotes
✓ (3 footnotes)
Processing isaiah_11.xml...   ✓ Processed 4 footnotes
✓ (4 footnotes)
Processing isaiah_12.xml...   ✓ Processed 5 footnotes
✓ (5 footnotes)
Processing isaiah_13.xml...   ✓ Processed 6 footnotes
✓ (6 footnotes)
Processing isaiah_14.xml...   ✓ Processed 5 footnotes
✓ (5 footnotes)
Processing isaiah_15.xml...   ✓ Processed 3 footnotes
✓ (3 footnotes)
Processing isaiah_16.xml...   ✓ Processed 1 footnotes
✓ (1 footnotes)
Processing isaiah_17.xml...   ✓ Processed 2 footnotes
✓ (2 footnotes)
Processing isaiah_18.xml...   ✓ Processed 1 footnotes
✓ (1 footnotes)
Processing isaiah_19.xml...   ✓ Processed 2 footnotes
✓ (2 footnotes)
Processing isaiah_2.xml...   ✓ Processed 2 footnotes
✓ (2 footnotes)
Processing isaiah_20.xml...   ✓ Processed 1 footnotes
✓ (1 footnotes)
Processing isaiah_21.xml...   ✓ Processed 2 footnotes
✓ (2 footnotes)
Processing isaiah_22.xml... - (no footnotes)
Processing isaiah_23.xml...   ✗ Error: list.remove(x): x not in list
- (no footnotes)
Processing isaiah_24.xml...   ✓ Processed 4 footnotes
✓ (4 footnotes)
Processing isaiah_25.xml...   ✓ Processed 2 footnotes
✓ (2 footnotes)
Processing isaiah_26.xml... - (no footnotes)
Processing isaiah_27.xml...   ✓ Processed 6 footnotes
✓ (6 footnotes)
Processing isaiah_28.xml...   ✓ Processed 6 footnotes
✓ (6 footnotes)
Processing isaiah_29.xml...   ✓ Processed 4 footnotes
✓ (4 footnotes)
Processing isaiah_3.xml...   ✓ Processed 6 footnotes
✓ (6 footnotes)
Processing isaiah_30.xml...   ✓ Processed 5 footnotes
✓ (5 footnotes)
Processing isaiah_31.xml...   ✓ Processed 3 footnotes
✓ (3 footnotes)
Processing isaiah_32.xml...   ✓ Processed 1 footnotes
✓ (1 footnotes)
Processing isaiah_33.xml...   ✓ Processed 2 footnotes
✓ (2 footnotes)
Processing isaiah_34.xml...   ✓ Processed 6 footnotes
✓ (6 footnotes)
Processing isaiah_35.xml...   ✓ Processed 1 footnotes
✓ (1 footnotes)
Processing isaiah_36.xml...   ✓ Processed 2 footnotes
✓ (2 footnotes)
Processing isaiah_37.xml...   ✓ Processed 2 footnotes
✓ (2 footnotes)
Processing isaiah_38.xml...   ✓ Processed 5 footnotes
✓ (5 footnotes)
Processing isaiah_39.xml... - (no footnotes)
Processing isaiah_4.xml...   ✓ Processed 1 footnotes
✓ (1 footnotes)
Processing isaiah_40.xml...   ✓ Processed 8 footnotes
✓ (8 footnotes)
Processing isaiah_41.xml...   ✓ Processed 3 footnotes
✓ (3 footnotes)
Processing isaiah_42.xml...   ✓ Processed 4 footnotes
✓ (4 footnotes)
Processing isaiah_43.xml... - (no footnotes)
Processing isaiah_44.xml...   ✓ Processed 3 footnotes
✓ (3 footnotes)
Processing isaiah_45.xml...   ✓ Processed 4 footnotes
✓ (4 footnotes)
Processing isaiah_46.xml... - (no footnotes)
Processing isaiah_47.xml... - (no footnotes)
Processing isaiah_48.xml...   ✓ Processed 2 footnotes
✓ (2 footnotes)
Processing isaiah_49.xml...   ✗ Error: list.remove(x): x not in list
- (no footnotes)
Processing isaiah_5.xml...   ✓ Processed 10 footnotes
✓ (10 footnotes)
Processing isaiah_50.xml... - (no footnotes)
Processing isaiah_51.xml...   ✓ Processed 4 footnotes
✓ (4 footnotes)
Processing isaiah_52.xml...   ✓ Processed 3 footnotes
✓ (3 footnotes)
Processing isaiah_53.xml...   ✓ Processed 12 footnotes
✓ (12 footnotes)
Processing isaiah_54.xml...   ✓ Processed 5 footnotes
✓ (5 footnotes)
Processing isaiah_55.xml... - (no footnotes)
Processing isaiah_56.xml... - (no footnotes)
Processing isaiah_57.xml...   ✓ Processed 3 footnotes
✓ (3 footnotes)
Processing isaiah_58.xml...   ✓ Processed 6 footnotes
✓ (6 footnotes)
Processing isaiah_59.xml...   ✓ Processed 2 footnotes
✓ (2 footnotes)
Processing isaiah_6.xml...   ✗ Error: list.remove(x): x not in list
- (no footnotes)
Processing isaiah_60.xml...   ✓ Processed 4 footnotes
✓ (4 footnotes)
Processing isaiah_61.xml...   ✓ Processed 4 footnotes
✓ (4 footnotes)
Processing isaiah_62.xml...   ✓ Processed 5 footnotes
✓ (5 footnotes)
Processing isaiah_63.xml...   ✓ Processed 6 footnotes
✓ (6 footnotes)
Processing isaiah_64.xml...   ✓ Processed 4 footnotes
✓ (4 footnotes)
Processing isaiah_65.xml...   ✓ Processed 4 footnotes
✓ (4 footnotes)
Processing isaiah_66.xml...   ✓ Processed 3 footnotes
✓ (3 footnotes)
Processing isaiah_7.xml...   ✓ Processed 11 footnotes
✓ (11 footnotes)
Processing isaiah_8.xml...   ✓ Processed 9 footnotes
✓ (9 footnotes)
Processing isaiah_9.xml...   ✓ Processed 6 footnotes
✓ (6 footnotes)
Processing james_1.xml...   ✓ Processed 4 footnotes
✓ (4 footnotes)
Processing james_2.xml...   ✓ Processed 2 footnotes
✓ (2 footnotes)
Processing james_3.xml...   ✓ Processed 3 footnotes
✓ (3 footnotes)
Processing james_4.xml...   ✓ Processed 4 footnotes
✓ (4 footnotes)
Processing james_5.xml...   ✓ Processed 2 footnotes
✓ (2 footnotes)
Processing jeremiah_1.xml...   ✓ Processed 3 footnotes
✓ (3 footnotes)
Processing jeremiah_10.xml...   ✓ Processed 3 footnotes
✓ (3 footnotes)
Processing jeremiah_11.xml... - (no footnotes)
Processing jeremiah_12.xml...   ✓ Processed 1 footnotes
✓ (1 footnotes)
Processing jeremiah_13.xml...   ✓ Processed 1 footnotes
✓ (1 footnotes)
Processing jeremiah_14.xml... - (no footnotes)
Processing jeremiah_15.xml...   ✓ Processed 1 footnotes
✓ (1 footnotes)
Processing jeremiah_16.xml... - (no footnotes)
Processing jeremiah_17.xml...   ✓ Processed 3 footnotes
✓ (3 footnotes)
Processing jeremiah_18.xml...   ✓ Processed 3 footnotes
✓ (3 footnotes)
Processing jeremiah_19.xml... - (no footnotes)
Processing jeremiah_2.xml...   ✓ Processed 4 footnotes
✓ (4 footnotes)
Processing jeremiah_20.xml...   ✓ Processed 1 footnotes
✓ (1 footnotes)
Processing jeremiah_21.xml...   ✓ Processed 1 footnotes
✓ (1 footnotes)
Processing jeremiah_22.xml...   ✓ Processed 1 footnotes
✓ (1 footnotes)
Processing jeremiah_23.xml...   ✓ Processed 3 footnotes
✓ (3 footnotes)
Processing jeremiah_24.xml...   ✓ Processed 1 footnotes
✓ (1 footnotes)
Processing jeremiah_25.xml...   ✓ Processed 1 footnotes
✓ (1 footnotes)
Processing jeremiah_26.xml... - (no footnotes)
Processing jeremiah_27.xml...   ✓ Processed 2 footnotes
✓ (2 footnotes)
Processing jeremiah_28.xml... - (no footnotes)
Processing jeremiah_29.xml...   ✓ Processed 2 footnotes
✓ (2 footnotes)
Processing jeremiah_3.xml...   ✓ Processed 2 footnotes
✓ (2 footnotes)
Processing jeremiah_30.xml...   ✓ Processed 1 footnotes
✓ (1 footnotes)
Processing jeremiah_31.xml...   ✓ Processed 2 footnotes
✓ (2 footnotes)
Processing jeremiah_32.xml... - (no footnotes)
Processing jeremiah_33.xml...   ✓ Processed 3 footnotes
✓ (3 footnotes)
Processing jeremiah_34.xml...   ✓ Processed 1 footnotes
✓ (1 footnotes)
Processing jeremiah_35.xml... - (no footnotes)
Processing jeremiah_36.xml... - (no footnotes)
Processing jeremiah_37.xml... - (no footnotes)
Processing jeremiah_38.xml... - (no footnotes)
Processing jeremiah_39.xml... - (no footnotes)
Processing jeremiah_4.xml... - (no footnotes)
Processing jeremiah_40.xml...   ✗ Error: list.remove(x): x not in list
- (no footnotes)
Processing jeremiah_41.xml...   ✗ Error: list.remove(x): x not in list
- (no footnotes)
Processing jeremiah_42.xml... - (no footnotes)
Processing jeremiah_43.xml... - (no footnotes)
Processing jeremiah_44.xml...   ✓ Processed 2 footnotes
✓ (2 footnotes)
Processing jeremiah_45.xml... - (no footnotes)
Processing jeremiah_46.xml...   ✓ Processed 1 footnotes
✓ (1 footnotes)
Processing jeremiah_47.xml...   ✓ Processed 1 footnotes
✓ (1 footnotes)
Processing jeremiah_48.xml...   ✓ Processed 3 footnotes
✓ (3 footnotes)
Processing jeremiah_49.xml...   ✓ Processed 4 footnotes
✓ (4 footnotes)
Processing jeremiah_5.xml...   ✓ Processed 1 footnotes
✓ (1 footnotes)
Processing jeremiah_50.xml...   ✓ Processed 4 footnotes
Traceback (most recent call last):
  File "/Users/prayercircle/Documents/bible/bible-xml-generator/link_footnotes.py", line 137, in process_xml_file
    verse.remove(note)
ValueError: list.remove(x): x not in list
Traceback (most recent call last):
  File "/Users/prayercircle/Documents/bible/bible-xml-generator/link_footnotes.py", line 137, in process_xml_file
    verse.remove(note)
ValueError: list.remove(x): x not in list
Traceback (most recent call last):
  File "/Users/prayercircle/Documents/bible/bible-xml-generator/link_footnotes.py", line 137, in process_xml_file
    verse.remove(note)
ValueError: list.remove(x): x not in list
Traceback (most recent call last):
  File "/Users/prayercircle/Documents/bible/bible-xml-generator/link_footnotes.py", line 137, in process_xml_file
    verse.remove(note)
ValueError: list.remove(x): x not in list
Traceback (most recent call last):
  File "/Users/prayercircle/Documents/bible/bible-xml-generator/link_footnotes.py", line 137, in process_xml_file
    verse.remove(note)
ValueError: list.remove(x): x not in list
Traceback (most recent call last):
  File "/Users/prayercircle/Documents/bible/bible-xml-generator/link_footnotes.py", line 137, in process_xml_file
    verse.remove(note)
ValueError: list.remove(x): x not in list
Traceback (most recent call last):
  File "/Users/prayercircle/Documents/bible/bible-xml-generator/link_footnotes.py", line 137, in process_xml_file
    verse.remove(note)
ValueError: list.remove(x): x not in list
Traceback (most recent call last):
  File "/Users/prayercircle/Documents/bible/bible-xml-generator/link_footnotes.py", line 137, in process_xml_file
    verse.remove(note)
ValueError: list.remove(x): x not in list
Traceback (most recent call last):
  File "/Users/prayercircle/Documents/bible/bible-xml-generator/link_footnotes.py", line 137, in process_xml_file
    verse.remove(note)
ValueError: list.remove(x): x not in list
Traceback (most recent call last):
  File "/Users/prayercircle/Documents/bible/bible-xml-generator/link_footnotes.py", line 137, in process_xml_file
    verse.remove(note)
ValueError: list.remove(x): x not in list
Traceback (most recent call last):
  File "/Users/prayercircle/Documents/bible/bible-xml-generator/link_footnotes.py", line 137, in process_xml_file
    verse.remove(note)
ValueError: list.remove(x): x not in list
Traceback (most recent call last):
  File "/Users/prayercircle/Documents/bible/bible-xml-generator/link_footnotes.py", line 137, in process_xml_file
    verse.remove(note)
ValueError: list.remove(x): x not in list
Traceback (most recent call last):
  File "/Users/prayercircle/Documents/bible/bible-xml-generator/link_footnotes.py", line 137, in process_xml_file
    verse.remove(note)
ValueError: list.remove(x): x not in list
Traceback (most recent call last):
  File "/Users/prayercircle/Documents/bible/bible-xml-generator/link_footnotes.py", line 137, in process_xml_file
    verse.remove(note)
ValueError: list.remove(x): x not in list
Traceback (most recent call last):
  File "/Users/prayercircle/Documents/bible/bible-xml-generator/link_footnotes.py", line 137, in process_xml_file
    verse.remove(note)
ValueError: list.remove(x): x not in list
Traceback (most recent call last):
  File "/Users/prayercircle/Documents/bible/bible-xml-generator/link_footnotes.py", line 137, in process_xml_file
    verse.remove(note)
ValueError: list.remove(x): x not in list
Traceback (most recent call last):
  File "/Users/prayercircle/Documents/bible/bible-xml-generator/link_footnotes.py", line 137, in process_xml_file
    verse.remove(note)
ValueError: list.remove(x): x not in list
Traceback (most recent call last):
  File "/Users/prayercircle/Documents/bible/bible-xml-generator/link_footnotes.py", line 137, in process_xml_file
    verse.remove(note)
ValueError: list.remove(x): x not in list
Traceback (most recent call last):
  File "/Users/prayercircle/Documents/bible/bible-xml-generator/link_footnotes.py", line 137, in process_xml_file
    verse.remove(note)
ValueError: list.remove(x): x not in list
Traceback (most recent call last):
  File "/Users/prayercircle/Documents/bible/bible-xml-generator/link_footnotes.py", line 137, in process_xml_file
    verse.remove(note)
ValueError: list.remove(x): x not in list
Traceback (most recent call last):
  File "/Users/prayercircle/Documents/bible/bible-xml-generator/link_footnotes.py", line 137, in process_xml_file
    verse.remove(note)
ValueError: list.remove(x): x not in list
Traceback (most recent call last):
  File "/Users/prayercircle/Documents/bible/bible-xml-generator/link_footnotes.py", line 137, in process_xml_file
    verse.remove(note)
ValueError: list.remove(x): x not in list
Traceback (most recent call last):
  File "/Users/prayercircle/Documents/bible/bible-xml-generator/link_footnotes.py", line 137, in process_xml_file
    verse.remove(note)
ValueError: list.remove(x): x not in list
Traceback (most recent call last):
  File "/Users/prayercircle/Documents/bible/bible-xml-generator/link_footnotes.py", line 137, in process_xml_file
    verse.remove(note)
ValueError: list.remove(x): x not in list
Traceback (most recent call last):
  File "/Users/prayercircle/Documents/bible/bible-xml-generator/link_footnotes.py", line 137, in process_xml_file
    verse.remove(note)
ValueError: list.remove(x): x not in list
Traceback (most recent call last):
  File "/Users/prayercircle/Documents/bible/bible-xml-generator/link_footnotes.py", line 137, in process_xml_file
    verse.remove(note)
ValueError: list.remove(x): x not in list
Traceback (most recent call last):
  File "/Users/prayercircle/Documents/bible/bible-xml-generator/link_footnotes.py", line 137, in process_xml_file
    verse.remove(note)
ValueError: list.remove(x): x not in list
Traceback (most recent call last):
  File "/Users/prayercircle/Documents/bible/bible-xml-generator/link_footnotes.py", line 137, in process_xml_file
    verse.remove(note)
ValueError: list.remove(x): x not in list
Traceback (most recent call last):
  File "/Users/prayercircle/Documents/bible/bible-xml-generator/link_footnotes.py", line 137, in process_xml_file
    verse.remove(note)
ValueError: list.remove(x): x not in list
Traceback (most recent call last):
  File "/Users/prayercircle/Documents/bible/bible-xml-generator/link_footnotes.py", line 137, in process_xml_file
    verse.remove(note)
ValueError: list.remove(x): x not in list
Traceback (most recent call last):
  File "/Users/prayercircle/Documents/bible/bible-xml-generator/link_footnotes.py", line 137, in process_xml_file
    verse.remove(note)
ValueError: list.remove(x): x not in list
Traceback (most recent call last):
  File "/Users/prayercircle/Documents/bible/bible-xml-generator/link_footnotes.py", line 137, in process_xml_file
    verse.remove(note)
ValueError: list.remove(x): x not in list
Traceback (most recent call last):
  File "/Users/prayercircle/Documents/bible/bible-xml-generator/link_footnotes.py", line 137, in process_xml_file
    verse.remove(note)
ValueError: list.remove(x): x not in list
Traceback (most recent call last):
  File "/Users/prayercircle/Documents/bible/bible-xml-generator/link_footnotes.py", line 137, in process_xml_file
    verse.remove(note)
ValueError: list.remove(x): x not in list
Traceback (most recent call last):
  File "/Users/prayercircle/Documents/bible/bible-xml-generator/link_footnotes.py", line 137, in process_xml_file
    verse.remove(note)
ValueError: list.remove(x): x not in list
Traceback (most recent call last):
  File "/Users/prayercircle/Documents/bible/bible-xml-generator/link_footnotes.py", line 137, in process_xml_file
    verse.remove(note)
ValueError: list.remove(x): x not in list
Traceback (most recent call last):
  File "/Users/prayercircle/Documents/bible/bible-xml-generator/link_footnotes.py", line 137, in process_xml_file
    verse.remove(note)
ValueError: list.remove(x): x not in list
Traceback (most recent call last):
  File "/Users/prayercircle/Documents/bible/bible-xml-generator/link_footnotes.py", line 137, in process_xml_file
    verse.remove(note)
ValueError: list.remove(x): x not in list
Traceback (most recent call last):
  File "/Users/prayercircle/Documents/bible/bible-xml-generator/link_footnotes.py", line 137, in process_xml_file
    verse.remove(note)
ValueError: list.remove(x): x not in list
Traceback (most recent call last):
  File "/Users/prayercircle/Documents/bible/bible-xml-generator/link_footnotes.py", line 137, in process_xml_file
    verse.remove(note)
ValueError: list.remove(x): x not in list
Traceback (most recent call last):
  File "/Users/prayercircle/Documents/bible/bible-xml-generator/link_footnotes.py", line 137, in process_xml_file
    verse.remove(note)
ValueError: list.remove(x): x not in list
Traceback (most recent call last):
  File "/Users/prayercircle/Documents/bible/bible-xml-generator/link_footnotes.py", line 137, in process_xml_file
    verse.remove(note)
ValueError: list.remove(x): x not in list
Traceback (most recent call last):
  File "/Users/prayercircle/Documents/bible/bible-xml-generator/link_footnotes.py", line 137, in process_xml_file
    verse.remove(note)
ValueError: list.remove(x): x not in list
Traceback (most recent call last):
  File "/Users/prayercircle/Documents/bible/bible-xml-generator/link_footnotes.py", line 137, in process_xml_file
    verse.remove(note)
ValueError: list.remove(x): x not in list
Traceback (most recent call last):
  File "/Users/prayercircle/Documents/bible/bible-xml-generator/link_footnotes.py", line 137, in process_xml_file
    verse.remove(note)
ValueError: list.remove(x): x not in list
Traceback (most recent call last):
  File "/Users/prayercircle/Documents/bible/bible-xml-generator/link_footnotes.py", line 137, in process_xml_file
    verse.remove(note)
ValueError: list.remove(x): x not in list
Traceback (most recent call last):
  File "/Users/prayercircle/Documents/bible/bible-xml-generator/link_footnotes.py", line 137, in process_xml_file
    verse.remove(note)
ValueError: list.remove(x): x not in list
Traceback (most recent call last):
  File "/Users/prayercircle/Documents/bible/bible-xml-generator/link_footnotes.py", line 137, in process_xml_file
    verse.remove(note)
ValueError: list.remove(x): x not in list
Traceback (most recent call last):
  File "/Users/prayercircle/Documents/bible/bible-xml-generator/link_footnotes.py", line 137, in process_xml_file
    verse.remove(note)
ValueError: list.remove(x): x not in list
Traceback (most recent call last):
  File "/Users/prayercircle/Documents/bible/bible-xml-generator/link_footnotes.py", line 137, in process_xml_file
    verse.remove(note)
ValueError: list.remove(x): x not in list
Traceback (most recent call last):
  File "/Users/prayercircle/Documents/bible/bible-xml-generator/link_footnotes.py", line 137, in process_xml_file
    verse.remove(note)
ValueError: list.remove(x): x not in list
Traceback (most recent call last):
  File "/Users/prayercircle/Documents/bible/bible-xml-generator/link_footnotes.py", line 137, in process_xml_file
    verse.remove(note)
ValueError: list.remove(x): x not in list
Traceback (most recent call last):
  File "/Users/prayercircle/Documents/bible/bible-xml-generator/link_footnotes.py", line 137, in process_xml_file
    verse.remove(note)
ValueError: list.remove(x): x not in list
Traceback (most recent call last):
  File "/Users/prayercircle/Documents/bible/bible-xml-generator/link_footnotes.py", line 137, in process_xml_file
    verse.remove(note)
ValueError: list.remove(x): x not in list
Traceback (most recent call last):
  File "/Users/prayercircle/Documents/bible/bible-xml-generator/link_footnotes.py", line 137, in process_xml_file
    verse.remove(note)
ValueError: list.remove(x): x not in list
Traceback (most recent call last):
  File "/Users/prayercircle/Documents/bible/bible-xml-generator/link_footnotes.py", line 137, in process_xml_file
    verse.remove(note)
ValueError: list.remove(x): x not in list
Traceback (most recent call last):
  File "/Users/prayercircle/Documents/bible/bible-xml-generator/link_footnotes.py", line 137, in process_xml_file
    verse.remove(note)
ValueError: list.remove(x): x not in list
Traceback (most recent call last):
  File "/Users/prayercircle/Documents/bible/bible-xml-generator/link_footnotes.py", line 137, in process_xml_file
    verse.remove(note)
ValueError: list.remove(x): x not in list
Traceback (most recent call last):
  File "/Users/prayercircle/Documents/bible/bible-xml-generator/link_footnotes.py", line 137, in process_xml_file
    verse.remove(note)
ValueError: list.remove(x): x not in list
Traceback (most recent call last):
  File "/Users/prayercircle/Documents/bible/bible-xml-generator/link_footnotes.py", line 137, in process_xml_file
    verse.remove(note)
ValueError: list.remove(x): x not in list
Traceback (most recent call last):
  File "/Users/prayercircle/Documents/bible/bible-xml-generator/link_footnotes.py", line 137, in process_xml_file
    verse.remove(note)
ValueError: list.remove(x): x not in list
Traceback (most recent call last):
  File "/Users/prayercircle/Documents/bible/bible-xml-generator/link_footnotes.py", line 137, in process_xml_file
    verse.remove(note)
ValueError: list.remove(x): x not in list
✓ (4 footnotes)
Processing jeremiah_51.xml...   ✓ Processed 5 footnotes
✓ (5 footnotes)
Processing jeremiah_52.xml...   ✓ Processed 3 footnotes
✓ (3 footnotes)
Processing jeremiah_6.xml...   ✓ Processed 1 footnotes
✓ (1 footnotes)
Processing jeremiah_7.xml... - (no footnotes)
Processing jeremiah_8.xml...   ✓ Processed 4 footnotes
✓ (4 footnotes)
Processing jeremiah_9.xml...   ✓ Processed 3 footnotes
✓ (3 footnotes)
Processing job_1.xml...   ✗ Error: list.remove(x): x not in list
- (no footnotes)
Processing job_10.xml...   ✓ Processed 1 footnotes
✓ (1 footnotes)
Processing job_11.xml...   ✓ Processed 3 footnotes
✓ (3 footnotes)
Processing job_12.xml...   ✓ Processed 3 footnotes
✓ (3 footnotes)
Processing job_13.xml...   ✓ Processed 3 footnotes
✓ (3 footnotes)
Processing job_14.xml...   ✓ Processed 2 footnotes
✓ (2 footnotes)
Processing job_15.xml...   ✓ Processed 3 footnotes
✓ (3 footnotes)
Processing job_16.xml...   ✓ Processed 2 footnotes
✓ (2 footnotes)
Processing job_17.xml...   ✓ Processed 2 footnotes
✓ (2 footnotes)
Processing job_18.xml... - (no footnotes)
Processing job_19.xml...   ✓ Processed 4 footnotes
✓ (4 footnotes)
Processing job_2.xml...   ✓ Processed 1 footnotes
✓ (1 footnotes)
Processing job_20.xml...   ✓ Processed 2 footnotes
✓ (2 footnotes)
Processing job_21.xml...   ✓ Processed 2 footnotes
✓ (2 footnotes)
Processing job_22.xml...   ✓ Processed 3 footnotes
✓ (3 footnotes)
Processing job_23.xml...   ✓ Processed 2 footnotes
✓ (2 footnotes)
Processing job_24.xml...   ✓ Processed 5 footnotes
✓ (5 footnotes)
Processing job_25.xml...   ✓ Processed 1 footnotes
✓ (1 footnotes)
Processing job_26.xml...   ✓ Processed 2 footnotes
✓ (2 footnotes)
Processing job_27.xml...   ✓ Processed 2 footnotes
✓ (2 footnotes)
Processing job_28.xml...   Warning: Could not clean verse: mismatched tag: line 11, column 104
  ✓ Processed 1 footnotes
✓ (1 footnotes)
Processing job_29.xml...   ✓ Processed 1 footnotes
✓ (1 footnotes)
Processing job_3.xml...   ✓ Processed 1 footnotes
✓ (1 footnotes)
Processing job_30.xml...   ✓ Processed 4 footnotes
✓ (4 footnotes)
Processing job_31.xml...   ✓ Processed 6 footnotes
✓ (6 footnotes)
Processing job_32.xml...   ✓ Processed 1 footnotes
✓ (1 footnotes)
Processing job_33.xml...   ✓ Processed 4 footnotes
✓ (4 footnotes)
Processing job_34.xml...   ✓ Processed 3 footnotes
✓ (3 footnotes)
Processing job_35.xml...   ✓ Processed 2 footnotes
✓ (2 footnotes)
Processing job_36.xml...   ✓ Processed 1 footnotes
✓ (1 footnotes)
Processing job_37.xml...   ✓ Processed 3 footnotes
✓ (3 footnotes)
Processing job_38.xml...   ✓ Processed 4 footnotes
✓ (4 footnotes)
Processing job_39.xml...   ✓ Processed 3 footnotes
✓ (3 footnotes)
Processing job_4.xml...   ✓ Processed 3 footnotes
✓ (3 footnotes)
Processing job_40.xml...   ✓ Processed 5 footnotes
✓ (5 footnotes)
Processing job_41.xml...   ✓ Processed 5 footnotes
✓ (5 footnotes)
Processing job_42.xml...   ✓ Processed 3 footnotes
✓ (3 footnotes)
Processing job_5.xml...   ✓ Processed 5 footnotes
✓ (5 footnotes)
Processing job_6.xml...   ✓ Processed 4 footnotes
✓ (4 footnotes)
Processing job_7.xml... - (no footnotes)
Processing job_8.xml...   ✓ Processed 1 footnotes
✓ (1 footnotes)
Processing job_9.xml...   ✓ Processed 4 footnotes
✓ (4 footnotes)
Processing joel_1.xml...   ✓ Processed 5 footnotes
✓ (5 footnotes)
Processing joel_2.xml...   ✓ Processed 5 footnotes
✓ (5 footnotes)
Processing joel_3.xml...   ✓ Processed 3 footnotes
✓ (3 footnotes)
Processing john_1.xml...   Warning: Could not clean verse: mismatched tag: line 11, column 138
  ✗ Error: list.remove(x): x not in list
- (no footnotes)
Processing john_10.xml...   ✓ Processed 1 footnotes
✓ (1 footnotes)
Processing john_11.xml...   ✗ Error: list.remove(x): x not in list
- (no footnotes)
Processing john_12.xml...   ✗ Error: list.remove(x): x not in list
- (no footnotes)
Processing john_13.xml...   Warning: Could not clean verse: mismatched tag: line 11, column 123
  ✗ Error: list.remove(x): x not in list
- (no footnotes)
Processing john_14.xml...   ✗ Error: list.remove(x): x not in list
- (no footnotes)
Processing john_15.xml...   ✓ Processed 2 footnotes
✓ (2 footnotes)
Processing john_16.xml...   ✓ Processed 1 footnotes
✓ (1 footnotes)
Processing john_17.xml...   ✓ Processed 4 footnotes
✓ (4 footnotes)
Processing john_18.xml...   ✗ Error: list.remove(x): x not in list
- (no footnotes)
Processing john_19.xml...   ✗ Error: list.remove(x): x not in list
- (no footnotes)
Processing john_2.xml...   ✗ Error: list.remove(x): x not in list
- (no footnotes)
Processing john_20.xml...   ✗ Error: list.remove(x): x not in list
- (no footnotes)
Processing john_21.xml...   ✗ Error: list.remove(x): x not in list
- (no footnotes)
Processing john_3.xml...   ✗ Error: list.remove(x): x not in list
- (no footnotes)
Processing john_4.xml...   ✗ Error: list.remove(x): x not in list
- (no footnotes)
Processing john_5.xml...   ✗ Error: list.remove(x): x not in list
- (no footnotes)
Processing john_6.xml...   ✗ Error: list.remove(x): x not in list
- (no footnotes)
Processing john_7.xml...   ✗ Error: list.remove(x): x not in list
- (no footnotes)
Processing john_8.xml...   ✗ Error: list.remove(x): x not in list
- (no footnotes)
Processing john_9.xml...   Warning: Could not clean verse: mismatched tag: line 11, column 105
  ✗ Error: list.remove(x): x not in list
- (no footnotes)
Processing jonah_1.xml...   ✗ Error: list.remove(x): x not in list
- (no footnotes)
Processing jonah_2.xml... - (no footnotes)
Processing jonah_3.xml...   ✓ Processed 3 footnotes
✓ (3 footnotes)
Processing jonah_4.xml...   ✗ Error: list.remove(x): x not in list
- (no footnotes)
Processing joshua_1.xml...   ✓ Processed 1 footnotes
✓ (1 footnotes)
Processing joshua_10.xml...   ✗ Error: list.remove(x): x not in list
- (no footnotes)
Processing joshua_11.xml...   ✓ Processed 1 footnotes
✓ (1 footnotes)
Processing joshua_12.xml...   ✓ Processed 2 footnotes
✓ (2 footnotes)
Processing joshua_13.xml...   Warning: Could not clean verse: mismatched tag: line 11, column 110
  ✗ Error: list.remove(x): x not in list
- (no footnotes)
Processing joshua_14.xml...   ✓ Processed 2 footnotes
✓ (2 footnotes)
Processing joshua_15.xml... - (no footnotes)
Processing joshua_16.xml... - (no footnotes)
Processing joshua_17.xml...   ✓ Processed 1 footnotes
✓ (1 footnotes)
Processing joshua_18.xml...   ✓ Processed 5 footnotes
✓ (5 footnotes)
Processing joshua_19.xml...   ✓ Processed 1 footnotes
✓ (1 footnotes)
Processing joshua_2.xml...   ✗ Error: list.remove(x): x not in list
- (no footnotes)
Processing joshua_20.xml... - (no footnotes)
Processing joshua_21.xml... - (no footnotes)
Processing joshua_22.xml... - (no footnotes)
Processing joshua_23.xml...   ✓ Processed 1 footnotes
✓ (1 footnotes)
Processing joshua_24.xml...   ✓ Processed 3 footnotes
✓ (3 footnotes)
Processing joshua_3.xml...   ✓ Processed 2 footnotes
✓ (2 footnotes)
Processing joshua_4.xml...   ✗ Error: list.remove(x): x not in list
- (no footnotes)
Processing joshua_5.xml...   ✓ Processed 3 footnotes
✓ (3 footnotes)
Processing joshua_6.xml...   ✓ Processed 2 footnotes
✓ (2 footnotes)
Processing joshua_7.xml...   ✓ Processed 4 footnotes
✓ (4 footnotes)
Processing joshua_8.xml...   ✓ Processed 3 footnotes
✓ (3 footnotes)
Processing joshua_9.xml... - (no footnotes)
Processing jude_1.xml...   ✓ Processed 2 footnotes
✓ (2 footnotes)
Processing judges_1.xml...   ✗ Error: list.remove(x): x not in list
- (no footnotes)
Processing judges_10.xml... - (no footnotes)
Processing judges_11.xml...   ✗ Error: list.remove(x): x not in list
- (no footnotes)
Processing judges_12.xml...   ✗ Error: list.remove(x): x not in list
- (no footnotes)
Processing judges_13.xml...   ✓ Processed 1 footnotes
✓ (1 footnotes)
Processing judges_14.xml...   ✗ Error: list.remove(x): x not in list
- (no footnotes)
Processing judges_15.xml...   ✓ Processed 2 footnotes
✓ (2 footnotes)
Processing judges_16.xml...   ✗ Error: list.remove(x): x not in list
- (no footnotes)
Processing judges_17.xml...   ✗ Error: list.remove(x): x not in list
- (no footnotes)
Processing judges_18.xml...   ✗ Error: list.remove(x): x not in list
- (no footnotes)
Processing judges_19.xml...   ✗ Error: list.remove(x): x not in list
- (no footnotes)
Processing judges_2.xml...   ✓ Processed 1 footnotes
✓ (1 footnotes)
Processing judges_20.xml...   ✓ Processed 2 footnotes
✓ (2 footnotes)
Processing judges_21.xml... - (no footnotes)
Processing judges_3.xml...   ✓ Processed 2 footnotes
✓ (2 footnotes)
Processing judges_4.xml... - (no footnotes)
Processing judges_5.xml...   ✓ Processed 5 footnotes
✓ (5 footnotes)
Processing judges_6.xml...   ✗ Error: list.remove(x): x not in list
- (no footnotes)
Processing judges_7.xml...   ✓ Processed 1 footnotes
✓ (1 footnotes)
Processing judges_8.xml...   ✗ Error: list.remove(x): x not in list
- (no footnotes)
Processing judges_9.xml...   Warning: Could not clean verse: mismatched tag: line 11, column 124
  ✗ Error: list.remove(x): x not in list
- (no footnotes)
Processing lamentations_1.xml...   ✓ Processed 8 footnotes
✓ (8 footnotes)
Processing lamentations_2.xml... - (no footnotes)
Processing lamentations_3.xml...   ✓ Processed 9 footnotes
✓ (9 footnotes)
Processing lamentations_4.xml...   ✓ Processed 7 footnotes
✓ (7 footnotes)
Processing lamentations_5.xml... - (no footnotes)
Processing leviticus_1.xml...   ✓ Processed 2 footnotes
✓ (2 footnotes)
Processing leviticus_10.xml...   ✓ Processed 1 footnotes
✓ (1 footnotes)
Processing leviticus_11.xml...   ✓ Processed 2 footnotes
✓ (2 footnotes)
Processing leviticus_12.xml...   ✓ Processed 1 footnotes
✓ (1 footnotes)
Processing leviticus_13.xml...   ✓ Processed 2 footnotes
✓ (2 footnotes)
Processing leviticus_14.xml...   ✓ Processed 5 footnotes
✓ (5 footnotes)
Processing leviticus_15.xml...   ✓ Processed 1 footnotes
✓ (1 footnotes)
Processing leviticus_16.xml...   ✓ Processed 3 footnotes
✓ (3 footnotes)
Processing leviticus_17.xml...   ✓ Processed 2 footnotes
✓ (2 footnotes)
Processing leviticus_18.xml...   ✓ Processed 2 footnotes
✓ (2 footnotes)
Processing leviticus_19.xml...   ✓ Processed 3 footnotes
✓ (3 footnotes)
Processing leviticus_2.xml... - (no footnotes)
Processing leviticus_20.xml...   ✓ Processed 2 footnotes
✓ (2 footnotes)
Processing leviticus_21.xml...   ✓ Processed 3 footnotes
✓ (3 footnotes)
Processing leviticus_22.xml...   ✓ Processed 2 footnotes
✓ (2 footnotes)
Processing leviticus_23.xml...   ✓ Processed 6 footnotes
✓ (6 footnotes)
Processing leviticus_24.xml...   ✓ Processed 3 footnotes
✓ (3 footnotes)
Processing leviticus_25.xml...   ✓ Processed 6 footnotes
✓ (6 footnotes)
Processing leviticus_26.xml...   ✓ Processed 3 footnotes
✓ (3 footnotes)
Processing leviticus_27.xml...   ✓ Processed 5 footnotes
✓ (5 footnotes)
Processing leviticus_3.xml... - (no footnotes)
Processing leviticus_4.xml...   ✓ Processed 3 footnotes
✓ (3 footnotes)
Processing leviticus_5.xml...   ✓ Processed 7 footnotes
✓ (7 footnotes)
Processing leviticus_6.xml...   ✓ Processed 4 footnotes
✓ (4 footnotes)
Processing leviticus_7.xml... - (no footnotes)
Processing leviticus_8.xml...   ✓ Processed 2 footnotes
✓ (2 footnotes)
Processing leviticus_9.xml... - (no footnotes)
Processing luke_1.xml...   ✓ Processed 8 footnotes
✓ (8 footnotes)
Processing luke_10.xml...   ✗ Error: list.remove(x): x not in list
- (no footnotes)
Processing luke_11.xml...   ✗ Error: list.remove(x): x not in list
- (no footnotes)
Processing luke_12.xml...   ✗ Error: list.remove(x): x not in list
- (no footnotes)
Processing luke_13.xml... - (no footnotes)
Processing luke_14.xml...   ✗ Error: list.remove(x): x not in list
- (no footnotes)
Processing luke_15.xml...   ✗ Error: list.remove(x): x not in list
- (no footnotes)
Processing luke_16.xml...   Warning: Could not clean verse: mismatched tag: line 11, column 121
  ✗ Error: list.remove(x): x not in list
- (no footnotes)
Processing luke_17.xml...   Warning: Could not clean verse: mismatched tag: line 11, column 105
  ✓ Processed 12 footnotes
✓ (12 footnotes)
Processing luke_18.xml...   ✗ Error: list.remove(x): x not in list
- (no footnotes)
Processing luke_19.xml...   ✗ Error: list.remove(x): x not in list
- (no footnotes)
Processing luke_2.xml...   ✓ Processed 9 footnotes
✓ (9 footnotes)
Processing luke_20.xml...   ✗ Error: list.remove(x): x not in list
- (no footnotes)
Processing luke_21.xml...   ✗ Error: list.remove(x): x not in list
- (no footnotes)
Processing luke_22.xml...   ✗ Error: list.remove(x): x not in list
- (no footnotes)
Processing luke_23.xml...   ✗ Error: list.remove(x): x not in list
- (no footnotes)
Processing luke_24.xml...   ✓ Processed 3 footnotes
✓ (3 footnotes)
Processing luke_3.xml...   ✓ Processed 5 footnotes
✓ (5 footnotes)
Processing luke_4.xml...   ✗ Error: list.remove(x): x not in list
- (no footnotes)
Processing luke_5.xml...   ✗ Error: list.remove(x): x not in list
- (no footnotes)
Processing luke_6.xml...   ✗ Error: list.remove(x): x not in list
- (no footnotes)
Processing luke_7.xml...   Warning: Could not clean verse: mismatched tag: line 11, column 57
  ✗ Error: list.remove(x): x not in list
- (no footnotes)
Processing luke_8.xml...   ✗ Error: list.remove(x): x not in list
- (no footnotes)
Processing luke_9.xml...   Warning: Could not clean verse: mismatched tag: line 11, column 90
  ✗ Error: list.remove(x): x not in list
- (no footnotes)
Processing malachi_1.xml...   ✓ Processed 2 footnotes
✓ (2 footnotes)
Processing malachi_2.xml...   ✓ Processed 11 footnotes
✓ (11 footnotes)
Processing malachi_3.xml...   ✓ Processed 2 footnotes
✓ (2 footnotes)
Processing malachi_4.xml...   ✓ Processed 2 footnotes
✓ (2 footnotes)
Processing mark_1.xml...   ✓ Processed 9 footnotes
✓ (9 footnotes)
Processing mark_10.xml...   Warning: Could not clean verse: mismatched tag: line 11, column 123
  ✗ Error: list.remove(x): x not in list
- (no footnotes)
Processing mark_11.xml...   Warning: Could not clean verse: mismatched tag: line 11, column 110
  ✗ Error: list.remove(x): x not in list
- (no footnotes)
Processing mark_12.xml...   ✗ Error: list.remove(x): x not in list
- (no footnotes)
Processing mark_13.xml...   Warning: Could not clean verse: mismatched tag: line 11, column 39
  ✗ Error: list.remove(x): x not in list
- (no footnotes)
Processing mark_14.xml...   ✗ Error: list.remove(x): x not in list
- (no footnotes)
Processing mark_15.xml...   ✗ Error: list.remove(x): x not in list
- (no footnotes)
Processing mark_16.xml...   ✗ Error: list.remove(x): x not in list
- (no footnotes)
Processing mark_2.xml...   ✗ Error: list.remove(x): x not in list
- (no footnotes)
Processing mark_3.xml...   ✗ Error: list.remove(x): x not in list
- (no footnotes)
Processing mark_4.xml...   ✗ Error: list.remove(x): x not in list
- (no footnotes)
Processing mark_5.xml...   ✗ Error: list.remove(x): x not in list
- (no footnotes)
Processing mark_6.xml...   ✗ Error: list.remove(x): x not in list
- (no footnotes)
Processing mark_7.xml...   ✗ Error: list.remove(x): x not in list
- (no footnotes)
Processing mark_8.xml...   ✗ Error: list.remove(x): x not in list
- (no footnotes)
Processing mark_9.xml...   ✗ Error: list.remove(x): x not in list
- (no footnotes)
Processing matthew_1.xml...   ✓ Processed 6 footnotes
✓ (6 footnotes)
Processing matthew_10.xml...   Warning: Could not clean verse: mismatched tag: line 11, column 136
  ✗ Error: list.remove(x): x not in list
- (no footnotes)
Processing matthew_11.xml...   ✓ Processed 7 footnotes
✓ (7 footnotes)
Processing matthew_12.xml...   ✗ Error: list.remove(x): x not in list
- (no footnotes)
Processing matthew_13.xml...   ✗ Error: list.remove(x): x not in list
- (no footnotes)
Processing matthew_14.xml...   ✗ Error: list.remove(x): x not in list
- (no footnotes)
Processing matthew_15.xml... Traceback (most recent call last):
  File "/Users/prayercircle/Documents/bible/bible-xml-generator/link_footnotes.py", line 137, in process_xml_file
    verse.remove(note)
ValueError: list.remove(x): x not in list
Traceback (most recent call last):
  File "/Users/prayercircle/Documents/bible/bible-xml-generator/link_footnotes.py", line 137, in process_xml_file
    verse.remove(note)
ValueError: list.remove(x): x not in list
Traceback (most recent call last):
  File "/Users/prayercircle/Documents/bible/bible-xml-generator/link_footnotes.py", line 137, in process_xml_file
    verse.remove(note)
ValueError: list.remove(x): x not in list
Traceback (most recent call last):
  File "/Users/prayercircle/Documents/bible/bible-xml-generator/link_footnotes.py", line 137, in process_xml_file
    verse.remove(note)
ValueError: list.remove(x): x not in list
Traceback (most recent call last):
  File "/Users/prayercircle/Documents/bible/bible-xml-generator/link_footnotes.py", line 137, in process_xml_file
    verse.remove(note)
ValueError: list.remove(x): x not in list
Traceback (most recent call last):
  File "/Users/prayercircle/Documents/bible/bible-xml-generator/link_footnotes.py", line 137, in process_xml_file
    verse.remove(note)
ValueError: list.remove(x): x not in list
Traceback (most recent call last):
  File "/Users/prayercircle/Documents/bible/bible-xml-generator/link_footnotes.py", line 137, in process_xml_file
    verse.remove(note)
ValueError: list.remove(x): x not in list
Traceback (most recent call last):
  File "/Users/prayercircle/Documents/bible/bible-xml-generator/link_footnotes.py", line 137, in process_xml_file
    verse.remove(note)
ValueError: list.remove(x): x not in list
Traceback (most recent call last):
  File "/Users/prayercircle/Documents/bible/bible-xml-generator/link_footnotes.py", line 137, in process_xml_file
    verse.remove(note)
ValueError: list.remove(x): x not in list
Traceback (most recent call last):
  File "/Users/prayercircle/Documents/bible/bible-xml-generator/link_footnotes.py", line 137, in process_xml_file
    verse.remove(note)
ValueError: list.remove(x): x not in list
  ✗ Error: list.remove(x): x not in list
- (no footnotes)
Processing matthew_16.xml...   Warning: Could not clean verse: mismatched tag: line 11, column 118
  ✗ Error: list.remove(x): x not in list
- (no footnotes)
Processing matthew_17.xml...   ✓ Processed 7 footnotes
✓ (7 footnotes)
Processing matthew_18.xml...   ✗ Error: list.remove(x): x not in list
- (no footnotes)
Processing matthew_19.xml...   ✗ Error: list.remove(x): x not in list
- (no footnotes)
Processing matthew_2.xml...   ✓ Processed 2 footnotes
✓ (2 footnotes)
Processing matthew_20.xml...   ✗ Error: list.remove(x): x not in list
- (no footnotes)
Processing matthew_21.xml...   ✗ Error: list.remove(x): x not in list
- (no footnotes)
Processing matthew_22.xml...   ✗ Error: list.remove(x): x not in list
- (no footnotes)
Processing matthew_23.xml...   ✗ Error: list.remove(x): x not in list
- (no footnotes)
Processing matthew_24.xml...   ✓ Processed 4 footnotes
✓ (4 footnotes)
Processing matthew_25.xml...   ✗ Error: list.remove(x): x not in list
- (no footnotes)
Processing matthew_26.xml...   ✗ Error: list.remove(x): x not in list
- (no footnotes)
Processing matthew_27.xml...   ✓ Processed 10 footnotes
✓ (10 footnotes)
Processing matthew_28.xml...   ✗ Error: list.remove(x): x not in list
- (no footnotes)
Processing matthew_3.xml...   ✗ Error: list.remove(x): x not in list
- (no footnotes)
Processing matthew_4.xml...   ✗ Error: list.remove(x): x not in list
- (no footnotes)
Processing matthew_5.xml...   ✗ Error: list.remove(x): x not in list
- (no footnotes)
Processing matthew_6.xml...   ✓ Processed 7 footnotes
✓ (7 footnotes)
Processing matthew_7.xml...   ✓ Processed 1 footnotes
✓ (1 footnotes)
Processing matthew_8.xml...   ✓ Processed 6 footnotes
✓ (6 footnotes)
Processing matthew_9.xml...   ✗ Error: list.remove(x): x not in list
- (no footnotes)
Processing micah_1.xml...   ✓ Processed 2 footnotes
✓ (2 footnotes)
Processing micah_2.xml...   ✓ Processed 3 footnotes
✓ (3 footnotes)
Processing micah_3.xml...   ✓ Processed 1 footnotes
✓ (1 footnotes)
Processing micah_4.xml...   ✓ Processed 3 footnotes
✓ (3 footnotes)
Processing micah_5.xml...   ✓ Processed 3 footnotes
✓ (3 footnotes)
Processing micah_6.xml...   ✓ Processed 7 footnotes
✓ (7 footnotes)
Processing micah_7.xml...   ✓ Processed 6 footnotes
✓ (6 footnotes)
Processing nahum_1.xml...   ✓ Processed 2 footnotes
✓ (2 footnotes)
Processing nahum_2.xml...   ✓ Processed 6 footnotes
✓ (6 footnotes)
Processing nahum_3.xml...   ✓ Processed 4 footnotes
✓ (4 footnotes)
Processing nehemiah_1.xml... - (no footnotes)
Processing nehemiah_10.xml...   ✓ Processed 2 footnotes
✓ (2 footnotes)
Processing nehemiah_11.xml...   ✓ Processed 4 footnotes
✓ (4 footnotes)
Processing nehemiah_12.xml...   ✓ Processed 2 footnotes
✓ (2 footnotes)
Processing nehemiah_13.xml...   ✓ Processed 1 footnotes
✓ (1 footnotes)
Processing nehemiah_2.xml...   ✓ Processed 1 footnotes
✓ (1 footnotes)
Processing nehemiah_3.xml...   ✓ Processed 8 footnotes
✓ (8 footnotes)
Processing nehemiah_4.xml...   ✗ Error: list.remove(x): x not in list
- (no footnotes)
Processing nehemiah_5.xml...   ✓ Processed 4 footnotes
✓ (4 footnotes)
Processing nehemiah_6.xml...   ✓ Processed 3 footnotes
✓ (3 footnotes)
Processing nehemiah_7.xml...   ✓ Processed 4 footnotes
✓ (4 footnotes)
Processing nehemiah_8.xml...   ✓ Processed 3 footnotes
✓ (3 footnotes)
Processing nehemiah_9.xml...   ✓ Processed 6 footnotes
✓ (6 footnotes)
Processing numbers_1.xml... - (no footnotes)
Processing numbers_10.xml... - (no footnotes)
Processing numbers_11.xml...   ✓ Processed 4 footnotes
✓ (4 footnotes)
Processing numbers_12.xml...   ✗ Error: list.remove(x): x not in list
- (no footnotes)
Processing numbers_13.xml...   ✓ Processed 1 footnotes
✓ (1 footnotes)
Processing numbers_14.xml... - (no footnotes)
Processing numbers_15.xml...   ✓ Processed 5 footnotes
✓ (5 footnotes)
Processing numbers_16.xml...   ✓ Processed 2 footnotes
✓ (2 footnotes)
Processing numbers_17.xml...   ✓ Processed 1 footnotes
✓ (1 footnotes)
Processing numbers_18.xml...   ✓ Processed 2 footnotes
✓ (2 footnotes)
Processing numbers_19.xml...   ✓ Processed 1 footnotes
✓ (1 footnotes)
Processing numbers_2.xml... - (no footnotes)
Processing numbers_20.xml...   ✓ Processed 1 footnotes
✓ (1 footnotes)
Processing numbers_21.xml...   ✓ Processed 7 footnotes
✓ (7 footnotes)
Processing numbers_22.xml...   ✗ Error: list.remove(x): x not in list
- (no footnotes)
Processing numbers_23.xml...   ✓ Processed 2 footnotes
✓ (2 footnotes)
Processing numbers_24.xml...   ✓ Processed 3 footnotes
✓ (3 footnotes)
Processing numbers_25.xml...   ✓ Processed 1 footnotes
✓ (1 footnotes)
Processing numbers_26.xml...   ✓ Processed 1 footnotes
✓ (1 footnotes)
Processing numbers_27.xml... - (no footnotes)
Processing numbers_28.xml...   ✓ Processed 2 footnotes
✓ (2 footnotes)
Processing numbers_29.xml...   ✓ Processed 3 footnotes
✓ (3 footnotes)
Processing numbers_3.xml...   ✓ Processed 4 footnotes
✓ (4 footnotes)
Processing numbers_30.xml...   ✓ Processed 2 footnotes
✓ (2 footnotes)
Processing numbers_31.xml...   ✓ Processed 1 footnotes
✓ (1 footnotes)
Processing numbers_32.xml...   ✓ Processed 1 footnotes
✓ (1 footnotes)
Processing numbers_33.xml...   ✓ Processed 1 footnotes
✓ (1 footnotes)
Processing numbers_34.xml...   ✓ Processed 1 footnotes
✓ (1 footnotes)
Processing numbers_35.xml...   ✓ Processed 1 footnotes
✓ (1 footnotes)
Processing numbers_36.xml... - (no footnotes)
Processing numbers_4.xml...   ✓ Processed 1 footnotes
✓ (1 footnotes)
Processing numbers_5.xml...   ✓ Processed 3 footnotes
✓ (3 footnotes)
Processing numbers_6.xml...   ✓ Processed 3 footnotes
✓ (3 footnotes)
Processing numbers_7.xml...   ✓ Processed 1 footnotes
✓ (1 footnotes)
Processing numbers_8.xml...   ✓ Processed 2 footnotes
✓ (2 footnotes)
Processing numbers_9.xml...   ✓ Processed 1 footnotes
✓ (1 footnotes)
Processing obadiah_1.xml... - (no footnotes)
Processing philemon_1.xml... - (no footnotes)
Processing philippians_1.xml...   ✓ Processed 8 footnotes
✓ (8 footnotes)
Processing philippians_2.xml...   ✓ Processed 6 footnotes
✓ (6 footnotes)
Processing philippians_3.xml...   ✓ Processed 3 footnotes
✓ (3 footnotes)
Processing philippians_4.xml...   ✓ Processed 5 footnotes
✓ (5 footnotes)
Processing proverbs_1.xml...   ✓ Processed 1 footnotes
✓ (1 footnotes)
Processing proverbs_10.xml...   ✓ Processed 2 footnotes
✓ (2 footnotes)
Processing proverbs_11.xml...   ✓ Processed 2 footnotes
✓ (2 footnotes)
Processing proverbs_12.xml...   ✓ Processed 4 footnotes
✓ (4 footnotes)
Processing proverbs_13.xml...   ✓ Processed 9 footnotes
✓ (9 footnotes)
Processing proverbs_14.xml...   ✓ Processed 8 footnotes
✓ (8 footnotes)
Processing proverbs_15.xml...   ✓ Processed 3 footnotes
✓ (3 footnotes)
Processing proverbs_16.xml...   ✓ Processed 5 footnotes
✓ (5 footnotes)
Processing proverbs_17.xml...   ✓ Processed 3 footnotes
✓ (3 footnotes)
Processing proverbs_18.xml...   ✓ Processed 1 footnotes
✓ (1 footnotes)
Processing proverbs_19.xml...   ✓ Processed 3 footnotes
✓ (3 footnotes)
Processing proverbs_2.xml...   ✓ Processed 3 footnotes
✓ (3 footnotes)
Processing proverbs_20.xml...   ✓ Processed 6 footnotes
✓ (6 footnotes)
Processing proverbs_21.xml...   ✓ Processed 4 footnotes
✓ (4 footnotes)
Processing proverbs_22.xml...   ✓ Processed 3 footnotes
✓ (3 footnotes)
Processing proverbs_23.xml...   ✓ Processed 9 footnotes
✓ (9 footnotes)
Processing proverbs_24.xml...   ✓ Processed 1 footnotes
✓ (1 footnotes)
Processing proverbs_25.xml...   ✓ Processed 1 footnotes
✓ (1 footnotes)
Processing proverbs_26.xml...   ✓ Processed 2 footnotes
✓ (2 footnotes)
Processing proverbs_27.xml...   ✓ Processed 4 footnotes
✓ (4 footnotes)
Processing proverbs_28.xml...   ✓ Processed 4 footnotes
✓ (4 footnotes)
Processing proverbs_29.xml...   ✓ Processed 4 footnotes
✓ (4 footnotes)
Processing proverbs_3.xml...   ✓ Processed 7 footnotes
✓ (7 footnotes)
Processing proverbs_30.xml...   ✓ Processed 6 footnotes
✓ (6 footnotes)
Processing proverbs_31.xml...   ✓ Processed 6 footnotes
✓ (6 footnotes)
Processing proverbs_4.xml...   ✓ Processed 3 footnotes
✓ (3 footnotes)
Processing proverbs_5.xml...   ✓ Processed 6 footnotes
✓ (6 footnotes)
Processing proverbs_6.xml...   ✓ Processed 8 footnotes
✓ (8 footnotes)
Processing proverbs_7.xml...   ✓ Processed 5 footnotes
✓ (5 footnotes)
Processing proverbs_8.xml...   ✓ Processed 5 footnotes
✓ (5 footnotes)
Processing proverbs_9.xml...   ✓ Processed 4 footnotes
✓ (4 footnotes)
Processing psalms_1.xml...   ✓ Processed 2 footnotes
✓ (2 footnotes)
Processing psalms_10.xml...   ✓ Processed 3 footnotes
✓ (3 footnotes)
Processing psalms_100.xml...   ✓ Processed 1 footnotes
✓ (1 footnotes)
Processing psalms_101.xml... - (no footnotes)
Processing psalms_102.xml...   ✓ Processed 1 footnotes
✓ (1 footnotes)
Processing psalms_103.xml...   ✓ Processed 1 footnotes
✓ (1 footnotes)
Processing psalms_104.xml...   ✓ Processed 3 footnotes
✓ (3 footnotes)
Processing psalms_105.xml...   ✓ Processed 3 footnotes
✓ (3 footnotes)
Processing psalms_106.xml...   ✓ Processed 3 footnotes
✓ (3 footnotes)
Processing psalms_107.xml...   ✓ Processed 3 footnotes
✓ (3 footnotes)
Processing psalms_108.xml...   ✓ Processed 2 footnotes
✓ (2 footnotes)
Processing psalms_109.xml...   ✓ Processed 4 footnotes
✓ (4 footnotes)
Processing psalms_11.xml...   ✓ Processed 1 footnotes
✓ (1 footnotes)
Processing psalms_110.xml...   ✓ Processed 4 footnotes
✓ (4 footnotes)
Processing psalms_111.xml...   ✓ Processed 1 footnotes
✓ (1 footnotes)
Processing psalms_112.xml...   ✓ Processed 2 footnotes
✓ (2 footnotes)
Processing psalms_113.xml... - (no footnotes)
Processing psalms_114.xml... - (no footnotes)
Processing psalms_115.xml...   ✓ Processed 1 footnotes
✓ (1 footnotes)
Processing psalms_116.xml...   ✓ Processed 1 footnotes
✓ (1 footnotes)
Processing psalms_117.xml... - (no footnotes)
Processing psalms_118.xml...   ✓ Processed 2 footnotes
✓ (2 footnotes)
Processing psalms_119.xml...   ✓ Processed 9 footnotes
✓ (9 footnotes)
Processing psalms_12.xml...   ✓ Processed 2 footnotes
✓ (2 footnotes)
Processing psalms_120.xml... - (no footnotes)
Processing psalms_121.xml... - (no footnotes)
Processing psalms_122.xml...   ✓ Processed 1 footnotes
✓ (1 footnotes)
Processing psalms_123.xml... - (no footnotes)
Processing psalms_124.xml... - (no footnotes)
Processing psalms_125.xml... - (no footnotes)
Processing psalms_126.xml... - (no footnotes)
Processing psalms_127.xml...   ✓ Processed 2 footnotes
✓ (2 footnotes)
Processing psalms_128.xml... - (no footnotes)
Processing psalms_129.xml...   ✓ Processed 1 footnotes
✓ (1 footnotes)
Processing psalms_13.xml... - (no footnotes)
Processing psalms_130.xml... - (no footnotes)
Processing psalms_131.xml... - (no footnotes)
Processing psalms_132.xml...   ✓ Processed 1 footnotes
✓ (1 footnotes)
Processing psalms_133.xml...   ✓ Processed 1 footnotes
✓ (1 footnotes)
Processing psalms_134.xml... - (no footnotes)
Processing psalms_135.xml...   ✓ Processed 2 footnotes
✓ (2 footnotes)
Processing psalms_136.xml...   ✓ Processed 1 footnotes
✓ (1 footnotes)
Processing psalms_137.xml...   ✓ Processed 1 footnotes
✓ (1 footnotes)
Processing psalms_138.xml...   ✓ Processed 2 footnotes
✓ (2 footnotes)
Processing psalms_139.xml...   ✓ Processed 4 footnotes
✓ (4 footnotes)
Processing psalms_14.xml...   ✓ Processed 2 footnotes
✓ (2 footnotes)
Processing psalms_140.xml...   ✓ Processed 2 footnotes
✓ (2 footnotes)
Processing psalms_141.xml...   ✓ Processed 3 footnotes
✓ (3 footnotes)
Processing psalms_142.xml...   ✓ Processed 1 footnotes
✓ (1 footnotes)
Processing psalms_143.xml...   ✓ Processed 1 footnotes
✓ (1 footnotes)
Processing psalms_144.xml...   ✓ Processed 2 footnotes
✓ (2 footnotes)
Processing psalms_145.xml...   ✓ Processed 3 footnotes
✓ (3 footnotes)
Processing psalms_146.xml... - (no footnotes)
Processing psalms_147.xml...   ✓ Processed 4 footnotes
✓ (4 footnotes)
Processing psalms_148.xml...   ✓ Processed 1 footnotes
✓ (1 footnotes)
Processing psalms_149.xml... - (no footnotes)
Processing psalms_15.xml... - (no footnotes)
Processing psalms_150.xml...   ✓ Processed 1 footnotes
✓ (1 footnotes)
Processing psalms_16.xml...   ✓ Processed 6 footnotes
✓ (6 footnotes)
Processing psalms_17.xml...   ✓ Processed 3 footnotes
✓ (3 footnotes)
Processing psalms_18.xml...   ✓ Processed 5 footnotes
✓ (5 footnotes)
Processing psalms_19.xml...   ✓ Processed 4 footnotes
✓ (4 footnotes)
Processing psalms_2.xml...   ✓ Processed 2 footnotes
✓ (2 footnotes)
Processing psalms_20.xml... - (no footnotes)
Processing psalms_21.xml...   ✓ Processed 1 footnotes
✓ (1 footnotes)
Processing psalms_22.xml...   ✓ Processed 4 footnotes
✓ (4 footnotes)
Processing psalms_23.xml...   ✓ Processed 7 footnotes
✓ (7 footnotes)
Processing psalms_24.xml...   ✓ Processed 2 footnotes
✓ (2 footnotes)
Processing psalms_25.xml...   ✓ Processed 2 footnotes
✓ (2 footnotes)
Processing psalms_26.xml...   ✓ Processed 1 footnotes
✓ (1 footnotes)
Processing psalms_27.xml...   ✓ Processed 6 footnotes
✓ (6 footnotes)
Processing psalms_28.xml...   ✓ Processed 2 footnotes
✓ (2 footnotes)
Processing psalms_29.xml...   ✓ Processed 4 footnotes
✓ (4 footnotes)
Processing psalms_3.xml...   ✓ Processed 1 footnotes
✓ (1 footnotes)
Processing psalms_30.xml...   ✓ Processed 5 footnotes
✓ (5 footnotes)
Processing psalms_31.xml...   ✓ Processed 2 footnotes
✓ (2 footnotes)
Processing psalms_32.xml...   ✓ Processed 2 footnotes
✓ (2 footnotes)
Processing psalms_33.xml... - (no footnotes)
Processing psalms_34.xml...   ✓ Processed 1 footnotes
✓ (1 footnotes)
Processing psalms_35.xml...   ✓ Processed 6 footnotes
✓ (6 footnotes)
Processing psalms_36.xml...   ✓ Processed 1 footnotes
✓ (1 footnotes)
Processing psalms_37.xml...   ✓ Processed 5 footnotes
✓ (5 footnotes)
Processing psalms_38.xml... - (no footnotes)
Processing psalms_39.xml...   ✓ Processed 1 footnotes
✓ (1 footnotes)
Processing psalms_4.xml...   ✓ Processed 2 footnotes
✓ (2 footnotes)
Processing psalms_40.xml...   ✓ Processed 2 footnotes
✓ (2 footnotes)
Processing psalms_41.xml...   ✓ Processed 5 footnotes
✓ (5 footnotes)
Processing psalms_42.xml...   ✓ Processed 3 footnotes
✓ (3 footnotes)
Processing psalms_43.xml... - (no footnotes)
Processing psalms_44.xml...   ✓ Processed 2 footnotes
✓ (2 footnotes)
Processing psalms_45.xml...   ✓ Processed 3 footnotes
✓ (3 footnotes)
Processing psalms_46.xml...   ✓ Processed 2 footnotes
✓ (2 footnotes)
Processing psalms_47.xml...   ✓ Processed 1 footnotes
✓ (1 footnotes)
Processing psalms_48.xml...   ✓ Processed 1 footnotes
✓ (1 footnotes)
Processing psalms_49.xml...   ✓ Processed 2 footnotes
✓ (2 footnotes)
Processing psalms_5.xml...   ✓ Processed 1 footnotes
✓ (1 footnotes)
Processing psalms_50.xml...   ✓ Processed 3 footnotes
✓ (3 footnotes)
Processing psalms_51.xml...   ✓ Processed 2 footnotes
✓ (2 footnotes)
Processing psalms_52.xml...   ✓ Processed 2 footnotes
✓ (2 footnotes)
Processing psalms_53.xml...   ✓ Processed 2 footnotes
✓ (2 footnotes)
Processing psalms_54.xml...   ✓ Processed 2 footnotes
✓ (2 footnotes)
Processing psalms_55.xml...   ✓ Processed 2 footnotes
✓ (2 footnotes)
Processing psalms_56.xml...   ✓ Processed 4 footnotes
✓ (4 footnotes)
Processing psalms_57.xml...   ✓ Processed 2 footnotes
✓ (2 footnotes)
Processing psalms_58.xml...   ✓ Processed 3 footnotes
✓ (3 footnotes)
Processing psalms_59.xml...   ✓ Processed 4 footnotes
✓ (4 footnotes)
Processing psalms_6.xml...   ✓ Processed 1 footnotes
✓ (1 footnotes)
Processing psalms_60.xml...   ✓ Processed 4 footnotes
✓ (4 footnotes)
Processing psalms_61.xml... - (no footnotes)
Processing psalms_62.xml... - (no footnotes)
Processing psalms_63.xml... - (no footnotes)
Processing psalms_64.xml... - (no footnotes)
Processing psalms_65.xml...   ✓ Processed 2 footnotes
✓ (2 footnotes)
Processing psalms_66.xml...   ✓ Processed 2 footnotes
✓ (2 footnotes)
Processing psalms_67.xml... - (no footnotes)
Processing psalms_68.xml...   ✓ Processed 8 footnotes
✓ (8 footnotes)
Processing psalms_69.xml...   ✓ Processed 4 footnotes
✓ (4 footnotes)
Processing psalms_7.xml...   ✓ Processed 5 footnotes
✓ (5 footnotes)
Processing psalms_70.xml... - (no footnotes)
Processing psalms_71.xml... - (no footnotes)
Processing psalms_72.xml...   ✓ Processed 2 footnotes
✓ (2 footnotes)
Processing psalms_73.xml...   ✓ Processed 2 footnotes
✓ (2 footnotes)
Processing psalms_74.xml...   ✓ Processed 4 footnotes
✓ (4 footnotes)
Processing psalms_75.xml...   ✓ Processed 1 footnotes
✓ (1 footnotes)
Processing psalms_76.xml...   ✓ Processed 1 footnotes
✓ (1 footnotes)
Processing psalms_77.xml...   ✓ Processed 3 footnotes
✓ (3 footnotes)
Processing psalms_78.xml...   ✓ Processed 5 footnotes
✓ (5 footnotes)
Processing psalms_79.xml...   ✓ Processed 1 footnotes
✓ (1 footnotes)
Processing psalms_8.xml...   ✓ Processed 2 footnotes
✓ (2 footnotes)
Processing psalms_80.xml...   ✓ Processed 2 footnotes
✓ (2 footnotes)
Processing psalms_81.xml...   ✓ Processed 5 footnotes
✓ (5 footnotes)
Processing psalms_82.xml...   ✓ Processed 1 footnotes
✓ (1 footnotes)
Processing psalms_83.xml...   ✓ Processed 1 footnotes
✓ (1 footnotes)
Processing psalms_84.xml...   ✓ Processed 2 footnotes
✓ (2 footnotes)
Processing psalms_85.xml... - (no footnotes)
Processing psalms_86.xml... - (no footnotes)
Processing psalms_87.xml...   ✓ Processed 1 footnotes
✓ (1 footnotes)
Processing psalms_88.xml...   ✓ Processed 4 footnotes
✓ (4 footnotes)
Processing psalms_89.xml...   ✓ Processed 6 footnotes
✓ (6 footnotes)
Processing psalms_9.xml...   ✓ Processed 4 footnotes
✓ (4 footnotes)
Processing psalms_90.xml...   ✓ Processed 4 footnotes
✓ (4 footnotes)
Processing psalms_91.xml...   ✓ Processed 2 footnotes
✓ (2 footnotes)
Processing psalms_92.xml...   ✓ Processed 1 footnotes
✓ (1 footnotes)
Processing psalms_93.xml... - (no footnotes)
Processing psalms_94.xml...   ✓ Processed 3 footnotes
✓ (3 footnotes)
Processing psalms_95.xml... - (no footnotes)
Processing psalms_96.xml...   ✓ Processed 1 footnotes
✓ (1 footnotes)
Processing psalms_97.xml...   ✓ Processed 1 footnotes
✓ (1 footnotes)
Processing psalms_98.xml... - (no footnotes)
Processing psalms_99.xml...   ✓ Processed 1 footnotes
✓ (1 footnotes)
Processing revelation_1.xml...   ✓ Processed 2 footnotes
✓ (2 footnotes)
Processing revelation_10.xml... - (no footnotes)
Processing revelation_11.xml...   ✓ Processed 3 footnotes
✓ (3 footnotes)
Processing revelation_12.xml...   ✓ Processed 3 footnotes
✓ (3 footnotes)
Processing revelation_13.xml...   ✓ Processed 6 footnotes
✓ (6 footnotes)
Processing revelation_14.xml...   ✓ Processed 3 footnotes
✓ (3 footnotes)
Processing revelation_15.xml...   ✓ Processed 2 footnotes
✓ (2 footnotes)
Processing revelation_16.xml...   ✓ Processed 4 footnotes
✓ (4 footnotes)
Processing revelation_17.xml...   ✓ Processed 3 footnotes
✓ (3 footnotes)
Processing revelation_18.xml...   ✓ Processed 2 footnotes
✓ (2 footnotes)
Processing revelation_19.xml...   Warning: Could not clean verse: mismatched tag: line 11, column 134
  ✗ Error: list.remove(x): x not in list
- (no footnotes)
Processing revelation_2.xml...   ✓ Processed 3 footnotes
✓ (3 footnotes)
Processing revelation_20.xml...   ✓ Processed 2 footnotes
✓ (2 footnotes)
Processing revelation_21.xml...   ✗ Error: list.remove(x): x not in list
- (no footnotes)
Processing revelation_22.xml...   ✗ Error: list.remove(x): x not in list
- (no footnotes)
Processing revelation_3.xml... - (no footnotes)
Processing revelation_4.xml...   ✓ Processed 1 footnotes
✓ (1 footnotes)
Processing revelation_5.xml... - (no footnotes)
Processing revelation_6.xml...   ✓ Processed 4 footnotes
✓ (4 footnotes)
Processing revelation_7.xml... - (no footnotes)
Processing revelation_8.xml...   ✓ Processed 2 footnotes
✓ (2 footnotes)
Processing revelation_9.xml...   ✓ Processed 3 footnotes
✓ (3 footnotes)
Processing romans_1.xml...   ✓ Processed 7 footnotes
✓ (7 footnotes)
Processing romans_10.xml...   ✓ Processed 3 footnotes
✓ (3 footnotes)
Processing romans_11.xml...   ✓ Processed 5 footnotes
✓ (5 footnotes)
Processing romans_12.xml...   ✓ Processed 9 footnotes
✓ (9 footnotes)
Processing romans_13.xml... - (no footnotes)
Processing romans_14.xml...   ✓ Processed 4 footnotes
✓ (4 footnotes)
Processing romans_15.xml...   ✓ Processed 3 footnotes
✓ (3 footnotes)
Processing romans_16.xml...   ✓ Processed 7 footnotes
✓ (7 footnotes)
Processing romans_2.xml...   ✓ Processed 4 footnotes
✓ (4 footnotes)
Processing romans_3.xml...   ✓ Processed 3 footnotes
✓ (3 footnotes)
Processing romans_4.xml...   ✓ Processed 2 footnotes
✓ (2 footnotes)
Processing romans_5.xml...   ✓ Processed 7 footnotes
✓ (7 footnotes)
Processing romans_6.xml...   ✓ Processed 3 footnotes
✓ (3 footnotes)
Processing romans_7.xml...   ✓ Processed 3 footnotes
✓ (3 footnotes)
Processing romans_8.xml...   ✓ Processed 10 footnotes
✓ (10 footnotes)
Processing romans_9.xml...   ✓ Processed 4 footnotes
✓ (4 footnotes)
Processing ruth_1.xml...   ✗ Error: list.remove(x): x not in list
- (no footnotes)
Processing ruth_2.xml...   ✗ Error: list.remove(x): x not in list
- (no footnotes)
Processing ruth_3.xml...   ✗ Error: list.remove(x): x not in list
- (no footnotes)
Processing ruth_4.xml...   ✗ Error: list.remove(x): x not in list
- (no footnotes)
Processing song_of_solomon_1.xml...   ✓ Processed 2 footnotes
✓ (2 footnotes)
Processing song_of_solomon_2.xml...   ✓ Processed 7 footnotes
✓ (7 footnotes)
Processing song_of_solomon_3.xml...   ✓ Processed 2 footnotes
✓ (2 footnotes)
Processing song_of_solomon_4.xml...   ✓ Processed 2 footnotes
✓ (2 footnotes)
Processing song_of_solomon_5.xml...   ✓ Processed 4 footnotes
✓ (4 footnotes)
Processing song_of_solomon_6.xml...   ✓ Processed 4 footnotes
✓ (4 footnotes)
Processing song_of_solomon_7.xml...   ✓ Processed 4 footnotes
✓ (4 footnotes)
Processing song_of_solomon_8.xml...   ✓ Processed 4 footnotes
✓ (4 footnotes)
Processing titus_1.xml...   ✓ Processed 10 footnotes
✓ (10 footnotes)
Processing titus_2.xml...   ✓ Processed 2 footnotes
✓ (2 footnotes)
Processing titus_3.xml... - (no footnotes)
Processing zechariah_1.xml...   Warning: Could not clean verse: mismatched tag: line 11, column 257
  ✗ Error: list.remove(x): x not in list
- (no footnotes)
Processing zechariah_10.xml...   ✓ Processed 1 footnotes
✓ (1 footnotes)
Processing zechariah_11.xml... - (no footnotes)
Processing zechariah_12.xml...   ✓ Processed 1 footnotes
✓ (1 footnotes)
Processing zechariah_13.xml...   ✓ Processed 2 footnotes
✓ (2 footnotes)
Processing zechariah_14.xml...   ✓ Processed 9 footnotes
✓ (9 footnotes)
Processing zechariah_2.xml...   ✓ Processed 2 footnotes
✓ (2 footnotes)
Processing zechariah_3.xml...   ✓ Processed 3 footnotes
✓ (3 footnotes)
Processing zechariah_4.xml...   Warning: Could not clean verse: mismatched tag: line 11, column 77
  ✗ Error: list.remove(x): x not in list
- (no footnotes)
Processing zechariah_5.xml...   Warning: Could not clean verse: mismatched tag: line 11, column 131
  ✗ Error: list.remove(x): x not in list
- (no footnotes)
Processing zechariah_6.xml...   ✓ Processed 4 footnotes
✓ (4 footnotes)
Processing zechariah_7.xml...   ✓ Processed 2 footnotes
✓ (2 footnotes)
Processing zechariah_8.xml... - (no footnotes)
Processing zechariah_9.xml...   ✓ Processed 3 footnotes
✓ (3 footnotes)
Processing zephaniah_1.xml...   ✓ Processed 5 footnotes
✓ (5 footnotes)
Processing zephaniah_2.xml...   ✓ Processed 5 footnotes
✓ (5 footnotes)
Processing zephaniah_3.xml...   ✓ Processed 3 footnotes
✓ (3 footnotes)

================================================================================
SUMMARY
================================================================================
Files processed: 1190
Files with footnotes: 855
Total footnotes structured: 2948
================================================================================
