book,chapter,verse,letter,added
1 CHRONICLES,1,34,n,NO
1 CHRONICLES,2,1,v,NO
1 CHRONICLES,2,2,y,NO
1 CHRONICLES,2,2,z,NO
1 CHRONICLES,2,10,j,NO
1 CHRONICLES,2,19,t,NO
1 CHRONICLES,3,5,t,NO
1 CHRONICLES,3,5,u,NO
1 CHRONICLES,3,10,a,NO
1 CHRONICLES,3,10,b,NO
1 CHRONICLES,3,11,e,NO
1 CHRONICLES,3,12,h,NO
1 CHRONICLES,3,13,k,NO
1 CHRONICLES,3,15,p,NO
1 CHRONICLES,3,16,s,NO
1 CHRONICLES,4,1,a,NO
1 CHRONICLES,4,4,f,NO
1 CHRONICLES,4,29,s,NO
1 CHRONICLES,5,1,e,NO
1 CHRONICLES,5,8,m,NO
1 CHRONICLES,5,8,n,NO
1 CHRONICLES,5,26,g,NO
1 CHRONICLES,6,4,n,NO
1 CHRONICLES,6,49,n,NO
1 CHRONICLES,7,13,q,NO
1 CHRONICLES,9,2,v,NO
1 CHRONICLES,9,31,q,NO
1 CHRONICLES,12,2,a,NO
1 CHRONICLES,12,18,k,NO
1 CHRONICLES,12,23,q,NO
1 CHRONICLES,13,5,h,NO
1 CHRONICLES,13,6,l,NO
1 CHRONICLES,15,17,s,NO
1 CHRONICLES,16,8,h,NO
1 CHRONICLES,16,41,p,NO
1 CHRONICLES,16,41,q,NO
1 CHRONICLES,18,16,o,NO
1 CHRONICLES,22,19,p,NO
1 CHRONICLES,23,3,u,NO
1 CHRONICLES,23,13,f,NO
1 CHRONICLES,23,13,g,NO
1 CHRONICLES,23,13,h,NO
1 CHRONICLES,23,24,v,NO
1 CHRONICLES,23,29,a,NO
1 CHRONICLES,23,29,b,NO
1 CHRONICLES,23,29,c,NO
1 CHRONICLES,23,31,f,NO
1 CHRONICLES,25,1,a,NO
1 CHRONICLES,25,1,b,NO
1 CHRONICLES,25,1,c,NO
1 CHRONICLES,26,25,v,NO
1 CHRONICLES,27,34,h,NO
1 CHRONICLES,28,1,k,NO
1 CHRONICLES,28,1,l,NO
1 CHRONICLES,28,1,m,NO
1 CHRONICLES,28,4,s,NO
1 CHRONICLES,28,4,t,NO
1 CHRONICLES,28,9,a,NO
1 CHRONICLES,28,11,e,NO
1 CHRONICLES,29,19,j,NO
1 CHRONICLES,29,22,p,NO
1 CHRONICLES,29,29,z,NO
1 CORINTHIANS,1,2,e,NO
1 CORINTHIANS,1,8,m,NO
1 CORINTHIANS,1,12,u,NO
1 CORINTHIANS,1,18,e,NO
1 CORINTHIANS,1,30,u,NO
1 CORINTHIANS,1,30,v,NO
1 CORINTHIANS,2,6,g,NO
1 CORINTHIANS,2,8,k,NO
1 CORINTHIANS,2,9,n,NO
1 CORINTHIANS,3,1,c,NO
1 CORINTHIANS,3,10,t,NO
1 CORINTHIANS,3,11,w,NO
1 CORINTHIANS,3,13,z,NO
1 CORINTHIANS,4,5,s,NO
1 CORINTHIANS,4,5,t,NO
1 CORINTHIANS,4,10,a,NO
1 CORINTHIANS,4,12,g,NO
1 CORINTHIANS,4,17,q,NO
1 CORINTHIANS,5,5,e,NO
1 CORINTHIANS,5,10,m,NO
1 CORINTHIANS,6,11,a,NO
1 CORINTHIANS,6,11,b,NO
1 CORINTHIANS,6,13,f,NO
1 CORINTHIANS,6,13,g,NO
1 CORINTHIANS,6,14,j,NO
1 CORINTHIANS,7,7,a,NO
1 CORINTHIANS,7,7,b,NO
1 CORINTHIANS,7,17,n,NO
1 CORINTHIANS,7,25,z,NO
1 CORINTHIANS,8,1,o,NO
1 CORINTHIANS,8,1,p,NO
1 CORINTHIANS,8,6,y,NO
1 CORINTHIANS,8,6,z,NO
1 CORINTHIANS,9,1,l,NO
1 CORINTHIANS,9,1,m,NO
1 CORINTHIANS,9,5,r,NO
1 CORINTHIANS,9,19,j,NO
1 CORINTHIANS,9,21,n,NO
1 CORINTHIANS,9,22,q,NO
1 CORINTHIANS,9,27,a,NO
1 CORINTHIANS,10,7,k,NO
1 CORINTHIANS,10,8,n,NO
1 CORINTHIANS,10,10,s,NO
1 CORINTHIANS,10,21,j,NO
1 CORINTHIANS,11,2,c,NO
1 CORINTHIANS,11,3,f,NO
1 CORINTHIANS,11,5,i,NO
1 CORINTHIANS,11,27,c,NO
1 CORINTHIANS,11,34,k,NO
1 CORINTHIANS,11,34,l,NO
1 CORINTHIANS,12,3,s,NO
1 CORINTHIANS,12,10,d,NO
1 CORINTHIANS,12,10,e,NO
1 CORINTHIANS,12,10,f,NO
1 CORINTHIANS,12,13,m,NO
1 CORINTHIANS,12,28,u,NO
1 CORINTHIANS,12,28,v,NO
1 CORINTHIANS,12,28,w,NO
1 CORINTHIANS,12,28,x,NO
1 CORINTHIANS,12,28,y,NO
1 CORINTHIANS,13,4,g,NO
1 CORINTHIANS,13,4,h,NO
1 CORINTHIANS,13,12,r,NO
1 CORINTHIANS,14,1,u,NO
1 CORINTHIANS,14,1,v,NO
1 CORINTHIANS,14,20,j,NO
1 CORINTHIANS,14,25,p,NO
1 CORINTHIANS,14,26,s,NO
1 CORINTHIANS,14,26,t,NO
1 CORINTHIANS,14,26,u,NO
1 CORINTHIANS,14,34,b,NO
1 CORINTHIANS,15,2,k,NO
1 CORINTHIANS,15,3,n,NO
1 CORINTHIANS,15,34,c,NO
1 CORINTHIANS,15,45,j,NO
1 CORINTHIANS,15,47,m,NO
1 CORINTHIANS,15,58,d,NO
1 CORINTHIANS,16,2,h,NO
1 CORINTHIANS,16,5,l,NO
1 CORINTHIANS,16,10,u,NO
1 CORINTHIANS,16,11,x,NO
1 CORINTHIANS,16,13,b,NO
1 CORINTHIANS,16,13,c,NO
1 CORINTHIANS,16,15,g,NO
1 JOHN,1,1,c,NO
1 JOHN,1,1,d,NO
1 JOHN,1,1,f,NO
1 JOHN,1,2,a,NO
1 JOHN,1,7,r,NO
1 JOHN,1,9,r,NO
1 JOHN,2,5,f,NO
1 JOHN,2,7,k,NO
1 JOHN,2,8,n,NO
1 JOHN,2,13,u,NO
1 JOHN,2,18,c,NO
1 JOHN,2,18,d,NO
1 JOHN,2,19,g,NO
1 JOHN,2,20,j,NO
1 JOHN,2,27,s,NO
1 JOHN,2,28,v,NO
1 JOHN,3,1,a,NO
1 JOHN,3,1,b,NO
1 JOHN,3,2,d,NO
1 JOHN,3,2,e,NO
1 JOHN,3,2,f,NO
1 JOHN,3,2,g,NO
1 JOHN,3,5,m,NO
1 JOHN,3,17,h,NO
1 JOHN,3,23,q,NO
1 JOHN,4,1,v,NO
1 JOHN,4,1,w,NO
1 JOHN,4,1,x,NO
1 JOHN,4,6,i,NO
1 JOHN,4,10,p,NO
1 JOHN,4,14,v,NO
1 JOHN,4,16,z,NO
1 JOHN,4,17,c,NO
1 JOHN,4,20,h,NO
1 JOHN,5,1,m,NO
1 JOHN,5,3,q,NO
1 JOHN,5,6,w,NO
1 JOHN,5,10,b,NO
1 JOHN,5,16,l,NO
1 JOHN,5,18,p,NO
1 JOHN,5,20,t,NO
1 KINGS,1,8,h,NO
1 KINGS,1,8,i,NO
1 KINGS,1,8,j,NO
1 KINGS,1,19,l,NO
1 KINGS,1,34,y,NO
1 KINGS,1,39,x,NO
1 KINGS,1,39,y,NO
1 KINGS,2,4,t,NO
1 KINGS,2,4,u,NO
1 KINGS,2,5,x,NO
1 KINGS,2,7,b,NO
1 KINGS,2,8,e,NO
1 KINGS,2,22,r,NO
1 KINGS,2,26,y,NO
1 KINGS,2,28,d,NO
1 KINGS,2,32,i,NO
1 KINGS,2,32,j,NO
1 KINGS,2,35,m,NO
1 KINGS,3,1,x,NO
1 KINGS,3,1,y,NO
1 KINGS,3,1,z,NO
1 KINGS,3,5,g,NO
1 KINGS,3,7,l,NO
1 KINGS,3,9,q,NO
1 KINGS,4,13,o,NO
1 KINGS,4,25,z,NO
1 KINGS,6,5,e,NO
1 KINGS,7,15,j,NO
1 KINGS,7,48,d,NO
1 KINGS,8,1,l,NO
1 KINGS,8,6,t,NO
1 KINGS,8,16,h,NO
1 KINGS,8,65,i,NO
1 KINGS,9,1,l,NO
1 KINGS,9,7,v,NO
1 KINGS,9,15,d,NO
1 KINGS,9,15,e,NO
1 KINGS,9,19,k,NO
1 KINGS,9,21,n,NO
1 KINGS,9,21,o,NO
1 KINGS,9,24,t,NO
1 KINGS,9,24,u,NO
1 KINGS,10,1,b,NO
1 KINGS,10,9,h,NO
1 KINGS,10,26,s,NO
1 KINGS,11,26,s,NO
1 KINGS,11,36,y,NO
1 KINGS,13,32,d,NO
1 KINGS,14,9,p,NO
1 KINGS,14,10,s,NO
1 KINGS,14,15,a,NO
1 KINGS,14,15,z,NO
1 KINGS,14,21,h,NO
1 KINGS,14,23,m,NO
1 KINGS,14,23,n,NO
1 KINGS,15,17,q,NO
1 KINGS,15,18,t,NO
1 KINGS,15,20,x,NO
1 KINGS,15,20,y,NO
1 KINGS,16,3,t,NO
1 KINGS,16,31,n,NO
1 KINGS,17,1,u,NO
1 KINGS,17,1,v,NO
1 KINGS,18,19,p,NO
1 KINGS,18,19,q,NO
1 KINGS,18,36,e,NO
1 KINGS,18,46,p,NO
1 KINGS,19,10,a,NO
1 KINGS,19,10,z,NO
1 KINGS,19,11,d,NO
1 KINGS,19,17,k,NO
1 KINGS,20,1,s,NO
1 KINGS,20,28,f,NO
1 KINGS,21,22,h,NO
1 KINGS,21,27,q,NO
1 KINGS,22,48,d,NO
1 PETER,1,2,d,NO
1 PETER,1,2,e,NO
1 PETER,1,2,f,NO
1 PETER,1,3,i,NO
1 PETER,1,3,j,NO
1 PETER,1,4,m,NO
1 PETER,1,7,s,NO
1 PETER,1,7,t,NO
1 PETER,1,11,a,NO
1 PETER,1,11,b,NO
1 PETER,1,12,e,NO
1 PETER,1,12,f,NO
1 PETER,1,17,q,NO
1 PETER,1,19,v,NO
1 PETER,1,21,a,NO
1 PETER,1,23,f,NO
1 PETER,2,5,q,NO
1 PETER,2,5,r,NO
1 PETER,2,5,s,NO
1 PETER,2,9,b,NO
1 PETER,2,9,c,NO
1 PETER,2,9,d,NO
1 PETER,2,9,e,NO
1 PETER,2,9,f,NO
1 PETER,2,11,j,NO
1 PETER,2,12,m,NO
1 PETER,2,17,v,NO
1 PETER,2,21,a,NO
1 PETER,2,24,g,NO
1 PETER,2,24,h,NO
1 PETER,3,1,m,NO
1 PETER,3,8,w,NO
1 PETER,3,8,x,NO
1 PETER,3,9,a,NO
1 PETER,3,14,f,NO
1 PETER,3,15,i,NO
1 PETER,3,18,o,NO
1 PETER,3,18,p,NO
1 PETER,3,18,q,NO
1 PETER,3,20,t,NO
1 PETER,3,21,w,NO
1 PETER,4,1,b,NO
1 PETER,4,2,f,NO
1 PETER,4,2,g,NO
1 PETER,4,7,p,NO
1 PETER,4,11,w,NO
1 PETER,4,11,x,NO
1 PETER,4,11,y,NO
1 PETER,4,16,d,NO
1 PETER,5,2,q,NO
1 PETER,5,4,v,NO
1 PETER,5,8,c,NO
1 PETER,5,8,d,NO
1 PETER,5,8,e,NO
1 PETER,5,9,h,NO
1 PETER,5,10,k,NO
1 PETER,5,10,l,NO
1 PETER,5,10,m,NO
1 PETER,5,12,q,NO
1 PETER,5,12,r,NO
1 SAMUEL,1,1,c,NO
1 SAMUEL,1,11,m,NO
1 SAMUEL,1,11,n,NO
1 SAMUEL,2,1,h,NO
1 SAMUEL,2,8,s,NO
1 SAMUEL,2,10,w,NO
1 SAMUEL,2,10,x,NO
1 SAMUEL,2,28,s,NO
1 SAMUEL,2,35,e,NO
1 SAMUEL,3,13,n,NO
1 SAMUEL,4,21,p,NO
1 SAMUEL,6,5,g,NO
1 SAMUEL,6,5,h,NO
1 SAMUEL,6,6,k,NO
1 SAMUEL,7,3,d,NO
1 SAMUEL,7,3,e,NO
1 SAMUEL,7,3,f,NO
1 SAMUEL,7,6,i,NO
1 SAMUEL,10,1,e,NO
1 SAMUEL,10,2,h,NO
1 SAMUEL,10,3,k,NO
1 SAMUEL,10,5,n,NO
1 SAMUEL,10,8,u,NO
1 SAMUEL,11,1,q,NO
1 SAMUEL,11,7,y,NO
1 SAMUEL,11,13,j,NO
1 SAMUEL,11,15,m,NO
1 SAMUEL,12,8,x,NO
1 SAMUEL,12,8,y,NO
1 SAMUEL,12,9,b,NO
1 SAMUEL,12,10,f,NO
1 SAMUEL,12,11,i,NO
1 SAMUEL,12,11,j,NO
1 SAMUEL,12,12,m,NO
1 SAMUEL,12,15,s,NO
1 SAMUEL,12,17,w,NO
1 SAMUEL,12,22,d,NO
1 SAMUEL,13,3,o,NO
1 SAMUEL,13,23,h,NO
1 SAMUEL,14,3,l,NO
1 SAMUEL,14,3,m,NO
1 SAMUEL,14,31,d,NO
1 SAMUEL,15,7,k,NO
1 SAMUEL,15,23,a,NO
1 SAMUEL,15,35,q,NO
1 SAMUEL,16,1,t,NO
1 SAMUEL,16,1,u,NO
1 SAMUEL,16,13,k,NO
1 SAMUEL,17,1,x,NO
1 SAMUEL,17,1,y,NO
1 SAMUEL,17,12,j,NO
1 SAMUEL,17,12,k,NO
1 SAMUEL,17,26,u,NO
1 SAMUEL,17,46,o,NO
1 SAMUEL,17,52,v,NO
1 SAMUEL,17,55,a,NO
1 SAMUEL,18,10,m,NO
1 SAMUEL,18,10,n,NO
1 SAMUEL,18,12,r,NO
1 SAMUEL,18,17,x,NO
1 SAMUEL,18,17,y,NO
1 SAMUEL,18,21,f,NO
1 SAMUEL,18,25,j,NO
1 SAMUEL,19,5,v,NO
1 SAMUEL,19,5,w,NO
1 SAMUEL,20,3,p,NO
1 SAMUEL,20,6,u,NO
1 SAMUEL,20,18,f,NO
1 SAMUEL,20,42,u,NO
1 SAMUEL,21,1,x,NO
1 SAMUEL,22,8,q,NO
1 SAMUEL,22,9,t,NO
1 SAMUEL,23,24,r,NO
1 SAMUEL,25,1,w,NO
1 SAMUEL,25,1,x,NO
1 SAMUEL,25,1,y,NO
1 SAMUEL,25,2,b,NO
1 SAMUEL,25,26,a,NO
1 SAMUEL,25,26,z,NO
1 SAMUEL,25,36,k,NO
1 SAMUEL,25,39,n,NO
1 SAMUEL,25,39,o,NO
1 SAMUEL,25,39,p,NO
1 SAMUEL,26,10,f,NO
1 SAMUEL,26,10,g,NO
1 SAMUEL,27,8,c,NO
1 SAMUEL,27,8,e,NO
1 SAMUEL,27,10,h,NO
1 SAMUEL,28,3,l,NO
1 SAMUEL,28,6,q,NO
1 SAMUEL,29,1,f,NO
1 SAMUEL,29,1,g,NO
1 SAMUEL,29,4,m,NO
1 SAMUEL,30,1,w,NO
1 SAMUEL,30,8,c,NO
1 SAMUEL,31,4,b,NO
1 SAMUEL,31,4,c,NO
1 SAMUEL,31,10,h,NO
1 SAMUEL,31,13,n,NO
1 THESSALONIANS,1,1,c,NO
1 THESSALONIANS,1,3,h,NO
1 THESSALONIANS,1,3,i,NO
1 THESSALONIANS,1,5,n,NO
1 THESSALONIANS,1,5,o,NO
1 THESSALONIANS,1,6,r,NO
1 THESSALONIANS,1,6,s,NO
1 THESSALONIANS,1,6,t,NO
1 THESSALONIANS,1,9,y,NO
1 THESSALONIANS,1,9,z,NO
1 THESSALONIANS,1,10,d,NO
1 THESSALONIANS,1,10,e,NO
1 THESSALONIANS,2,2,j,NO
1 THESSALONIANS,2,2,k,NO
1 THESSALONIANS,2,3,n,NO
1 THESSALONIANS,2,3,o,NO
1 THESSALONIANS,2,4,r,NO
1 THESSALONIANS,2,6,w,NO
1 THESSALONIANS,2,6,x,NO
1 THESSALONIANS,2,12,i,NO
1 THESSALONIANS,2,13,l,NO
1 THESSALONIANS,2,13,m,NO
1 THESSALONIANS,2,14,p,NO
1 THESSALONIANS,2,14,q,NO
1 THESSALONIANS,2,16,w,NO
1 THESSALONIANS,3,5,k,NO
1 THESSALONIANS,3,5,l,NO
1 THESSALONIANS,3,6,o,NO
1 THESSALONIANS,3,10,v,NO
1 THESSALONIANS,3,13,b,NO
1 THESSALONIANS,3,13,c,NO
1 THESSALONIANS,4,1,f,NO
1 THESSALONIANS,4,1,g,NO
1 THESSALONIANS,4,5,o,NO
1 THESSALONIANS,4,9,x,NO
1 THESSALONIANS,4,9,y,NO
1 THESSALONIANS,4,11,d,NO
1 THESSALONIANS,4,15,m,NO
1 THESSALONIANS,4,16,p,NO
1 THESSALONIANS,4,16,q,NO
1 THESSALONIANS,4,16,r,NO
1 THESSALONIANS,4,16,s,NO
1 THESSALONIANS,4,17,v,NO
1 THESSALONIANS,5,6,f,NO
1 THESSALONIANS,5,14,r,NO
1 THESSALONIANS,5,14,s,NO
1 THESSALONIANS,5,16,v,NO
1 THESSALONIANS,5,23,d,NO
1 THESSALONIANS,5,23,e,NO
1 THESSALONIANS,5,23,f,NO
1 TIMOTHY,1,1,c,NO
1 TIMOTHY,1,4,k,NO
1 TIMOTHY,1,5,n,NO
1 TIMOTHY,1,11,w,NO
1 TIMOTHY,1,13,b,NO
1 TIMOTHY,1,15,g,NO
1 TIMOTHY,1,17,j,NO
1 TIMOTHY,1,17,k,NO
1 TIMOTHY,1,17,l,NO
1 TIMOTHY,1,18,o,NO
1 TIMOTHY,1,20,t,NO
1 TIMOTHY,1,20,u,NO
1 TIMOTHY,2,4,b,NO
1 TIMOTHY,2,6,f,NO
1 TIMOTHY,2,7,i,NO
1 TIMOTHY,2,8,l,NO
1 TIMOTHY,3,2,a,NO
1 TIMOTHY,3,2,z,NO
1 TIMOTHY,3,8,k,NO
1 TIMOTHY,3,16,u,NO
1 TIMOTHY,3,16,v,NO
1 TIMOTHY,3,16,w,NO
1 TIMOTHY,4,3,d,NO
1 TIMOTHY,4,4,e,NO
1 TIMOTHY,4,8,o,NO
1 TIMOTHY,4,14,w,NO
1 TIMOTHY,4,16,a,NO
1 TIMOTHY,5,10,p,NO
1 TIMOTHY,5,10,q,NO
1 TIMOTHY,5,14,w,NO
1 TIMOTHY,5,22,k,NO
1 TIMOTHY,6,3,u,NO
1 TIMOTHY,6,4,x,NO
1 TIMOTHY,6,4,y,NO
1 TIMOTHY,6,9,h,NO
1 TIMOTHY,6,11,l,NO
1 TIMOTHY,6,12,o,NO
1 TIMOTHY,6,15,v,NO
1 TIMOTHY,6,16,y,NO
1 TIMOTHY,6,16,z,NO
1 TIMOTHY,6,17,c,NO
1 TIMOTHY,6,17,d,NO
1 TIMOTHY,6,17,e,NO
1 TIMOTHY,6,19,j,NO
2 CHRONICLES,1,3,f,NO
2 CHRONICLES,1,5,j,NO
2 CHRONICLES,1,14,w,NO
2 CHRONICLES,2,4,e,NO
2 CHRONICLES,2,4,f,NO
2 CHRONICLES,3,1,y,NO
2 CHRONICLES,4,16,y,NO
2 CHRONICLES,5,12,l,NO
2 CHRONICLES,5,12,n,NO
2 CHRONICLES,6,41,q,NO
2 CHRONICLES,7,1,v,NO
2 CHRONICLES,7,6,z,NO
2 CHRONICLES,8,13,w,NO
2 CHRONICLES,8,14,a,NO
2 CHRONICLES,8,14,b,NO
2 CHRONICLES,8,14,u,NO
2 CHRONICLES,8,14,z,NO
2 CHRONICLES,9,29,a,NO
2 CHRONICLES,9,29,b,NO
2 CHRONICLES,9,29,y,NO
2 CHRONICLES,9,29,z,NO
2 CHRONICLES,12,1,b,NO
2 CHRONICLES,12,15,v,NO
2 CHRONICLES,12,15,w,NO
2 CHRONICLES,12,15,x,NO
2 CHRONICLES,13,9,n,NO
2 CHRONICLES,13,11,q,NO
2 CHRONICLES,13,11,s,NO
2 CHRONICLES,14,3,j,NO
2 CHRONICLES,14,11,u,NO
2 CHRONICLES,15,2,b,NO
2 CHRONICLES,15,8,j,NO
2 CHRONICLES,15,8,k,NO
2 CHRONICLES,15,16,t,NO
2 CHRONICLES,16,1,x,NO
2 CHRONICLES,16,7,b,NO
2 CHRONICLES,16,8,e,NO
2 CHRONICLES,16,9,h,NO
2 CHRONICLES,16,9,i,NO
2 CHRONICLES,19,2,p,NO
2 CHRONICLES,19,2,r,NO
2 CHRONICLES,19,3,u,NO
2 CHRONICLES,20,6,p,NO
2 CHRONICLES,20,10,x,NO
2 CHRONICLES,20,10,y,NO
2 CHRONICLES,20,17,h,NO
2 CHRONICLES,21,13,q,NO
2 CHRONICLES,21,13,r,NO
2 CHRONICLES,21,20,a,NO
2 CHRONICLES,22,9,k,NO
2 CHRONICLES,23,18,y,NO
2 CHRONICLES,23,18,z,NO
2 CHRONICLES,24,20,u,NO
2 CHRONICLES,24,25,f,NO
2 CHRONICLES,25,5,n,NO
2 CHRONICLES,26,9,n,NO
2 CHRONICLES,28,3,k,NO
2 CHRONICLES,28,3,l,NO
2 CHRONICLES,28,15,t,NO
2 CHRONICLES,28,18,x,NO
2 CHRONICLES,29,8,r,NO
2 CHRONICLES,29,15,e,NO
2 CHRONICLES,29,25,o,NO
2 CHRONICLES,29,25,p,NO
2 CHRONICLES,30,9,l,NO
2 CHRONICLES,30,10,o,NO
2 CHRONICLES,30,15,w,NO
2 CHRONICLES,30,27,m,NO
2 CHRONICLES,31,1,p,NO
2 CHRONICLES,32,7,p,NO
2 CHRONICLES,32,25,y,NO
2 CHRONICLES,32,31,f,NO
2 CHRONICLES,33,6,r,NO
2 CHRONICLES,33,6,s,NO
2 CHRONICLES,33,14,c,NO
2 CHRONICLES,33,18,h,NO
2 CHRONICLES,33,19,x,NO
2 CHRONICLES,34,8,u,NO
2 CHRONICLES,35,4,m,NO
2 CHRONICLES,35,11,w,NO
2 CHRONICLES,35,15,b,NO
2 CHRONICLES,36,6,r,NO
2 CHRONICLES,36,10,x,NO
2 CHRONICLES,36,16,f,NO
2 CHRONICLES,36,22,p,NO
2 CORINTHIANS,1,1,c,NO
2 CORINTHIANS,1,1,d,NO
2 CORINTHIANS,1,3,h,NO
2 CORINTHIANS,1,9,p,NO
2 CORINTHIANS,1,12,w,NO
2 CORINTHIANS,1,14,a,NO
2 CORINTHIANS,1,14,z,NO
2 CORINTHIANS,1,15,d,NO
2 CORINTHIANS,1,19,k,NO
2 CORINTHIANS,2,5,a,NO
2 CORINTHIANS,2,14,l,NO
2 CORINTHIANS,3,1,s,NO
2 CORINTHIANS,3,3,w,NO
2 CORINTHIANS,3,6,d,NO
2 CORINTHIANS,3,6,e,NO
2 CORINTHIANS,3,14,n,NO
2 CORINTHIANS,3,14,o,NO
2 CORINTHIANS,3,18,w,NO
2 CORINTHIANS,4,2,b,NO
2 CORINTHIANS,4,2,c,NO
2 CORINTHIANS,4,3,f,NO
2 CORINTHIANS,4,4,h,NO
2 CORINTHIANS,4,4,i,NO
2 CORINTHIANS,4,4,j,NO
2 CORINTHIANS,4,6,o,NO
2 CORINTHIANS,4,14,b,NO
2 CORINTHIANS,4,15,e,NO
2 CORINTHIANS,4,16,h,NO
2 CORINTHIANS,5,1,m,NO
2 CORINTHIANS,5,21,s,NO
2 CORINTHIANS,6,1,v,NO
2 CORINTHIANS,6,4,c,NO
2 CORINTHIANS,6,4,d,NO
2 CORINTHIANS,6,6,i,NO
2 CORINTHIANS,6,6,j,NO
2 CORINTHIANS,6,7,m,NO
2 CORINTHIANS,6,9,q,NO
2 CORINTHIANS,6,10,u,NO
2 CORINTHIANS,6,14,b,NO
2 CORINTHIANS,6,16,f,NO
2 CORINTHIANS,6,16,g,NO
2 CORINTHIANS,7,4,p,NO
2 CORINTHIANS,8,10,v,NO
2 CORINTHIANS,8,19,g,NO
2 CORINTHIANS,9,5,u,NO
2 CORINTHIANS,10,4,o,NO
2 CORINTHIANS,10,4,p,NO
2 CORINTHIANS,10,7,w,NO
2 CORINTHIANS,10,7,x,NO
2 CORINTHIANS,10,12,d,NO
2 CORINTHIANS,10,13,g,NO
2 CORINTHIANS,11,2,p,NO
2 CORINTHIANS,11,3,s,NO
2 CORINTHIANS,11,3,t,NO
2 CORINTHIANS,11,6,z,NO
2 CORINTHIANS,11,9,e,NO
2 CORINTHIANS,11,9,f,NO
2 CORINTHIANS,11,13,n,NO
2 CORINTHIANS,11,20,y,NO
2 CORINTHIANS,11,23,d,NO
2 CORINTHIANS,11,23,f,NO
2 CORINTHIANS,11,25,j,NO
2 CORINTHIANS,11,31,u,NO
2 CORINTHIANS,12,2,a,NO
2 CORINTHIANS,12,2,b,NO
2 CORINTHIANS,12,7,h,NO
2 CORINTHIANS,12,9,l,NO
2 CORINTHIANS,12,10,o,NO
2 CORINTHIANS,12,11,r,NO
2 CORINTHIANS,12,14,x,NO
2 CORINTHIANS,12,14,y,NO
2 CORINTHIANS,13,2,o,NO
2 CORINTHIANS,13,4,t,NO
2 CORINTHIANS,13,4,u,NO
2 CORINTHIANS,13,10,b,NO
2 CORINTHIANS,13,11,e,NO
2 CORINTHIANS,13,14,k,NO
2 KINGS,2,1,o,NO
2 KINGS,2,4,q,NO
2 KINGS,3,11,r,NO
2 KINGS,3,13,o,NO
2 KINGS,3,13,u,NO
2 KINGS,4,16,m,NO
2 KINGS,4,29,v,NO
2 KINGS,4,38,e,NO
2 KINGS,4,38,f,NO
2 KINGS,4,38,g,NO
2 KINGS,4,42,k,NO
2 KINGS,5,7,s,NO
2 KINGS,8,1,s,NO
2 KINGS,8,8,y,NO
2 KINGS,8,29,b,NO
2 KINGS,9,1,e,NO
2 KINGS,9,1,f,NO
2 KINGS,9,21,b,NO
2 KINGS,9,25,e,NO
2 KINGS,9,25,f,NO
2 KINGS,10,15,z,NO
2 KINGS,10,20,g,NO
2 KINGS,11,4,z,NO
2 KINGS,11,14,j,NO
2 KINGS,12,16,c,NO
2 KINGS,12,20,j,NO
2 KINGS,13,3,p,NO
2 KINGS,13,12,y,NO
2 KINGS,13,23,h,NO
2 KINGS,14,1,m,NO
2 KINGS,14,7,u,NO
2 KINGS,14,7,v,NO
2 KINGS,14,25,n,NO
2 KINGS,14,25,o,NO
2 KINGS,14,25,p,NO
2 KINGS,15,29,p,NO
2 KINGS,15,29,q,NO
2 KINGS,15,29,r,NO
2 KINGS,16,9,l,NO
2 KINGS,16,14,r,NO
2 KINGS,17,6,d,NO
2 KINGS,17,6,e,NO
2 KINGS,17,13,n,NO
2 KINGS,17,13,o,NO
2 KINGS,17,15,s,NO
2 KINGS,17,15,t,NO
2 KINGS,17,16,w,NO
2 KINGS,17,16,x,NO
2 KINGS,17,17,b,NO
2 KINGS,17,21,h,NO
2 KINGS,17,24,m,NO
2 KINGS,17,24,n,NO
2 KINGS,17,24,o,NO
2 KINGS,17,31,u,NO
2 KINGS,17,32,x,NO
2 KINGS,17,36,d,NO
2 KINGS,18,4,o,NO
2 KINGS,18,4,p,NO
2 KINGS,18,26,i,NO
2 KINGS,18,34,p,NO
2 KINGS,18,34,q,NO
2 KINGS,19,1,v,NO
2 KINGS,19,4,y,NO
2 KINGS,19,12,k,NO
2 KINGS,19,16,s,NO
2 KINGS,19,22,a,NO
2 KINGS,19,23,d,NO
2 KINGS,19,23,e,NO
2 KINGS,20,1,z,NO
2 KINGS,20,3,c,NO
2 KINGS,20,5,g,NO
2 KINGS,20,12,n,NO
2 KINGS,20,20,v,NO
2 KINGS,21,3,b,NO
2 KINGS,21,3,c,NO
2 KINGS,21,6,i,NO
2 KINGS,21,6,j,NO
2 KINGS,21,11,n,NO
2 KINGS,21,11,o,NO
2 KINGS,22,4,f,NO
2 KINGS,22,19,s,NO
2 KINGS,22,19,t,NO
2 KINGS,22,19,u,NO
2 KINGS,23,3,b,NO
2 KINGS,23,4,e,NO
2 KINGS,23,6,j,NO
2 KINGS,23,6,k,NO
2 KINGS,23,10,s,NO
2 KINGS,23,12,v,NO
2 KINGS,23,13,y,NO
2 KINGS,23,15,d,NO
2 KINGS,23,24,p,NO
2 KINGS,23,24,q,NO
2 KINGS,23,24,r,NO
2 KINGS,23,29,y,NO
2 KINGS,23,30,a,NO
2 KINGS,23,33,f,NO
2 KINGS,23,34,h,NO
2 KINGS,24,7,u,NO
2 KINGS,24,12,b,NO
2 KINGS,24,13,e,NO
2 KINGS,24,13,f,NO
2 KINGS,24,14,i,NO
2 KINGS,24,14,j,NO
2 KINGS,24,17,o,NO
2 KINGS,24,17,p,NO
2 KINGS,25,1,w,NO
2 KINGS,25,4,a,NO
2 KINGS,25,13,n,NO
2 KINGS,25,13,o,NO
2 KINGS,25,27,h,NO
2 PETER,1,1,c,NO
2 PETER,1,16,b,NO
2 PETER,1,16,c,NO
2 PETER,1,16,d,NO
2 PETER,1,19,i,NO
2 PETER,1,19,j,NO
2 PETER,2,1,o,NO
2 PETER,2,1,p,NO
2 PETER,2,3,t,NO
2 PETER,2,4,w,NO
2 PETER,2,6,b,NO
2 PETER,2,13,m,NO
2 PETER,2,14,p,NO
2 PETER,2,15,s,NO
2 PETER,2,20,c,NO
2 PETER,3,9,w,NO
2 PETER,3,9,x,NO
2 PETER,3,9,y,NO
2 PETER,3,14,j,NO
2 PETER,3,14,k,NO
2 PETER,3,15,n,NO
2 PETER,3,18,u,NO
2 SAMUEL,1,2,d,NO
2 SAMUEL,1,20,u,NO
2 SAMUEL,1,20,v,NO
2 SAMUEL,3,3,y,NO
2 SAMUEL,3,29,t,NO
2 SAMUEL,3,33,z,NO
2 SAMUEL,3,35,c,NO
2 SAMUEL,6,2,w,NO
2 SAMUEL,7,2,w,NO
2 SAMUEL,7,7,d,NO
2 SAMUEL,7,10,i,NO
2 SAMUEL,7,23,c,NO
2 SAMUEL,8,2,k,NO
2 SAMUEL,8,5,l,NO
2 SAMUEL,8,12,m,NO
2 SAMUEL,8,12,y,NO
2 SAMUEL,8,12,z,NO
2 SAMUEL,10,6,x,NO
2 SAMUEL,10,6,y,NO
2 SAMUEL,10,12,c,NO
2 SAMUEL,11,1,j,NO
2 SAMUEL,11,11,r,NO
2 SAMUEL,12,9,e,NO
2 SAMUEL,12,9,f,NO
2 SAMUEL,12,13,j,NO
2 SAMUEL,12,26,v,NO
2 SAMUEL,13,19,h,NO
2 SAMUEL,13,37,s,NO
2 SAMUEL,14,11,g,NO
2 SAMUEL,15,12,f,NO
2 SAMUEL,15,12,g,NO
2 SAMUEL,15,24,v,NO
2 SAMUEL,15,30,f,NO
2 SAMUEL,16,1,r,NO
2 SAMUEL,16,5,x,NO
2 SAMUEL,17,23,i,NO
2 SAMUEL,17,27,o,NO
2 SAMUEL,17,27,p,NO
2 SAMUEL,18,18,c,NO
2 SAMUEL,19,9,w,NO
2 SAMUEL,19,13,b,NO
2 SAMUEL,20,1,f,NO
2 SAMUEL,21,8,h,NO
2 SAMUEL,21,18,u,NO
2 SAMUEL,22,3,e,NO
2 SAMUEL,22,3,f,NO
2 SAMUEL,22,3,g,NO
2 SAMUEL,22,3,h,NO
2 SAMUEL,22,10,s,NO
2 SAMUEL,22,31,n,NO
2 SAMUEL,22,51,k,NO
2 SAMUEL,23,34,s,NO
2 SAMUEL,24,1,b,NO
2 SAMUEL,24,5,g,NO
2 SAMUEL,24,10,m,NO
2 SAMUEL,24,16,v,NO
2 SAMUEL,24,16,w,NO
2 THESSALONIANS,1,4,e,NO
2 THESSALONIANS,1,7,l,NO
2 THESSALONIANS,1,8,o,NO
2 THESSALONIANS,1,10,t,NO
2 THESSALONIANS,1,10,u,NO
2 THESSALONIANS,1,10,v,NO
2 THESSALONIANS,1,11,y,NO
2 THESSALONIANS,2,2,e,NO
2 THESSALONIANS,2,2,f,NO
2 THESSALONIANS,2,3,i,NO
2 THESSALONIANS,2,3,j,NO
2 THESSALONIANS,2,8,p,NO
2 THESSALONIANS,2,8,q,NO
2 THESSALONIANS,2,13,a,NO
2 THESSALONIANS,2,13,b,NO
2 THESSALONIANS,2,13,z,NO
2 THESSALONIANS,2,15,f,NO
2 THESSALONIANS,3,3,p,NO
2 THESSALONIANS,3,6,u,NO
2 THESSALONIANS,3,6,v,NO
2 THESSALONIANS,3,16,k,NO
2 TIMOTHY,1,1,c,NO
2 TIMOTHY,1,3,h,NO
2 TIMOTHY,1,3,i,NO
2 TIMOTHY,1,8,s,NO
2 TIMOTHY,1,9,w,NO
2 TIMOTHY,1,9,x,NO
2 TIMOTHY,1,10,a,NO
2 TIMOTHY,1,10,b,NO
2 TIMOTHY,1,10,c,NO
2 TIMOTHY,1,12,g,NO
2 TIMOTHY,1,12,h,NO
2 TIMOTHY,1,12,i,NO
2 TIMOTHY,1,13,l,NO
2 TIMOTHY,1,13,m,NO
2 TIMOTHY,1,13,n,NO
2 TIMOTHY,1,16,s,NO
2 TIMOTHY,2,2,a,NO
2 TIMOTHY,2,8,j,NO
2 TIMOTHY,2,9,m,NO
2 TIMOTHY,2,10,p,NO
2 TIMOTHY,2,11,s,NO
2 TIMOTHY,2,13,x,NO
2 TIMOTHY,2,14,a,NO
2 TIMOTHY,2,22,o,NO
2 TIMOTHY,2,22,p,NO
2 TIMOTHY,2,24,t,NO
2 TIMOTHY,2,25,w,NO
2 TIMOTHY,3,2,b,NO
2 TIMOTHY,3,8,m,NO
2 TIMOTHY,3,8,n,NO
2 TIMOTHY,3,11,s,NO
2 TIMOTHY,3,11,u,NO
2 TIMOTHY,3,15,c,NO
2 TIMOTHY,3,17,g,NO
2 TIMOTHY,4,1,j,NO
2 TIMOTHY,4,5,s,NO
2 TIMOTHY,4,5,t,NO
2 TIMOTHY,4,8,a,NO
2 TIMOTHY,4,8,b,NO
2 TIMOTHY,4,8,c,NO
2 TIMOTHY,4,10,g,NO
2 TIMOTHY,4,10,h,NO
2 TIMOTHY,4,10,i,NO
2 TIMOTHY,4,17,q,NO
2 TIMOTHY,4,17,r,NO
2 TIMOTHY,4,17,s,NO
ACTS,1,2,e,NO
ACTS,1,8,p,NO
ACTS,1,8,q,NO
ACTS,1,8,r,NO
ACTS,1,8,s,NO
ACTS,1,10,x,NO
ACTS,1,13,e,NO
ACTS,1,14,h,NO
ACTS,1,14,i,NO
ACTS,1,22,x,NO
ACTS,1,23,a,NO
ACTS,2,4,l,NO
ACTS,2,17,x,NO
ACTS,2,17,y,NO
ACTS,2,22,f,NO
ACTS,2,22,g,NO
ACTS,2,23,j,NO
ACTS,2,23,k,NO
ACTS,2,27,r,NO
ACTS,2,29,v,NO
ACTS,2,29,w,NO
ACTS,2,33,e,NO
ACTS,2,33,f,NO
ACTS,2,33,g,NO
ACTS,2,36,l,NO
ACTS,2,38,q,NO
ACTS,2,38,r,NO
ACTS,2,38,s,NO
ACTS,2,39,v,NO
ACTS,2,39,w,NO
ACTS,2,42,c,NO
ACTS,2,42,d,NO
ACTS,2,46,i,NO
ACTS,2,47,m,NO
ACTS,2,47,n,NO
ACTS,3,1,q,NO
ACTS,3,2,t,NO
ACTS,3,13,c,NO
ACTS,3,13,d,NO
ACTS,3,13,e,NO
ACTS,3,13,f,NO
ACTS,3,14,i,NO
ACTS,3,16,n,NO
ACTS,3,18,r,NO
ACTS,3,18,s,NO
ACTS,3,19,v,NO
ACTS,3,21,z,NO
ACTS,3,25,g,NO
ACTS,3,26,j,NO
ACTS,4,12,d,NO
ACTS,4,27,w,NO
ACTS,4,27,x,NO
ACTS,4,27,z,NO
ACTS,4,30,g,NO
ACTS,4,31,j,NO
ACTS,4,32,m,NO
ACTS,5,3,z,NO
ACTS,5,12,j,NO
ACTS,5,15,o,NO
ACTS,5,20,x,NO
ACTS,5,30,j,NO
ACTS,5,30,k,NO
ACTS,5,31,n,NO
ACTS,5,31,o,NO
ACTS,5,31,p,NO
ACTS,5,32,s,NO
ACTS,5,41,g,NO
ACTS,5,42,j,NO
ACTS,6,3,o,NO
ACTS,6,5,s,NO
ACTS,6,5,t,NO
ACTS,6,7,y,NO
ACTS,6,13,e,NO
ACTS,6,14,h,NO
ACTS,7,2,l,NO
ACTS,7,2,m,NO
ACTS,7,4,p,NO
ACTS,7,6,u,NO
ACTS,7,8,a,NO
ACTS,7,8,b,NO
ACTS,7,8,z,NO
ACTS,7,9,e,NO
ACTS,7,13,l,NO
ACTS,7,15,q,NO
ACTS,7,22,c,NO
ACTS,7,34,o,NO
ACTS,7,34,p,NO
ACTS,7,36,u,NO
ACTS,7,36,v,NO
ACTS,7,36,w,NO
ACTS,7,36,x,NO
ACTS,7,38,b,NO
ACTS,7,38,c,NO
ACTS,7,38,d,NO
ACTS,7,41,i,NO
ACTS,7,42,l,NO
ACTS,7,42,n,NO
ACTS,7,45,t,NO
ACTS,7,45,u,NO
ACTS,7,46,x,NO
ACTS,7,51,f,NO
ACTS,7,52,i,NO
ACTS,7,55,p,NO
ACTS,7,56,p,NO
ACTS,7,58,u,NO
ACTS,7,58,v,NO
ACTS,7,60,a,NO
ACTS,8,1,d,NO
ACTS,8,13,v,NO
ACTS,8,16,b,NO
ACTS,8,27,p,NO
ACTS,8,31,t,NO
ACTS,9,1,d,NO
ACTS,9,13,t,NO
ACTS,9,15,y,NO
ACTS,9,16,b,NO
ACTS,9,17,e,NO
ACTS,9,22,o,NO
ACTS,9,27,w,NO
ACTS,9,27,x,NO
ACTS,9,27,y,NO
ACTS,9,31,g,NO
ACTS,9,35,l,NO
ACTS,9,40,t,NO
ACTS,10,3,a,NO
ACTS,10,9,g,NO
ACTS,10,14,l,NO
ACTS,10,22,t,NO
ACTS,10,30,d,NO
ACTS,10,36,k,NO
ACTS,10,36,l,NO
ACTS,10,38,q,NO
ACTS,10,38,r,NO
ACTS,10,38,s,NO
ACTS,10,40,x,NO
ACTS,10,42,c,NO
ACTS,10,43,f,NO
ACTS,10,43,g,NO
ACTS,10,43,h,NO
ACTS,10,45,l,NO
ACTS,11,17,f,NO
ACTS,11,17,g,NO
ACTS,11,17,h,NO
ACTS,11,18,l,NO
ACTS,11,28,a,NO
ACTS,11,28,z,NO
ACTS,12,7,p,NO
ACTS,12,7,q,NO
ACTS,12,11,w,NO
ACTS,12,17,e,NO
ACTS,13,1,p,NO
ACTS,13,2,s,NO
ACTS,13,5,y,NO
ACTS,13,8,d,NO
ACTS,13,10,h,NO
ACTS,13,10,i,NO
ACTS,13,15,s,NO
ACTS,13,17,a,NO
ACTS,13,17,y,NO
ACTS,13,17,z,NO
ACTS,13,19,f,NO
ACTS,13,22,m,NO
ACTS,13,22,n,NO
ACTS,13,22,o,NO
ACTS,13,23,r,NO
ACTS,13,26,x,NO
ACTS,13,29,f,NO
ACTS,13,31,j,NO
ACTS,13,31,k,NO
ACTS,13,31,l,NO
ACTS,13,34,r,NO
ACTS,13,43,e,NO
ACTS,13,43,f,NO
ACTS,13,45,i,NO
ACTS,13,45,j,NO
ACTS,13,46,m,NO
ACTS,13,46,n,NO
ACTS,13,47,q,NO
ACTS,13,47,r,NO
ACTS,13,50,v,NO
ACTS,13,50,w,NO
ACTS,14,2,d,NO
ACTS,14,3,g,NO
ACTS,14,15,w,NO
ACTS,14,15,y,NO
ACTS,14,15,z,NO
ACTS,14,17,e,NO
ACTS,14,17,f,NO
ACTS,14,17,h,NO
ACTS,14,22,n,NO
ACTS,14,22,o,NO
ACTS,14,23,r,NO
ACTS,14,27,w,NO
ACTS,14,27,x,NO
ACTS,15,1,a,NO
ACTS,15,1,b,NO
ACTS,15,2,e,NO
ACTS,15,3,h,NO
ACTS,15,3,i,NO
ACTS,15,4,g,NO
ACTS,15,5,n,NO
ACTS,15,7,r,NO
ACTS,15,8,v,NO
ACTS,15,9,y,NO
ACTS,15,10,b,NO
ACTS,15,11,e,NO
ACTS,15,11,w,NO
ACTS,15,20,r,NO
ACTS,15,20,s,NO
ACTS,15,22,w,NO
ACTS,15,22,x,NO
ACTS,15,23,y,NO
ACTS,15,32,n,NO
ACTS,15,40,x,NO
ACTS,16,4,f,NO
ACTS,16,5,i,NO
ACTS,16,13,s,NO
ACTS,16,16,a,NO
ACTS,16,16,z,NO
ACTS,16,17,d,NO
ACTS,16,17,e,NO
ACTS,16,18,h,NO
ACTS,16,26,s,NO
ACTS,17,3,l,NO
ACTS,17,4,o,NO
ACTS,17,5,r,NO
ACTS,17,15,f,NO
ACTS,17,18,l,NO
ACTS,17,24,t,NO
ACTS,17,25,w,NO
ACTS,17,26,a,NO
ACTS,17,26,z,NO
ACTS,17,27,d,NO
ACTS,17,30,k,NO
ACTS,17,30,l,NO
ACTS,17,31,o,NO
ACTS,17,31,p,NO
ACTS,17,31,q,NO
ACTS,17,32,t,NO
ACTS,18,5,b,NO
ACTS,18,5,c,NO
ACTS,18,6,f,NO
ACTS,18,6,g,NO
ACTS,18,9,n,NO
ACTS,18,10,p,NO
ACTS,18,12,s,NO
ACTS,18,18,a,NO
ACTS,18,18,z,NO
ACTS,18,25,l,NO
ACTS,18,27,q,NO
ACTS,18,27,r,NO
ACTS,19,6,d,NO
ACTS,19,9,i,NO
ACTS,19,13,p,NO
ACTS,19,21,x,NO
ACTS,19,22,a,NO
ACTS,20,4,u,NO
ACTS,20,4,v,NO
ACTS,20,19,n,NO
ACTS,20,19,o,NO
ACTS,20,23,x,NO
ACTS,20,24,a,NO
ACTS,20,24,c,NO
ACTS,20,24,e,NO
ACTS,20,28,o,NO
ACTS,20,28,p,NO
ACTS,20,28,q,NO
ACTS,20,28,r,NO
ACTS,20,28,s,NO
ACTS,20,29,u,NO
ACTS,20,31,z,NO
ACTS,20,32,c,NO
ACTS,20,32,d,NO
ACTS,20,34,h,NO
ACTS,20,35,k,NO
ACTS,20,35,l,NO
ACTS,20,35,m,NO
ACTS,21,11,e,NO
ACTS,21,11,f,NO
ACTS,21,13,i,NO
ACTS,21,19,q,NO
ACTS,21,21,v,NO
ACTS,21,21,w,NO
ACTS,21,21,x,NO
ACTS,21,26,c,NO
ACTS,21,27,e,NO
ACTS,21,28,h,NO
ACTS,22,3,a,NO
ACTS,22,3,b,NO
ACTS,22,3,c,NO
ACTS,22,3,d,NO
ACTS,22,4,g,NO
ACTS,22,5,j,NO
ACTS,22,12,q,NO
ACTS,22,14,v,NO
ACTS,22,14,w,NO
ACTS,22,14,x,NO
ACTS,22,16,c,NO
ACTS,22,17,f,NO
ACTS,22,20,l,NO
ACTS,22,29,u,NO
ACTS,22,29,v,NO
ACTS,23,3,c,NO
ACTS,23,6,i,NO
ACTS,23,6,j,NO
ACTS,23,9,n,NO
ACTS,23,11,r,NO
ACTS,23,11,t,NO
ACTS,23,27,g,NO
ACTS,23,30,m,NO
ACTS,24,1,u,NO
ACTS,24,11,b,NO
ACTS,24,14,g,NO
ACTS,24,14,h,NO
ACTS,24,14,i,NO
ACTS,24,15,l,NO
ACTS,24,17,r,NO
ACTS,24,17,s,NO
ACTS,24,27,h,NO
ACTS,25,8,p,NO
ACTS,25,25,k,NO
ACTS,26,5,t,NO
ACTS,26,5,u,NO
ACTS,26,7,y,NO
ACTS,26,7,z,NO
ACTS,26,10,f,NO
ACTS,26,11,i,NO
ACTS,26,11,j,NO
ACTS,26,17,q,NO
ACTS,26,18,t,NO
ACTS,26,18,u,NO
ACTS,26,18,v,NO
ACTS,26,20,a,NO
ACTS,26,20,b,NO
ACTS,26,20,c,NO
ACTS,26,20,z,NO
ACTS,26,22,g,NO
ACTS,26,23,j,NO
ACTS,26,23,k,NO
ACTS,26,23,l,NO
ACTS,26,23,m,NO
ACTS,26,25,q,NO
ACTS,26,32,z,NO
ACTS,27,1,c,NO
ACTS,27,3,g,NO
ACTS,27,23,s,NO
ACTS,27,23,t,NO
ACTS,27,23,u,NO
ACTS,28,4,r,NO
ACTS,28,20,j,NO
ACTS,28,20,k,NO
ACTS,28,23,q,NO
ACTS,28,23,r,NO
ACTS,28,28,a,NO
ACTS,28,28,b,NO
ACTS,28,31,f,NO
ACTS,28,31,g,NO
AMOS,1,1,c,NO
AMOS,1,1,d,NO
AMOS,1,1,e,NO
AMOS,1,1,f,NO
AMOS,1,2,i,NO
AMOS,1,2,j,NO
AMOS,1,5,q,NO
AMOS,1,5,r,NO
AMOS,1,5,s,NO
AMOS,1,5,t,NO
AMOS,1,6,v,NO
AMOS,1,11,a,NO
AMOS,1,11,z,NO
AMOS,1,13,e,NO
AMOS,1,13,f,NO
AMOS,2,4,p,NO
AMOS,2,6,s,NO
AMOS,2,7,v,NO
AMOS,2,9,z,NO
AMOS,2,10,x,NO
AMOS,3,9,s,NO
AMOS,3,12,y,NO
AMOS,3,15,f,NO
AMOS,3,15,g,NO
AMOS,4,1,j,NO
AMOS,4,4,p,NO
AMOS,4,5,s,NO
AMOS,4,9,u,NO
AMOS,4,10,c,NO
AMOS,4,10,u,NO
AMOS,4,11,u,NO
AMOS,4,13,h,NO
AMOS,4,13,i,NO
AMOS,4,13,j,NO
AMOS,5,6,n,NO
AMOS,5,8,t,NO
AMOS,5,8,u,NO
AMOS,5,10,y,NO
AMOS,5,12,x,NO
AMOS,5,15,i,NO
AMOS,6,1,z,NO
AMOS,6,2,d,NO
AMOS,6,4,i,NO
AMOS,6,8,p,NO
AMOS,6,14,z,NO
AMOS,7,10,l,NO
AMOS,7,12,p,NO
AMOS,7,16,w,NO
AMOS,7,16,x,NO
AMOS,7,17,m,NO
AMOS,8,2,d,NO
AMOS,8,3,g,NO
AMOS,8,3,h,NO
AMOS,8,5,l,NO
AMOS,8,8,r,NO
AMOS,8,10,v,NO
AMOS,8,14,d,NO
AMOS,9,1,g,NO
AMOS,9,1,h,NO
AMOS,9,6,r,NO
AMOS,9,7,u,NO
AMOS,9,7,v,NO
AMOS,9,7,w,NO
AMOS,9,14,i,NO
AMOS,9,15,l,NO
COLOSSIANS,1,1,c,NO
COLOSSIANS,1,5,j,NO
COLOSSIANS,1,6,n,NO
COLOSSIANS,1,9,t,NO
COLOSSIANS,1,9,u,NO
COLOSSIANS,1,10,x,NO
COLOSSIANS,1,11,a,NO
COLOSSIANS,1,13,f,NO
COLOSSIANS,1,15,k,NO
COLOSSIANS,1,16,n,NO
COLOSSIANS,1,16,o,NO
COLOSSIANS,1,18,t,NO
COLOSSIANS,1,20,y,NO
COLOSSIANS,1,22,d,NO
COLOSSIANS,1,23,g,NO
COLOSSIANS,1,23,h,NO
COLOSSIANS,1,23,i,NO
COLOSSIANS,1,24,l,NO
COLOSSIANS,1,27,p,NO
COLOSSIANS,1,27,s,NO
COLOSSIANS,1,29,x,NO
COLOSSIANS,2,2,b,NO
COLOSSIANS,2,5,g,NO
COLOSSIANS,2,7,k,NO
COLOSSIANS,2,7,l,NO
COLOSSIANS,2,7,m,NO
COLOSSIANS,2,8,p,NO
COLOSSIANS,2,8,q,NO
COLOSSIANS,2,12,z,NO
COLOSSIANS,2,15,f,NO
COLOSSIANS,2,16,j,NO
COLOSSIANS,2,18,o,NO
COLOSSIANS,2,18,q,NO
COLOSSIANS,2,20,v,NO
COLOSSIANS,3,1,d,NO
COLOSSIANS,3,4,i,NO
COLOSSIANS,3,5,l,NO
COLOSSIANS,3,5,n,NO
COLOSSIANS,3,8,s,NO
COLOSSIANS,3,9,v,NO
COLOSSIANS,3,10,a,NO
COLOSSIANS,3,10,y,NO
COLOSSIANS,3,10,z,NO
COLOSSIANS,3,12,f,NO
COLOSSIANS,3,12,g,NO
COLOSSIANS,3,12,h,NO
COLOSSIANS,3,13,g,NO
COLOSSIANS,3,14,l,NO
COLOSSIANS,3,15,o,NO
COLOSSIANS,3,16,r,NO
COLOSSIANS,4,3,g,NO
COLOSSIANS,4,6,l,NO
COLOSSIANS,4,10,r,NO
COLOSSIANS,4,11,u,NO
COLOSSIANS,4,12,x,NO
COLOSSIANS,4,18,g,NO
DANIEL,1,2,d,NO
DANIEL,1,4,i,NO
DANIEL,1,4,j,NO
DANIEL,1,5,m,NO
DANIEL,1,5,n,NO
DANIEL,1,7,r,NO
DANIEL,1,8,k,NO
DANIEL,1,8,l,NO
DANIEL,1,17,a,NO
DANIEL,2,2,j,NO
DANIEL,2,2,k,NO
DANIEL,2,2,l,NO
DANIEL,2,5,o,NO
DANIEL,2,9,u,NO
DANIEL,2,12,z,NO
DANIEL,2,18,h,NO
DANIEL,2,19,g,NO
DANIEL,2,21,o,NO
DANIEL,2,23,t,NO
DANIEL,2,23,u,NO
DANIEL,2,25,x,NO
DANIEL,2,28,e,NO
DANIEL,2,35,p,NO
DANIEL,2,35,q,NO
DANIEL,2,37,t,NO
DANIEL,2,39,x,NO
DANIEL,2,44,d,NO
DANIEL,2,45,d,NO
DANIEL,2,45,g,NO
DANIEL,2,46,j,NO
DANIEL,2,47,n,NO
DANIEL,2,48,q,NO
DANIEL,2,49,p,NO
DANIEL,2,49,t,NO
DANIEL,3,12,i,NO
DANIEL,3,12,j,NO
DANIEL,3,15,m,NO
DANIEL,3,19,i,NO
DANIEL,3,24,v,NO
DANIEL,3,24,w,NO
DANIEL,3,25,z,NO
DANIEL,3,27,c,NO
DANIEL,3,27,d,NO
DANIEL,3,28,f,NO
DANIEL,3,28,h,NO
DANIEL,3,29,k,NO
DANIEL,3,29,s,NO
DANIEL,4,1,o,NO
DANIEL,4,9,a,NO
DANIEL,4,9,s,NO
DANIEL,4,13,g,NO
DANIEL,4,14,j,NO
DANIEL,4,17,m,NO
DANIEL,4,17,n,NO
DANIEL,4,17,o,NO
DANIEL,4,18,r,NO
DANIEL,4,19,t,NO
DANIEL,4,19,u,NO
DANIEL,4,23,b,NO
DANIEL,4,25,b,NO
DANIEL,4,25,e,NO
DANIEL,4,27,i,NO
DANIEL,4,34,p,NO
DANIEL,4,34,q,NO
DANIEL,4,35,t,NO
DANIEL,4,36,x,NO
DANIEL,4,36,y,NO
DANIEL,4,36,z,NO
DANIEL,4,37,c,NO
DANIEL,5,1,g,NO
DANIEL,5,5,m,NO
DANIEL,5,6,p,NO
DANIEL,5,6,q,NO
DANIEL,5,7,t,NO
DANIEL,5,7,u,NO
DANIEL,5,7,v,NO
DANIEL,5,9,y,NO
DANIEL,5,11,d,NO
DANIEL,5,11,r,NO
DANIEL,5,12,g,NO
DANIEL,5,12,h,NO
DANIEL,5,15,l,NO
DANIEL,5,16,o,NO
DANIEL,5,16,p,NO
DANIEL,5,18,t,NO
DANIEL,5,18,u,NO
DANIEL,5,23,e,NO
DANIEL,5,23,f,NO
DANIEL,5,23,h,NO
DANIEL,5,30,o,NO
DANIEL,6,3,r,NO
DANIEL,6,3,u,NO
DANIEL,6,3,v,NO
DANIEL,6,4,w,NO
DANIEL,6,6,y,NO
DANIEL,6,7,a,NO
DANIEL,6,8,c,NO
DANIEL,6,10,g,NO
DANIEL,6,10,h,NO
DANIEL,6,12,c,NO
DANIEL,6,12,d,NO
DANIEL,6,13,g,NO
DANIEL,6,13,j,NO
DANIEL,6,13,m,NO
DANIEL,6,17,r,NO
DANIEL,6,20,w,NO
DANIEL,6,22,a,NO
DANIEL,6,25,f,NO
DANIEL,6,26,i,NO
DANIEL,6,26,j,NO
DANIEL,6,26,k,NO
DANIEL,7,1,r,NO
DANIEL,7,9,e,NO
DANIEL,7,9,f,NO
DANIEL,7,10,i,NO
DANIEL,7,10,j,NO
DANIEL,7,10,k,NO
DANIEL,7,10,l,NO
DANIEL,7,14,r,NO
DANIEL,7,25,b,NO
DANIEL,7,26,e,NO
DANIEL,7,28,k,NO
DANIEL,8,2,p,NO
DANIEL,8,2,q,NO
DANIEL,8,4,u,NO
DANIEL,8,4,v,NO
DANIEL,8,4,w,NO
DANIEL,8,4,x,NO
DANIEL,8,7,d,NO
DANIEL,8,8,f,NO
DANIEL,8,9,i,NO
DANIEL,8,10,l,NO
DANIEL,8,10,m,NO
DANIEL,8,11,p,NO
DANIEL,8,13,t,NO
DANIEL,8,16,z,NO
DANIEL,8,17,c,NO
DANIEL,8,17,d,NO
DANIEL,8,24,q,NO
DANIEL,8,25,t,NO
DANIEL,8,25,u,NO
DANIEL,8,26,x,NO
DANIEL,8,26,y,NO
DANIEL,9,1,d,NO
DANIEL,9,1,e,NO
DANIEL,9,4,j,NO
DANIEL,9,6,o,NO
DANIEL,9,7,r,NO
DANIEL,9,7,s,NO
DANIEL,9,11,k,NO
DANIEL,9,11,w,NO
DANIEL,9,11,x,NO
DANIEL,9,11,y,NO
DANIEL,9,12,b,NO
DANIEL,9,14,f,NO
DANIEL,9,16,m,NO
DANIEL,9,16,n,NO
DANIEL,9,16,o,NO
DANIEL,9,18,t,NO
DANIEL,9,19,t,NO
DANIEL,9,21,b,NO
DANIEL,9,23,g,NO
DANIEL,9,23,h,NO
DANIEL,9,24,k,NO
DANIEL,9,24,l,NO
DANIEL,9,24,m,NO
DANIEL,9,24,n,NO
DANIEL,9,25,r,NO
DANIEL,9,25,s,NO
DANIEL,9,25,t,NO
DANIEL,9,26,w,NO
DANIEL,9,26,x,NO
DANIEL,9,26,y,NO
DANIEL,10,1,d,NO
DANIEL,10,1,e,NO
DANIEL,10,5,l,NO
DANIEL,10,5,m,NO
DANIEL,10,6,p,NO
DANIEL,10,6,q,NO
DANIEL,10,11,y,NO
DANIEL,10,12,c,NO
DANIEL,10,12,d,NO
DANIEL,10,13,g,NO
DANIEL,10,14,i,NO
DANIEL,10,16,n,NO
DANIEL,11,4,a,NO
DANIEL,11,16,o,NO
DANIEL,11,19,t,NO
DANIEL,11,35,k,NO
DANIEL,11,36,n,NO
DANIEL,11,36,o,NO
DANIEL,11,36,p,NO
DANIEL,11,36,q,NO
DANIEL,11,40,v,NO
DANIEL,12,1,c,NO
DANIEL,12,3,i,NO
DANIEL,12,4,m,NO
DANIEL,12,7,r,NO
DANIEL,12,7,s,NO
DANIEL,12,7,t,NO
DANIEL,12,10,g,NO
DANIEL,12,13,e,NO
DEUTERONOMY,1,1,c,NO
DEUTERONOMY,1,4,h,NO
DEUTERONOMY,1,7,l,NO
DEUTERONOMY,1,17,x,NO
DEUTERONOMY,1,27,f,NO
DEUTERONOMY,1,28,i,NO
DEUTERONOMY,1,44,c,NO
DEUTERONOMY,2,4,i,NO
DEUTERONOMY,2,8,o,NO
DEUTERONOMY,2,8,p,NO
DEUTERONOMY,2,9,s,NO
DEUTERONOMY,2,10,v,NO
DEUTERONOMY,2,14,c,NO
DEUTERONOMY,2,23,k,NO
DEUTERONOMY,2,26,q,NO
DEUTERONOMY,2,30,v,NO
DEUTERONOMY,2,36,c,NO
DEUTERONOMY,3,9,n,NO
DEUTERONOMY,3,11,s,NO
DEUTERONOMY,3,11,t,NO
DEUTERONOMY,3,13,r,NO
DEUTERONOMY,3,14,a,NO
DEUTERONOMY,3,17,h,NO
DEUTERONOMY,4,9,h,NO
DEUTERONOMY,4,10,k,NO
DEUTERONOMY,4,10,l,NO
DEUTERONOMY,4,12,q,NO
DEUTERONOMY,4,13,t,NO
DEUTERONOMY,4,16,z,NO
DEUTERONOMY,4,34,a,NO
DEUTERONOMY,4,34,b,NO
DEUTERONOMY,4,48,v,NO
DEUTERONOMY,5,24,p,NO
DEUTERONOMY,6,15,r,NO
DEUTERONOMY,6,24,c,NO
DEUTERONOMY,7,1,g,NO
DEUTERONOMY,7,2,j,NO
DEUTERONOMY,7,16,f,NO
DEUTERONOMY,7,24,q,NO
DEUTERONOMY,8,2,y,NO
DEUTERONOMY,8,2,z,NO
DEUTERONOMY,8,3,c,NO
DEUTERONOMY,8,15,m,NO
DEUTERONOMY,8,15,n,NO
DEUTERONOMY,9,3,b,NO
DEUTERONOMY,9,14,s,NO
DEUTERONOMY,9,18,z,NO
DEUTERONOMY,9,22,e,NO
DEUTERONOMY,10,4,s,NO
DEUTERONOMY,10,5,v,NO
DEUTERONOMY,10,8,b,NO
DEUTERONOMY,10,8,c,NO
DEUTERONOMY,10,12,j,NO
DEUTERONOMY,10,12,k,NO
DEUTERONOMY,10,17,u,NO
DEUTERONOMY,10,17,v,NO
DEUTERONOMY,10,20,z,NO
DEUTERONOMY,11,2,i,NO
DEUTERONOMY,11,9,r,NO
DEUTERONOMY,11,17,d,NO
DEUTERONOMY,11,25,r,NO
DEUTERONOMY,12,3,h,NO
DEUTERONOMY,12,18,n,NO
DEUTERONOMY,12,26,a,NO
DEUTERONOMY,12,31,o,NO
DEUTERONOMY,13,6,a,NO
DEUTERONOMY,13,6,z,NO
DEUTERONOMY,13,17,n,NO
DEUTERONOMY,14,1,r,NO
DEUTERONOMY,14,21,z,NO
DEUTERONOMY,14,23,d,NO
DEUTERONOMY,15,6,q,NO
DEUTERONOMY,16,10,v,NO
DEUTERONOMY,16,19,h,NO
DEUTERONOMY,17,12,s,NO
DEUTERONOMY,17,16,e,NO
DEUTERONOMY,18,10,z,NO
DEUTERONOMY,18,18,k,NO
DEUTERONOMY,19,8,v,NO
DEUTERONOMY,20,14,t,NO
DEUTERONOMY,21,21,o,NO
DEUTERONOMY,22,21,d,NO
DEUTERONOMY,23,4,n,NO
DEUTERONOMY,24,7,k,NO
DEUTERONOMY,24,13,q,NO
DEUTERONOMY,25,9,l,NO
DEUTERONOMY,26,19,r,NO
DEUTERONOMY,28,8,a,NO
DEUTERONOMY,28,10,e,NO
DEUTERONOMY,28,12,i,NO
DEUTERONOMY,28,20,q,NO
DEUTERONOMY,28,30,f,NO
DEUTERONOMY,28,36,m,NO
DEUTERONOMY,28,49,b,NO
DEUTERONOMY,28,64,t,NO
DEUTERONOMY,28,64,u,NO
DEUTERONOMY,28,65,x,NO
DEUTERONOMY,29,13,r,NO
DEUTERONOMY,29,20,x,NO
DEUTERONOMY,29,23,b,NO
DEUTERONOMY,30,1,j,NO
DEUTERONOMY,30,20,c,NO
DEUTERONOMY,31,2,f,NO
DEUTERONOMY,31,6,n,NO
DEUTERONOMY,31,8,q,NO
DEUTERONOMY,31,13,a,NO
DEUTERONOMY,31,16,f,NO
DEUTERONOMY,31,16,g,NO
DEUTERONOMY,31,17,j,NO
DEUTERONOMY,31,17,k,NO
DEUTERONOMY,31,19,o,NO
DEUTERONOMY,31,20,g,NO
DEUTERONOMY,31,20,r,NO
DEUTERONOMY,31,20,s,NO
DEUTERONOMY,31,23,x,NO
DEUTERONOMY,31,29,i,NO
DEUTERONOMY,31,29,j,NO
DEUTERONOMY,32,4,r,NO
DEUTERONOMY,32,4,s,NO
DEUTERONOMY,32,6,x,NO
DEUTERONOMY,32,10,e,NO
DEUTERONOMY,32,13,k,NO
DEUTERONOMY,32,13,l,NO
DEUTERONOMY,32,15,p,NO
DEUTERONOMY,32,15,q,NO
DEUTERONOMY,32,15,r,NO
DEUTERONOMY,32,15,s,NO
DEUTERONOMY,32,21,d,NO
DEUTERONOMY,32,21,e,NO
DEUTERONOMY,32,35,b,NO
DEUTERONOMY,32,36,e,NO
DEUTERONOMY,32,39,j,NO
DEUTERONOMY,33,3,d,NO
DEUTERONOMY,33,8,k,NO
DEUTERONOMY,33,10,p,NO
DEUTERONOMY,33,13,u,NO
DEUTERONOMY,33,17,a,NO
DEUTERONOMY,33,17,b,NO
DEUTERONOMY,33,22,l,NO
DEUTERONOMY,33,26,s,NO
DEUTERONOMY,33,29,y,NO
DEUTERONOMY,34,3,f,NO
DEUTERONOMY,34,4,i,NO
DEUTERONOMY,34,9,p,NO
ECCLESIASTES,1,2,d,NO
ECCLESIASTES,1,17,r,NO
ECCLESIASTES,2,8,i,NO
ECCLESIASTES,2,8,j,NO
ECCLESIASTES,2,8,k,NO
ECCLESIASTES,2,12,s,NO
ECCLESIASTES,2,24,h,NO
ECCLESIASTES,2,26,j,NO
ECCLESIASTES,2,26,k,NO
ECCLESIASTES,3,5,r,NO
ECCLESIASTES,3,22,t,NO
ECCLESIASTES,4,1,w,NO
ECCLESIASTES,4,1,x,NO
ECCLESIASTES,4,8,h,NO
ECCLESIASTES,5,1,p,NO
ECCLESIASTES,5,4,u,NO
ECCLESIASTES,5,8,b,NO
ECCLESIASTES,5,19,l,NO
ECCLESIASTES,5,19,m,NO
ECCLESIASTES,6,2,q,NO
ECCLESIASTES,6,3,u,NO
ECCLESIASTES,6,3,v,NO
ECCLESIASTES,6,12,g,NO
ECCLESIASTES,7,15,c,NO
ECCLESIASTES,7,18,h,NO
ECCLESIASTES,7,26,s,NO
ECCLESIASTES,8,8,j,NO
ECCLESIASTES,8,12,r,NO
ECCLESIASTES,9,2,g,NO
ECCLESIASTES,9,11,t,NO
ECCLESIASTES,9,11,u,NO
ECCLESIASTES,9,11,v,NO
ECCLESIASTES,9,12,y,NO
ECCLESIASTES,11,2,j,NO
ECCLESIASTES,11,9,s,NO
ECCLESIASTES,11,9,t,NO
ECCLESIASTES,12,1,x,NO
ECCLESIASTES,12,4,c,NO
ECCLESIASTES,12,5,f,NO
ECCLESIASTES,12,5,g,NO
ECCLESIASTES,12,7,l,NO
ECCLESIASTES,12,11,r,NO
EPHESIANS,1,1,c,NO
EPHESIANS,1,3,g,NO
EPHESIANS,1,4,j,NO
EPHESIANS,1,4,k,NO
EPHESIANS,1,7,s,NO
EPHESIANS,1,7,t,NO
EPHESIANS,1,7,u,NO
EPHESIANS,1,9,w,NO
EPHESIANS,1,11,b,NO
EPHESIANS,1,11,c,NO
EPHESIANS,1,13,g,NO
EPHESIANS,1,14,j,NO
EPHESIANS,1,14,k,NO
EPHESIANS,1,14,l,NO
EPHESIANS,1,18,t,NO
EPHESIANS,1,21,b,NO
EPHESIANS,1,21,c,NO
EPHESIANS,1,23,h,NO
EPHESIANS,1,23,i,NO
EPHESIANS,2,2,n,NO
EPHESIANS,2,3,q,NO
EPHESIANS,2,5,v,NO
EPHESIANS,2,8,b,NO
EPHESIANS,2,8,c,NO
EPHESIANS,2,10,h,NO
EPHESIANS,2,10,i,NO
EPHESIANS,2,10,j,NO
EPHESIANS,2,12,n,NO
EPHESIANS,2,12,o,NO
EPHESIANS,2,14,t,NO
EPHESIANS,2,17,z,NO
EPHESIANS,2,18,c,NO
EPHESIANS,2,20,i,NO
EPHESIANS,2,20,j,NO
EPHESIANS,3,3,u,NO
EPHESIANS,3,6,z,NO
EPHESIANS,3,7,c,NO
EPHESIANS,3,7,d,NO
EPHESIANS,3,8,g,NO
EPHESIANS,3,9,k,NO
EPHESIANS,3,10,n,NO
EPHESIANS,3,10,o,NO
EPHESIANS,3,12,s,NO
EPHESIANS,3,12,t,NO
EPHESIANS,3,17,c,NO
EPHESIANS,3,19,h,NO
EPHESIANS,3,20,k,NO
EPHESIANS,4,1,o,NO
EPHESIANS,4,2,r,NO
EPHESIANS,4,2,s,NO
EPHESIANS,4,4,w,NO
EPHESIANS,4,5,z,NO
EPHESIANS,4,7,e,NO
EPHESIANS,4,10,l,NO
EPHESIANS,4,11,o,NO
EPHESIANS,4,11,p,NO
EPHESIANS,4,12,s,NO
EPHESIANS,4,13,v,NO
EPHESIANS,4,15,a,NO
EPHESIANS,4,18,i,NO
EPHESIANS,4,22,q,NO
EPHESIANS,4,30,f,NO
EPHESIANS,5,2,n,NO
EPHESIANS,5,2,o,NO
EPHESIANS,5,4,t,NO
EPHESIANS,5,6,y,NO
EPHESIANS,5,6,z,NO
EPHESIANS,5,8,d,NO
EPHESIANS,5,11,i,NO
EPHESIANS,5,11,j,NO
EPHESIANS,5,14,o,NO
EPHESIANS,5,22,b,NO
EPHESIANS,5,23,e,NO
EPHESIANS,6,5,x,NO
EPHESIANS,6,9,d,NO
EPHESIANS,6,12,l,NO
EPHESIANS,6,12,m,NO
EPHESIANS,6,12,n,NO
EPHESIANS,6,12,o,NO
EPHESIANS,6,16,w,NO
EPHESIANS,6,18,a,NO
EPHESIANS,6,18,b,NO
EPHESIANS,6,18,c,NO
EPHESIANS,6,19,f,NO
ESTHER,1,10,j,NO
ESTHER,1,14,p,NO
ESTHER,3,1,s,NO
ESTHER,3,10,c,NO
ESTHER,3,12,f,NO
ESTHER,3,12,g,NO
ESTHER,3,12,h,NO
ESTHER,3,13,k,NO
ESTHER,3,13,l,NO
ESTHER,4,11,v,NO
ESTHER,5,6,c,NO
ESTHER,5,9,j,NO
ESTHER,6,2,r,NO
ESTHER,7,9,m,NO
ESTHER,8,5,r,NO
ESTHER,8,9,b,NO
ESTHER,8,9,c,NO
ESTHER,8,10,f,NO
ESTHER,8,11,i,NO
ESTHER,8,15,n,NO
ESTHER,8,17,r,NO
ESTHER,9,1,j,NO
ESTHER,9,1,u,NO
ESTHER,9,10,b,NO
ESTHER,9,19,k,NO
ESTHER,9,24,n,NO
EXODUS,1,11,k,NO
EXODUS,1,11,l,NO
EXODUS,2,23,q,NO
EXODUS,2,24,t,NO
EXODUS,3,8,i,NO
EXODUS,3,8,j,NO
EXODUS,3,8,k,NO
EXODUS,3,18,z,NO
EXODUS,3,20,e,NO
EXODUS,4,15,p,NO
EXODUS,4,31,r,NO
EXODUS,4,31,s,NO
EXODUS,6,6,o,NO
EXODUS,6,7,m,NO
EXODUS,6,7,n,NO
EXODUS,6,8,m,NO
EXODUS,6,23,g,NO
EXODUS,7,15,a,NO
EXODUS,7,22,m,NO
EXODUS,12,12,r,NO
EXODUS,12,22,g,NO
EXODUS,12,22,h,NO
EXODUS,12,23,j,NO
EXODUS,12,29,q,NO
EXODUS,12,37,a,NO
EXODUS,13,3,r,NO
EXODUS,13,5,v,NO
EXODUS,13,5,w,NO
EXODUS,13,14,i,NO
EXODUS,14,4,x,NO
EXODUS,14,21,q,NO
EXODUS,14,21,r,NO
EXODUS,14,27,y,NO
EXODUS,15,2,j,NO
EXODUS,15,2,k,NO
EXODUS,15,2,l,NO
EXODUS,15,11,e,NO
EXODUS,15,13,i,NO
EXODUS,15,15,m,NO
EXODUS,15,16,p,NO
EXODUS,15,20,x,NO
EXODUS,15,20,y,NO
EXODUS,15,25,f,NO
EXODUS,15,26,i,NO
EXODUS,16,12,b,NO
EXODUS,16,15,g,NO
EXODUS,18,3,q,NO
EXODUS,18,22,k,NO
EXODUS,19,9,d,NO
EXODUS,19,14,f,NO
EXODUS,19,16,n,NO
EXODUS,19,16,o,NO
EXODUS,19,16,p,NO
EXODUS,20,5,g,NO
EXODUS,20,17,v,NO
EXODUS,23,7,j,NO
EXODUS,23,15,s,NO
EXODUS,23,24,f,NO
EXODUS,23,24,g,NO
EXODUS,23,25,j,NO
EXODUS,26,1,z,NO
EXODUS,26,36,g,NO
EXODUS,28,4,d,NO
EXODUS,28,4,e,NO
EXODUS,29,9,l,NO
EXODUS,29,26,g,NO
EXODUS,29,27,f,NO
EXODUS,29,41,c,NO
EXODUS,30,13,y,NO
EXODUS,30,35,s,NO
EXODUS,31,7,e,NO
EXODUS,31,8,h,NO
EXODUS,31,15,n,NO
EXODUS,31,17,s,NO
EXODUS,32,1,x,NO
EXODUS,32,10,k,NO
EXODUS,32,10,l,NO
EXODUS,32,32,k,NO
EXODUS,33,3,u,NO
EXODUS,33,5,x,NO
EXODUS,34,1,y,NO
EXODUS,34,6,f,NO
EXODUS,34,7,i,NO
EXODUS,34,7,j,NO
EXODUS,34,9,n,NO
EXODUS,34,10,q,NO
EXODUS,34,13,w,NO
EXODUS,34,15,z,NO
EXODUS,34,24,m,NO
EXODUS,35,15,q,NO
EXODUS,35,15,r,NO
EXODUS,38,31,n,NO
EXODUS,39,1,q,NO
EXODUS,39,40,e,NO
EZEKIEL,1,1,c,NO
EZEKIEL,1,1,d,NO
EZEKIEL,1,3,h,NO
EZEKIEL,1,4,k,NO
EZEKIEL,1,16,c,NO
EZEKIEL,1,17,f,NO
EZEKIEL,1,21,j,NO
EZEKIEL,1,24,q,NO
EZEKIEL,1,24,r,NO
EZEKIEL,1,26,v,NO
EZEKIEL,1,27,y,NO
EZEKIEL,1,28,b,NO
EZEKIEL,2,5,k,NO
EZEKIEL,2,6,n,NO
EZEKIEL,3,11,h,NO
EZEKIEL,3,15,q,NO
EZEKIEL,3,15,r,NO
EZEKIEL,3,17,v,NO
EZEKIEL,3,18,v,NO
EZEKIEL,3,18,y,NO
EZEKIEL,3,18,z,NO
EZEKIEL,3,19,c,NO
EZEKIEL,3,20,v,NO
EZEKIEL,3,20,z,NO
EZEKIEL,3,22,h,NO
EZEKIEL,3,27,q,NO
EZEKIEL,4,2,v,NO
EZEKIEL,4,2,w,NO
EZEKIEL,4,3,z,NO
EZEKIEL,4,5,a,NO
EZEKIEL,4,5,d,NO
EZEKIEL,4,9,n,NO
EZEKIEL,4,14,u,NO
EZEKIEL,4,14,v,NO
EZEKIEL,4,16,o,NO
EZEKIEL,5,1,c,NO
EZEKIEL,5,1,d,NO
EZEKIEL,5,2,g,NO
EZEKIEL,5,2,h,NO
EZEKIEL,5,7,q,NO
EZEKIEL,5,8,t,NO
EZEKIEL,5,10,w,NO
EZEKIEL,5,11,a,NO
EZEKIEL,5,11,b,NO
EZEKIEL,5,11,c,NO
EZEKIEL,5,14,i,NO
EZEKIEL,5,15,k,NO
EZEKIEL,5,15,l,NO
EZEKIEL,5,17,q,NO
EZEKIEL,6,2,t,NO
EZEKIEL,6,2,u,NO
EZEKIEL,6,3,x,NO
EZEKIEL,6,3,y,NO
EZEKIEL,6,3,z,NO
EZEKIEL,6,6,a,NO
EZEKIEL,6,9,i,NO
EZEKIEL,6,11,m,NO
EZEKIEL,6,13,r,NO
EZEKIEL,6,13,s,NO
EZEKIEL,6,13,u,NO
EZEKIEL,6,14,x,NO
EZEKIEL,6,14,z,NO
EZEKIEL,7,3,d,NO
EZEKIEL,7,4,g,NO
EZEKIEL,7,7,k,NO
EZEKIEL,7,10,q,NO
EZEKIEL,7,11,s,NO
EZEKIEL,7,12,u,NO
EZEKIEL,7,18,f,NO
EZEKIEL,7,19,i,NO
EZEKIEL,7,20,l,NO
EZEKIEL,7,21,l,NO
EZEKIEL,7,23,q,NO
EZEKIEL,7,24,t,NO
EZEKIEL,7,26,a,NO
EZEKIEL,7,26,y,NO
EZEKIEL,8,1,f,NO
EZEKIEL,8,1,g,NO
EZEKIEL,8,3,l,NO
EZEKIEL,8,3,n,NO
EZEKIEL,8,3,o,NO
EZEKIEL,8,3,p,NO
EZEKIEL,8,5,p,NO
EZEKIEL,8,6,x,NO
EZEKIEL,8,10,c,NO
EZEKIEL,8,11,f,NO
EZEKIEL,8,11,g,NO
EZEKIEL,8,12,j,NO
EZEKIEL,8,16,p,NO
EZEKIEL,8,16,q,NO
EZEKIEL,8,16,r,NO
EZEKIEL,8,17,u,NO
EZEKIEL,8,17,v,NO
EZEKIEL,8,18,y,NO
EZEKIEL,9,3,b,NO
EZEKIEL,9,6,l,NO
EZEKIEL,9,8,p,NO
EZEKIEL,9,8,q,NO
EZEKIEL,9,9,t,NO
EZEKIEL,10,2,b,NO
EZEKIEL,10,2,c,NO
EZEKIEL,10,3,g,NO
EZEKIEL,10,4,f,NO
EZEKIEL,10,4,j,NO
EZEKIEL,10,6,n,NO
EZEKIEL,10,9,r,NO
EZEKIEL,10,9,s,NO
EZEKIEL,10,11,v,NO
EZEKIEL,10,14,z,NO
EZEKIEL,10,15,c,NO
EZEKIEL,10,19,j,NO
EZEKIEL,10,19,k,NO
EZEKIEL,10,20,n,NO
EZEKIEL,11,1,u,NO
EZEKIEL,11,1,v,NO
EZEKIEL,11,1,w,NO
EZEKIEL,11,3,a,NO
EZEKIEL,11,13,o,NO
EZEKIEL,11,13,p,NO
EZEKIEL,11,19,y,NO
EZEKIEL,11,19,z,NO
EZEKIEL,11,24,i,NO
EZEKIEL,12,2,l,NO
EZEKIEL,12,3,o,NO
EZEKIEL,12,9,w,NO
EZEKIEL,12,12,c,NO
EZEKIEL,12,19,o,NO
EZEKIEL,12,25,x,NO
EZEKIEL,13,9,j,NO
EZEKIEL,13,17,q,NO
EZEKIEL,13,18,t,NO
EZEKIEL,13,22,c,NO
EZEKIEL,14,3,h,NO
EZEKIEL,14,13,v,NO
EZEKIEL,14,13,w,NO
EZEKIEL,14,14,b,NO
EZEKIEL,14,14,z,NO
EZEKIEL,14,21,l,NO
EZEKIEL,14,21,n,NO
EZEKIEL,15,7,y,NO
EZEKIEL,16,7,k,NO
EZEKIEL,16,8,n,NO
EZEKIEL,16,15,x,NO
EZEKIEL,16,19,c,NO
EZEKIEL,16,25,k,NO
EZEKIEL,16,26,m,NO
EZEKIEL,16,26,n,NO
EZEKIEL,16,27,q,NO
EZEKIEL,16,37,a,NO
EZEKIEL,16,37,b,NO
EZEKIEL,16,37,z,NO
EZEKIEL,16,38,e,NO
EZEKIEL,16,39,h,NO
EZEKIEL,16,39,i,NO
EZEKIEL,16,39,j,NO
EZEKIEL,16,41,o,NO
EZEKIEL,16,41,p,NO
EZEKIEL,16,43,t,NO
EZEKIEL,16,60,v,NO
EZEKIEL,16,61,y,NO
EZEKIEL,16,61,z,NO
EZEKIEL,17,3,g,NO
EZEKIEL,17,3,h,NO
EZEKIEL,17,12,r,NO
EZEKIEL,17,13,u,NO
EZEKIEL,17,13,v,NO
EZEKIEL,17,15,y,NO
EZEKIEL,17,15,z,NO
EZEKIEL,17,16,c,NO
EZEKIEL,17,20,h,NO
EZEKIEL,17,22,m,NO
EZEKIEL,17,24,r,NO
EZEKIEL,18,6,a,NO
EZEKIEL,18,6,b,NO
EZEKIEL,18,6,c,NO
EZEKIEL,18,7,f,NO
EZEKIEL,18,7,g,NO
EZEKIEL,18,12,q,NO
EZEKIEL,18,16,v,NO
EZEKIEL,18,19,b,NO
EZEKIEL,18,20,e,NO
EZEKIEL,18,20,f,NO
EZEKIEL,18,21,i,NO
EZEKIEL,18,24,n,NO
EZEKIEL,18,30,s,NO
EZEKIEL,18,31,v,NO
EZEKIEL,19,8,b,NO
EZEKIEL,19,9,h,NO
EZEKIEL,19,10,k,NO
EZEKIEL,19,14,p,NO
EZEKIEL,20,1,s,NO
EZEKIEL,20,3,v,NO
EZEKIEL,20,5,a,NO
EZEKIEL,20,7,f,NO
EZEKIEL,20,8,j,NO
EZEKIEL,20,9,m,NO
EZEKIEL,20,9,n,NO
EZEKIEL,20,13,v,NO
EZEKIEL,20,15,z,NO
EZEKIEL,20,18,f,NO
EZEKIEL,20,21,m,NO
EZEKIEL,20,21,n,NO
EZEKIEL,20,22,q,NO
EZEKIEL,20,23,t,NO
EZEKIEL,20,28,c,NO
EZEKIEL,20,31,i,NO
EZEKIEL,20,32,l,NO
EZEKIEL,20,33,n,NO
EZEKIEL,20,35,r,NO
EZEKIEL,20,38,w,NO
EZEKIEL,20,38,x,NO
EZEKIEL,20,40,c,NO
EZEKIEL,20,46,m,NO
EZEKIEL,20,47,p,NO
EZEKIEL,21,2,v,NO
EZEKIEL,21,3,y,NO
EZEKIEL,21,5,a,NO
EZEKIEL,21,7,f,NO
EZEKIEL,21,7,g,NO
EZEKIEL,21,7,h,NO
EZEKIEL,21,10,l,NO
EZEKIEL,21,14,s,NO
EZEKIEL,21,17,v,NO
EZEKIEL,21,28,o,NO
EZEKIEL,21,28,p,NO
EZEKIEL,21,31,v,NO
EZEKIEL,22,2,a,NO
EZEKIEL,22,2,b,NO
EZEKIEL,22,4,d,NO
EZEKIEL,22,9,n,NO
EZEKIEL,22,11,r,NO
EZEKIEL,22,12,u,NO
EZEKIEL,22,13,x,NO
EZEKIEL,22,16,e,NO
EZEKIEL,22,18,h,NO
EZEKIEL,22,25,q,NO
EZEKIEL,22,26,t,NO
EZEKIEL,22,26,u,NO
EZEKIEL,22,26,v,NO
EZEKIEL,22,26,w,NO
EZEKIEL,23,4,n,NO
EZEKIEL,23,5,q,NO
EZEKIEL,23,6,t,NO
EZEKIEL,23,10,y,NO
EZEKIEL,23,14,e,NO
EZEKIEL,23,24,o,NO
EZEKIEL,23,29,y,NO
EZEKIEL,23,35,h,NO
EZEKIEL,23,37,m,NO
EZEKIEL,23,39,r,NO
EZEKIEL,23,40,u,NO
EZEKIEL,23,41,x,NO
EZEKIEL,23,42,a,NO
EZEKIEL,23,46,e,NO
EZEKIEL,23,47,h,NO
EZEKIEL,24,3,p,NO
EZEKIEL,24,14,b,NO
EZEKIEL,24,14,c,NO
EZEKIEL,24,17,g,NO
EZEKIEL,24,24,p,NO
EZEKIEL,24,27,v,NO
EZEKIEL,25,2,y,NO
EZEKIEL,25,3,b,NO
EZEKIEL,25,5,v,NO
EZEKIEL,25,6,h,NO
EZEKIEL,25,6,i,NO
EZEKIEL,25,8,n,NO
EZEKIEL,25,9,p,NO
EZEKIEL,25,9,q,NO
EZEKIEL,25,10,t,NO
EZEKIEL,25,13,z,NO
EZEKIEL,25,15,e,NO
EZEKIEL,26,2,l,NO
EZEKIEL,26,3,o,NO
EZEKIEL,26,7,v,NO
EZEKIEL,26,8,y,NO
EZEKIEL,26,14,r,NO
EZEKIEL,26,16,i,NO
EZEKIEL,26,16,j,NO
EZEKIEL,26,16,k,NO
EZEKIEL,26,17,n,NO
EZEKIEL,27,3,x,NO
EZEKIEL,27,10,k,NO
EZEKIEL,27,16,v,NO
EZEKIEL,27,16,w,NO
EZEKIEL,27,16,x,NO
EZEKIEL,27,17,a,NO
EZEKIEL,27,22,i,NO
EZEKIEL,27,25,o,NO
EZEKIEL,27,27,s,NO
EZEKIEL,27,30,w,NO
EZEKIEL,27,36,g,NO
EZEKIEL,28,2,j,NO
EZEKIEL,28,2,k,NO
EZEKIEL,28,2,l,NO
EZEKIEL,28,2,m,NO
EZEKIEL,28,3,p,NO
EZEKIEL,28,12,b,NO
EZEKIEL,28,12,c,NO
EZEKIEL,28,12,d,NO
EZEKIEL,28,13,g,NO
EZEKIEL,28,13,i,NO
EZEKIEL,28,16,j,NO
EZEKIEL,28,21,u,NO
EZEKIEL,28,22,x,NO
EZEKIEL,28,22,y,NO
EZEKIEL,28,22,z,NO
EZEKIEL,28,24,d,NO
EZEKIEL,28,25,f,NO
EZEKIEL,28,26,d,NO
EZEKIEL,29,2,l,NO
EZEKIEL,29,2,m,NO
EZEKIEL,29,3,q,NO
EZEKIEL,29,5,u,NO
EZEKIEL,29,10,b,NO
EZEKIEL,29,19,q,NO
EZEKIEL,30,4,b,NO
EZEKIEL,30,4,c,NO
EZEKIEL,30,5,f,NO
EZEKIEL,30,6,i,NO
EZEKIEL,30,8,g,NO
EZEKIEL,30,9,a,NO
EZEKIEL,30,12,r,NO
EZEKIEL,30,12,t,NO
EZEKIEL,30,12,u,NO
EZEKIEL,30,13,x,NO
EZEKIEL,30,13,y,NO
EZEKIEL,30,14,b,NO
EZEKIEL,30,14,c,NO
EZEKIEL,30,18,f,NO
EZEKIEL,30,21,l,NO
EZEKIEL,30,24,q,NO
EZEKIEL,31,2,w,NO
EZEKIEL,31,3,a,NO
EZEKIEL,31,3,b,NO
EZEKIEL,31,3,z,NO
EZEKIEL,31,12,o,NO
EZEKIEL,31,12,p,NO
EZEKIEL,31,14,t,NO
EZEKIEL,31,16,w,NO
EZEKIEL,31,16,x,NO
EZEKIEL,31,17,a,NO
EZEKIEL,31,18,c,NO
EZEKIEL,31,18,d,NO
EZEKIEL,31,18,y,NO
EZEKIEL,32,2,h,NO
EZEKIEL,32,2,i,NO
EZEKIEL,32,2,j,NO
EZEKIEL,32,2,k,NO
EZEKIEL,32,2,l,NO
EZEKIEL,32,3,o,NO
EZEKIEL,32,10,w,NO
EZEKIEL,32,12,a,NO
EZEKIEL,32,18,g,NO
EZEKIEL,32,18,k,NO
EZEKIEL,32,18,l,NO
EZEKIEL,32,21,s,NO
EZEKIEL,32,23,x,NO
EZEKIEL,32,24,a,NO
EZEKIEL,32,24,c,NO
EZEKIEL,32,30,m,NO
EZEKIEL,32,30,n,NO
EZEKIEL,32,32,s,NO
EZEKIEL,33,2,v,NO
EZEKIEL,33,2,w,NO
EZEKIEL,33,10,h,NO
EZEKIEL,33,11,k,NO
EZEKIEL,33,12,m,NO
EZEKIEL,33,12,n,NO
EZEKIEL,33,14,q,NO
EZEKIEL,33,15,t,NO
EZEKIEL,33,21,b,NO
EZEKIEL,33,24,h,NO
EZEKIEL,33,25,l,NO
EZEKIEL,33,27,q,NO
EZEKIEL,33,27,r,NO
EZEKIEL,33,28,u,NO
EZEKIEL,34,2,f,NO
EZEKIEL,34,2,g,NO
EZEKIEL,34,4,k,NO
EZEKIEL,34,4,l,NO
EZEKIEL,34,10,t,NO
EZEKIEL,34,10,u,NO
EZEKIEL,34,10,v,NO
EZEKIEL,34,16,h,NO
EZEKIEL,34,25,u,NO
EZEKIEL,34,26,x,NO
EZEKIEL,34,27,a,NO
EZEKIEL,34,27,z,NO
EZEKIEL,34,28,u,NO
EZEKIEL,34,29,d,NO
EZEKIEL,35,2,h,NO
EZEKIEL,35,2,i,NO
EZEKIEL,35,3,l,NO
EZEKIEL,35,5,p,NO
EZEKIEL,35,7,s,NO
EZEKIEL,35,9,v,NO
EZEKIEL,35,10,y,NO
EZEKIEL,35,11,a,NO
EZEKIEL,35,15,h,NO
EZEKIEL,36,2,m,NO
EZEKIEL,36,4,r,NO
EZEKIEL,36,5,u,NO
EZEKIEL,36,5,v,NO
EZEKIEL,36,5,w,NO
EZEKIEL,36,6,y,NO
EZEKIEL,36,11,i,NO
EZEKIEL,36,11,k,NO
EZEKIEL,36,17,q,NO
EZEKIEL,36,18,t,NO
EZEKIEL,36,24,d,NO
EZEKIEL,36,25,g,NO
EZEKIEL,36,25,h,NO
EZEKIEL,36,27,k,NO
EZEKIEL,36,29,p,NO
EZEKIEL,36,36,x,NO
EZEKIEL,36,37,a,NO
EZEKIEL,36,38,c,NO
EZEKIEL,37,3,h,NO
EZEKIEL,37,9,q,NO
EZEKIEL,37,11,t,NO
EZEKIEL,37,12,v,NO
EZEKIEL,37,16,b,NO
EZEKIEL,37,16,c,NO
EZEKIEL,37,16,d,NO
EZEKIEL,37,17,g,NO
EZEKIEL,37,19,g,NO
EZEKIEL,37,22,p,NO
EZEKIEL,37,22,q,NO
EZEKIEL,37,23,t,NO
EZEKIEL,37,23,u,NO
EZEKIEL,37,23,v,NO
EZEKIEL,37,24,y,NO
EZEKIEL,37,24,z,NO
EZEKIEL,37,25,c,NO
EZEKIEL,37,26,f,NO
EZEKIEL,37,26,g,NO
EZEKIEL,37,28,g,NO
EZEKIEL,38,2,m,NO
EZEKIEL,38,2,o,NO
EZEKIEL,38,2,p,NO
EZEKIEL,38,2,q,NO
EZEKIEL,38,4,u,NO
EZEKIEL,38,6,a,NO
EZEKIEL,38,6,u,NO
EZEKIEL,38,6,z,NO
EZEKIEL,38,8,e,NO
EZEKIEL,38,8,f,NO
EZEKIEL,38,9,y,NO
EZEKIEL,38,13,q,NO
EZEKIEL,38,14,g,NO
EZEKIEL,38,14,t,NO
EZEKIEL,38,15,w,NO
EZEKIEL,38,16,y,NO
EZEKIEL,38,20,f,NO
EZEKIEL,38,22,k,NO
EZEKIEL,38,22,l,NO
EZEKIEL,38,22,m,NO
EZEKIEL,38,23,p,NO
EZEKIEL,39,1,s,NO
EZEKIEL,39,1,t,NO
EZEKIEL,39,1,u,NO
EZEKIEL,39,1,v,NO
EZEKIEL,39,2,y,NO
EZEKIEL,39,4,b,NO
EZEKIEL,39,4,c,NO
EZEKIEL,39,6,g,NO
EZEKIEL,39,6,h,NO
EZEKIEL,39,6,i,NO
EZEKIEL,39,7,l,NO
EZEKIEL,39,7,m,NO
EZEKIEL,39,17,b,NO
EZEKIEL,39,23,k,NO
EZEKIEL,39,25,o,NO
EZEKIEL,39,26,r,NO
EZEKIEL,40,1,y,NO
EZEKIEL,40,3,e,NO
EZEKIEL,40,4,i,NO
EZEKIEL,40,16,t,NO
EZEKIEL,40,17,w,NO
EZEKIEL,40,17,x,NO
EZEKIEL,40,21,a,NO
EZEKIEL,40,21,b,NO
EZEKIEL,40,39,w,NO
EZEKIEL,40,39,x,NO
EZEKIEL,40,46,g,NO
EZEKIEL,41,4,t,NO
EZEKIEL,41,25,v,NO
EZEKIEL,41,26,u,NO
EZEKIEL,42,1,a,NO
EZEKIEL,42,1,z,NO
EZEKIEL,42,3,f,NO
EZEKIEL,42,10,p,NO
EZEKIEL,42,13,s,NO
EZEKIEL,42,13,t,NO
EZEKIEL,42,13,u,NO
EZEKIEL,42,20,a,NO
EZEKIEL,43,3,h,NO
EZEKIEL,43,3,i,NO
EZEKIEL,43,3,j,NO
EZEKIEL,43,5,n,NO
EZEKIEL,43,7,s,NO
EZEKIEL,43,7,t,NO
EZEKIEL,43,7,u,NO
EZEKIEL,43,11,z,NO
EZEKIEL,43,20,o,NO
EZEKIEL,43,27,v,NO
EZEKIEL,44,3,b,NO
EZEKIEL,44,4,e,NO
EZEKIEL,44,5,h,NO
EZEKIEL,44,6,k,NO
EZEKIEL,44,10,s,NO
EZEKIEL,44,11,v,NO
EZEKIEL,44,15,d,NO
EZEKIEL,44,15,e,NO
EZEKIEL,44,15,r,NO
EZEKIEL,44,19,j,NO
EZEKIEL,44,30,b,NO
EZEKIEL,45,3,k,NO
EZEKIEL,46,1,r,NO
EZEKIEL,46,2,u,NO
EZEKIEL,46,2,v,NO
EZEKIEL,46,12,i,NO
EZEKIEL,46,18,q,NO
EZEKIEL,46,20,v,NO
EZEKIEL,47,1,a,NO
EZEKIEL,47,10,l,NO
EZEKIEL,47,12,o,NO
EZEKIEL,47,12,p,NO
EZEKIEL,47,14,u,NO
EZEKIEL,47,15,w,NO
EZEKIEL,47,16,v,NO
EZEKIEL,47,19,e,NO
EZEKIEL,47,22,j,NO
EZEKIEL,48,1,m,NO
EZEKIEL,48,1,o,NO
EZEKIEL,48,11,u,NO
EZEKIEL,48,15,a,NO
EZRA,1,1,c,NO
EZRA,2,63,e,NO
EZRA,3,2,o,NO
EZRA,3,4,t,NO
EZRA,3,7,y,NO
EZRA,3,8,b,NO
EZRA,3,9,c,NO
EZRA,4,2,j,NO
EZRA,4,9,s,NO
EZRA,5,2,e,NO
EZRA,5,16,r,NO
EZRA,6,14,f,NO
EZRA,6,18,m,NO
EZRA,7,7,b,NO
EZRA,7,12,h,NO
EZRA,8,21,k,NO
EZRA,8,33,y,NO
EZRA,8,33,z,NO
EZRA,9,1,g,NO
EZRA,9,2,j,NO
EZRA,9,5,o,NO
EZRA,9,6,r,NO
EZRA,9,7,t,NO
EZRA,9,8,w,NO
EZRA,9,13,e,NO
EZRA,9,14,e,NO
EZRA,9,15,i,NO
EZRA,10,1,l,NO
EZRA,10,1,m,NO
EZRA,10,3,q,NO
EZRA,10,3,r,NO
EZRA,10,6,w,NO
EZRA,10,6,x,NO
GALATIANS,1,1,c,NO
GALATIANS,1,1,d,NO
GALATIANS,1,4,k,NO
GALATIANS,1,6,n,NO
GALATIANS,1,15,e,NO
GALATIANS,2,2,n,NO
GALATIANS,2,2,o,NO
GALATIANS,2,4,s,NO
GALATIANS,2,4,t,NO
GALATIANS,2,9,b,NO
GALATIANS,2,14,k,NO
GALATIANS,2,14,l,NO
GALATIANS,2,16,p,NO
GALATIANS,2,20,v,NO
GALATIANS,2,20,w,NO
GALATIANS,3,10,o,NO
GALATIANS,3,14,x,NO
GALATIANS,3,19,i,NO
GALATIANS,3,19,j,NO
GALATIANS,3,22,p,NO
GALATIANS,3,24,t,NO
GALATIANS,3,27,x,NO
GALATIANS,4,4,f,NO
GALATIANS,4,4,g,NO
GALATIANS,4,8,n,NO
GALATIANS,4,9,q,NO
GALATIANS,4,19,d,NO
GALATIANS,5,1,u,NO
GALATIANS,5,1,v,NO
GALATIANS,5,1,w,NO
GALATIANS,5,4,c,NO
GALATIANS,5,10,m,NO
GALATIANS,5,23,j,NO
GALATIANS,6,1,q,NO
GALATIANS,6,2,t,NO
GALATIANS,6,8,d,NO
GALATIANS,6,10,i,NO
GALATIANS,6,12,m,NO
GENESIS,1,26,q,NO
GENESIS,2,7,d,NO
GENESIS,2,7,e,NO
GENESIS,3,16,k,NO
GENESIS,3,17,n,NO
GENESIS,4,26,n,NO
GENESIS,6,9,i,NO
GENESIS,8,21,m,NO
GENESIS,8,21,n,NO
GENESIS,12,6,t,NO
GENESIS,12,6,u,NO
GENESIS,13,10,l,NO
GENESIS,13,18,u,NO
GENESIS,14,5,c,NO
GENESIS,14,18,v,NO
GENESIS,15,13,s,NO
GENESIS,17,20,k,NO
GENESIS,18,12,z,NO
GENESIS,19,2,t,NO
GENESIS,19,5,w,NO
GENESIS,20,1,r,NO
GENESIS,22,17,v,NO
GENESIS,24,7,t,NO
GENESIS,24,27,i,NO
GENESIS,24,48,z,NO
GENESIS,25,20,h,NO
GENESIS,25,23,m,NO
GENESIS,26,1,w,NO
GENESIS,26,3,a,NO
GENESIS,26,3,b,NO
GENESIS,26,7,h,NO
GENESIS,26,24,q,NO
GENESIS,27,29,s,NO
GENESIS,27,41,d,NO
GENESIS,28,13,v,NO
GENESIS,28,15,a,NO
GENESIS,31,29,x,NO
GENESIS,31,42,h,NO
GENESIS,31,42,i,NO
GENESIS,32,28,k,NO
GENESIS,34,7,k,NO
GENESIS,34,10,n,NO
GENESIS,34,30,a,NO
GENESIS,34,30,z,NO
GENESIS,35,2,f,NO
GENESIS,35,11,q,NO
GENESIS,37,25,b,NO
GENESIS,38,14,b,NO
GENESIS,39,1,n,NO
GENESIS,41,14,g,NO
GENESIS,41,42,z,NO
GENESIS,42,38,p,NO
GENESIS,43,14,y,NO
GENESIS,44,18,d,NO
GENESIS,46,8,r,NO
GENESIS,46,12,v,NO
GENESIS,46,34,o,NO
GENESIS,46,34,p,NO
GENESIS,47,6,z,NO
GENESIS,47,9,d,NO
GENESIS,47,29,u,NO
GENESIS,47,29,w,NO
GENESIS,48,16,p,NO
GENESIS,48,16,q,NO
GENESIS,49,6,f,NO
GENESIS,49,8,j,NO
GENESIS,49,24,f,NO
GENESIS,49,25,j,NO
GENESIS,49,29,q,NO
HABAKKUK,1,6,k,NO
HABAKKUK,1,8,o,NO
HABAKKUK,1,12,y,NO
HABAKKUK,1,12,z,NO
HABAKKUK,1,13,c,NO
HABAKKUK,2,1,j,NO
HABAKKUK,2,5,r,NO
HABAKKUK,2,6,u,NO
HABAKKUK,2,6,v,NO
HABAKKUK,2,6,w,NO
HABAKKUK,2,9,b,NO
HABAKKUK,2,15,j,NO
HABAKKUK,2,16,m,NO
HABAKKUK,2,18,r,NO
HABAKKUK,2,19,u,NO
HABAKKUK,3,2,a,NO
HABAKKUK,3,2,z,NO
HABAKKUK,3,6,i,NO
HABAKKUK,3,10,s,NO
HABAKKUK,3,13,y,NO
HABAKKUK,3,16,c,NO
HABAKKUK,3,16,d,NO
HABAKKUK,3,19,i,NO
HABAKKUK,3,19,j,NO
HABAKKUK,3,19,k,NO
HAGGAI,1,1,d,NO
HAGGAI,1,1,e,NO
HAGGAI,1,6,l,NO
HAGGAI,1,9,h,NO
HAGGAI,1,11,s,NO
HAGGAI,1,12,v,NO
HAGGAI,1,14,a,NO
HAGGAI,1,14,y,NO
HAGGAI,2,3,g,NO
HAGGAI,2,4,i,NO
HAGGAI,2,5,m,NO
HAGGAI,2,18,g,NO
HAGGAI,2,22,n,NO
HAGGAI,2,23,p,NO
HAGGAI,2,23,q,NO
HEBREWS,1,2,d,NO
HEBREWS,1,2,e,NO
HEBREWS,1,2,f,NO
HEBREWS,1,2,g,NO
HEBREWS,1,3,j,NO
HEBREWS,1,3,k,NO
HEBREWS,2,2,c,NO
HEBREWS,2,3,f,NO
HEBREWS,2,3,g,NO
HEBREWS,2,3,h,NO
HEBREWS,2,4,j,NO
HEBREWS,2,4,k,NO
HEBREWS,2,9,q,NO
HEBREWS,2,9,r,NO
HEBREWS,2,9,s,NO
HEBREWS,2,10,v,NO
HEBREWS,2,10,x,NO
HEBREWS,2,11,a,NO
HEBREWS,2,11,b,NO
HEBREWS,2,13,g,NO
HEBREWS,2,14,j,NO
HEBREWS,2,14,k,NO
HEBREWS,2,17,p,NO
HEBREWS,3,5,x,NO
HEBREWS,3,6,a,NO
HEBREWS,4,12,a,NO
HEBREWS,4,12,y,NO
HEBREWS,4,12,z,NO
HEBREWS,4,14,f,NO
HEBREWS,4,15,h,NO
HEBREWS,5,1,l,NO
HEBREWS,5,7,w,NO
HEBREWS,6,1,k,NO
HEBREWS,6,2,n,NO
HEBREWS,6,2,o,NO
HEBREWS,6,4,s,NO
HEBREWS,6,17,k,NO
HEBREWS,7,1,s,NO
HEBREWS,7,19,g,NO
HEBREWS,7,25,m,NO
HEBREWS,8,5,b,NO
HEBREWS,8,6,e,NO
HEBREWS,9,2,p,NO
HEBREWS,9,2,q,NO
HEBREWS,9,4,u,NO
HEBREWS,9,4,v,NO
HEBREWS,9,4,w,NO
HEBREWS,9,11,i,NO
HEBREWS,9,12,l,NO
HEBREWS,9,12,m,NO
HEBREWS,9,12,n,NO
HEBREWS,9,14,s,NO
HEBREWS,9,14,t,NO
HEBREWS,9,14,u,NO
HEBREWS,9,15,x,NO
HEBREWS,9,15,y,NO
HEBREWS,9,26,n,NO
HEBREWS,9,28,s,NO
HEBREWS,9,28,t,NO
HEBREWS,9,28,u,NO
HEBREWS,10,1,x,NO
HEBREWS,10,10,g,NO
HEBREWS,10,11,j,NO
HEBREWS,10,22,w,NO
HEBREWS,10,25,c,NO
HEBREWS,10,26,f,NO
HEBREWS,10,29,m,NO
HEBREWS,10,36,a,NO
HEBREWS,11,4,j,NO
HEBREWS,11,4,k,NO
HEBREWS,11,7,p,NO
HEBREWS,11,9,u,NO
HEBREWS,11,10,x,NO
HEBREWS,11,13,e,NO
HEBREWS,11,13,f,NO
HEBREWS,11,27,z,NO
HEBREWS,11,32,h,NO
HEBREWS,11,32,i,NO
HEBREWS,11,32,j,NO
HEBREWS,11,32,k,NO
HEBREWS,11,37,s,NO
HEBREWS,12,1,y,NO
HEBREWS,12,1,z,NO
HEBREWS,12,2,c,NO
HEBREWS,12,14,u,NO
HEBREWS,12,22,g,NO
HEBREWS,12,23,j,NO
HEBREWS,12,24,m,NO
HEBREWS,13,12,p,NO
HEBREWS,13,15,u,NO
HEBREWS,13,17,a,NO
HEBREWS,13,17,z,NO
HEBREWS,13,20,f,NO
HEBREWS,13,20,g,NO
HEBREWS,13,21,j,NO
HOSEA,1,2,e,NO
HOSEA,1,10,o,NO
HOSEA,1,10,r,NO
HOSEA,1,10,s,NO
HOSEA,1,10,t,NO
HOSEA,1,10,u,NO
HOSEA,2,3,d,NO
HOSEA,2,5,i,NO
HOSEA,2,8,p,NO
HOSEA,2,8,q,NO
HOSEA,2,8,r,NO
HOSEA,2,11,w,NO
HOSEA,2,12,a,NO
HOSEA,2,12,z,NO
HOSEA,2,13,d,NO
HOSEA,2,18,l,NO
HOSEA,2,23,u,NO
HOSEA,2,23,v,NO
HOSEA,2,23,w,NO
HOSEA,3,4,b,NO
HOSEA,3,4,c,NO
HOSEA,3,4,d,NO
HOSEA,3,4,e,NO
HOSEA,3,5,h,NO
HOSEA,3,5,i,NO
HOSEA,3,5,j,NO
HOSEA,4,1,m,NO
HOSEA,4,3,r,NO
HOSEA,4,6,x,NO
HOSEA,4,6,y,NO
HOSEA,4,14,l,NO
HOSEA,4,15,o,NO
HOSEA,4,15,p,NO
HOSEA,5,1,x,NO
HOSEA,5,2,a,NO
HOSEA,5,8,l,NO
HOSEA,5,8,m,NO
HOSEA,5,13,s,NO
HOSEA,5,14,v,NO
HOSEA,6,1,a,NO
HOSEA,6,3,e,NO
HOSEA,6,3,f,NO
HOSEA,6,4,i,NO
HOSEA,6,7,o,NO
HOSEA,6,11,w,NO
HOSEA,7,1,z,NO
HOSEA,7,2,c,NO
HOSEA,7,11,q,NO
HOSEA,7,12,t,NO
HOSEA,7,13,w,NO
HOSEA,7,16,c,NO
HOSEA,7,16,d,NO
HOSEA,8,1,g,NO
HOSEA,8,13,z,NO
HOSEA,8,14,c,NO
HOSEA,8,14,d,NO
HOSEA,9,3,j,NO
HOSEA,9,4,m,NO
HOSEA,9,4,n,NO
HOSEA,9,6,r,NO
HOSEA,9,10,a,NO
HOSEA,9,10,b,NO
HOSEA,9,12,g,NO
HOSEA,9,15,l,NO
HOSEA,9,16,e,NO
HOSEA,10,4,v,NO
HOSEA,10,5,y,NO
HOSEA,10,6,b,NO
HOSEA,10,8,e,NO
HOSEA,10,8,f,NO
HOSEA,10,10,j,NO
HOSEA,10,12,o,NO
HOSEA,10,14,s,NO
HOSEA,11,1,w,NO
HOSEA,11,4,e,NO
HOSEA,11,5,h,NO
HOSEA,11,5,i,NO
HOSEA,11,8,p,NO
HOSEA,11,11,x,NO
HOSEA,12,1,a,NO
HOSEA,12,1,b,NO
HOSEA,12,11,s,NO
HOSEA,12,11,t,NO
HOSEA,12,14,a,NO
HOSEA,13,2,f,NO
HOSEA,13,3,i,NO
HOSEA,13,4,l,NO
HOSEA,13,14,d,NO
HOSEA,13,14,e,NO
HOSEA,13,15,i,NO
HOSEA,13,16,l,NO
HOSEA,14,3,t,NO
HOSEA,14,3,u,NO
HOSEA,14,5,z,NO
ISAIAH,1,1,c,NO
ISAIAH,1,1,d,NO
ISAIAH,1,1,e,NO
ISAIAH,1,1,f,NO
ISAIAH,1,2,i,NO
ISAIAH,1,4,m,NO
ISAIAH,1,4,n,NO
ISAIAH,1,9,x,NO
ISAIAH,1,13,e,NO
ISAIAH,1,13,f,NO
ISAIAH,1,15,i,NO
ISAIAH,1,24,y,NO
ISAIAH,1,29,h,NO
ISAIAH,2,2,n,NO
ISAIAH,2,6,v,NO
ISAIAH,2,6,w,NO
ISAIAH,3,14,l,NO
ISAIAH,3,16,p,NO
ISAIAH,3,18,t,NO
ISAIAH,3,24,a,NO
ISAIAH,3,24,b,NO
ISAIAH,3,24,c,NO
ISAIAH,3,24,z,NO
ISAIAH,4,1,h,NO
ISAIAH,4,3,m,NO
ISAIAH,4,4,p,NO
ISAIAH,4,6,u,NO
ISAIAH,5,14,p,NO
ISAIAH,5,24,d,NO
ISAIAH,5,24,f,NO
ISAIAH,5,25,i,NO
ISAIAH,5,25,j,NO
ISAIAH,5,26,m,NO
ISAIAH,6,5,a,NO
ISAIAH,6,10,g,NO
ISAIAH,6,13,l,NO
ISAIAH,7,4,u,NO
ISAIAH,7,4,v,NO
ISAIAH,7,14,e,NO
ISAIAH,7,14,f,NO
ISAIAH,7,20,p,NO
ISAIAH,7,20,q,NO
ISAIAH,8,7,g,NO
ISAIAH,8,8,j,NO
ISAIAH,9,1,i,NO
ISAIAH,9,1,j,NO
ISAIAH,9,2,l,NO
ISAIAH,9,3,o,NO
ISAIAH,9,3,p,NO
ISAIAH,9,6,a,NO
ISAIAH,9,6,b,NO
ISAIAH,9,6,c,NO
ISAIAH,9,6,w,NO
ISAIAH,9,6,x,NO
ISAIAH,9,6,y,NO
ISAIAH,9,6,z,NO
ISAIAH,9,7,f,NO
ISAIAH,9,12,j,NO
ISAIAH,9,17,j,NO
ISAIAH,9,17,q,NO
ISAIAH,10,6,h,NO
ISAIAH,10,9,m,NO
ISAIAH,10,9,n,NO
ISAIAH,10,9,o,NO
ISAIAH,10,9,p,NO
ISAIAH,10,9,q,NO
ISAIAH,10,17,c,NO
ISAIAH,10,17,d,NO
ISAIAH,10,20,i,NO
ISAIAH,10,20,j,NO
ISAIAH,10,22,n,NO
ISAIAH,10,24,q,NO
ISAIAH,10,26,u,NO
ISAIAH,10,29,c,NO
ISAIAH,10,29,d,NO
ISAIAH,11,4,r,NO
ISAIAH,11,9,w,NO
ISAIAH,11,10,z,NO
ISAIAH,11,11,c,NO
ISAIAH,11,11,d,NO
ISAIAH,11,11,e,NO
ISAIAH,11,11,f,NO
ISAIAH,11,11,h,NO
ISAIAH,11,14,n,NO
ISAIAH,11,14,o,NO
ISAIAH,11,14,p,NO
ISAIAH,12,4,a,NO
ISAIAH,12,4,b,NO
ISAIAH,13,11,w,NO
ISAIAH,13,20,i,NO
ISAIAH,14,1,p,NO
ISAIAH,14,2,s,NO
ISAIAH,14,2,t,NO
ISAIAH,14,8,b,NO
ISAIAH,14,29,z,NO
ISAIAH,14,31,d,NO
ISAIAH,14,31,x,NO
ISAIAH,15,1,g,NO
ISAIAH,15,1,h,NO
ISAIAH,15,2,k,NO
ISAIAH,15,2,l,NO
ISAIAH,16,7,d,NO
ISAIAH,16,9,g,NO
ISAIAH,16,10,j,NO
ISAIAH,16,10,k,NO
ISAIAH,16,10,l,NO
ISAIAH,17,13,l,NO
ISAIAH,17,13,m,NO
ISAIAH,18,2,s,NO
ISAIAH,18,7,y,NO
ISAIAH,18,7,z,NO
ISAIAH,19,1,c,NO
ISAIAH,19,1,e,NO
ISAIAH,19,13,q,NO
ISAIAH,19,18,y,NO
ISAIAH,19,25,k,NO
ISAIAH,21,1,v,NO
ISAIAH,21,2,y,NO
ISAIAH,21,2,z,NO
ISAIAH,21,9,h,NO
ISAIAH,21,11,l,NO
ISAIAH,21,13,q,NO
ISAIAH,22,5,d,NO
ISAIAH,22,5,e,NO
ISAIAH,22,5,w,NO
ISAIAH,22,11,m,NO
ISAIAH,22,11,n,NO
ISAIAH,22,12,q,NO
ISAIAH,22,14,u,NO
ISAIAH,22,22,f,NO
ISAIAH,23,1,k,NO
ISAIAH,23,1,l,NO
ISAIAH,23,1,m,NO
ISAIAH,23,12,v,NO
ISAIAH,24,16,y,NO
ISAIAH,24,18,b,NO
ISAIAH,25,1,l,NO
ISAIAH,25,4,q,NO
ISAIAH,25,8,y,NO
ISAIAH,26,11,q,NO
ISAIAH,27,1,f,NO
ISAIAH,27,7,m,NO
ISAIAH,27,9,r,NO
ISAIAH,27,13,x,NO
ISAIAH,28,7,j,NO
ISAIAH,28,21,z,NO
ISAIAH,29,18,e,NO
ISAIAH,30,1,p,NO
ISAIAH,30,4,u,NO
ISAIAH,30,6,y,NO
ISAIAH,30,10,g,NO
ISAIAH,30,18,q,NO
ISAIAH,30,23,z,NO
ISAIAH,30,26,f,NO
ISAIAH,30,28,i,NO
ISAIAH,30,29,l,NO
ISAIAH,30,30,o,NO
ISAIAH,30,33,u,NO
ISAIAH,31,1,x,NO
ISAIAH,31,2,a,NO
ISAIAH,31,2,b,NO
ISAIAH,31,9,n,NO
ISAIAH,32,11,a,NO
ISAIAH,33,18,h,NO
ISAIAH,33,22,q,NO
ISAIAH,34,7,f,NO
ISAIAH,34,10,k,NO
ISAIAH,34,11,n,NO
ISAIAH,35,2,x,NO
ISAIAH,35,2,y,NO
ISAIAH,36,2,n,NO
ISAIAH,36,19,a,NO
ISAIAH,37,7,l,NO
ISAIAH,37,12,r,NO
ISAIAH,38,1,s,NO
ISAIAH,38,12,b,NO
ISAIAH,38,12,c,NO
ISAIAH,38,12,d,NO
ISAIAH,38,14,i,NO
ISAIAH,38,14,j,NO
ISAIAH,40,3,e,NO
ISAIAH,40,11,p,NO
ISAIAH,41,2,r,NO
ISAIAH,41,2,s,NO
ISAIAH,41,9,z,NO
ISAIAH,41,16,m,NO
ISAIAH,41,25,y,NO
ISAIAH,42,1,g,NO
ISAIAH,42,1,h,NO
ISAIAH,42,1,i,NO
ISAIAH,42,6,q,NO
ISAIAH,42,10,l,NO
ISAIAH,42,13,b,NO
ISAIAH,43,1,o,NO
ISAIAH,43,3,t,NO
ISAIAH,43,10,b,NO
ISAIAH,43,14,g,NO
ISAIAH,43,17,k,NO
ISAIAH,43,19,o,NO
ISAIAH,44,2,e,NO
ISAIAH,44,8,n,NO
ISAIAH,44,20,x,NO
ISAIAH,44,23,d,NO
ISAIAH,44,24,g,NO
ISAIAH,44,24,h,NO
ISAIAH,44,28,o,NO
ISAIAH,45,1,r,NO
ISAIAH,45,11,h,NO
ISAIAH,45,11,i,NO
ISAIAH,45,12,l,NO
ISAIAH,45,13,o,NO
ISAIAH,45,13,p,NO
ISAIAH,45,18,x,NO
ISAIAH,45,19,a,NO
ISAIAH,45,20,d,NO
ISAIAH,45,20,e,NO
ISAIAH,45,23,k,NO
ISAIAH,45,24,n,NO
ISAIAH,47,1,g,NO
ISAIAH,47,1,h,NO
ISAIAH,47,1,i,NO
ISAIAH,47,5,n,NO
ISAIAH,47,8,s,NO
ISAIAH,47,8,t,NO
ISAIAH,47,9,w,NO
ISAIAH,48,1,f,NO
ISAIAH,48,14,w,NO
ISAIAH,48,20,f,NO
ISAIAH,48,20,g,NO
ISAIAH,49,1,m,NO
ISAIAH,49,5,s,NO
ISAIAH,49,6,v,NO
ISAIAH,49,7,y,NO
ISAIAH,49,8,b,NO
ISAIAH,49,8,c,NO
ISAIAH,49,18,s,NO
ISAIAH,49,23,b,NO
ISAIAH,49,23,z,NO
ISAIAH,49,26,f,NO
ISAIAH,50,1,i,NO
ISAIAH,50,1,j,NO
ISAIAH,50,2,m,NO
ISAIAH,50,2,n,NO
ISAIAH,50,2,o,NO
ISAIAH,50,2,p,NO
ISAIAH,50,4,t,NO
ISAIAH,51,3,i,NO
ISAIAH,51,6,p,NO
ISAIAH,51,7,s,NO
ISAIAH,51,9,w,NO
ISAIAH,51,9,x,NO
ISAIAH,51,9,y,NO
ISAIAH,51,9,z,NO
ISAIAH,51,12,e,NO
ISAIAH,51,13,h,NO
ISAIAH,51,16,n,NO
ISAIAH,51,16,o,NO
ISAIAH,51,17,r,NO
ISAIAH,51,20,w,NO
ISAIAH,51,23,b,NO
ISAIAH,52,1,e,NO
ISAIAH,52,1,f,NO
ISAIAH,52,9,t,NO
ISAIAH,52,12,a,NO
ISAIAH,52,15,f,NO
ISAIAH,53,7,u,NO
ISAIAH,53,10,a,NO
ISAIAH,53,11,d,NO
ISAIAH,53,12,g,NO
ISAIAH,54,1,j,NO
ISAIAH,54,5,p,NO
ISAIAH,54,11,x,NO
ISAIAH,54,13,a,NO
ISAIAH,55,3,i,NO
ISAIAH,55,3,j,NO
ISAIAH,55,5,n,NO
ISAIAH,56,5,c,NO
ISAIAH,56,7,f,NO
ISAIAH,56,11,o,NO
ISAIAH,57,4,x,NO
ISAIAH,57,11,i,NO
ISAIAH,57,13,l,NO
ISAIAH,57,15,p,NO
ISAIAH,57,15,q,NO
ISAIAH,57,15,r,NO
ISAIAH,57,19,u,NO
ISAIAH,57,19,y,NO
ISAIAH,57,19,z,NO
ISAIAH,58,8,p,NO
ISAIAH,58,8,q,NO
ISAIAH,58,14,a,NO
ISAIAH,60,6,k,NO
ISAIAH,60,6,l,NO
ISAIAH,60,7,o,NO
ISAIAH,60,9,t,NO
ISAIAH,60,9,u,NO
ISAIAH,60,14,c,NO
ISAIAH,60,21,p,NO
ISAIAH,61,1,u,NO
ISAIAH,61,3,z,NO
ISAIAH,61,8,i,NO
ISAIAH,61,10,l,NO
ISAIAH,61,10,m,NO
ISAIAH,62,4,r,NO
ISAIAH,62,4,v,NO
ISAIAH,62,8,c,NO
ISAIAH,62,10,g,NO
ISAIAH,63,9,x,NO
ISAIAH,63,15,h,NO
ISAIAH,64,8,a,NO
ISAIAH,65,6,o,NO
ISAIAH,65,10,w,NO
ISAIAH,65,11,z,NO
ISAIAH,65,15,g,NO
ISAIAH,65,16,j,NO
ISAIAH,65,23,u,NO
ISAIAH,65,25,z,NO
ISAIAH,66,3,g,NO
ISAIAH,66,4,j,NO
ISAIAH,66,4,k,NO
ISAIAH,66,19,d,NO
ISAIAH,66,19,f,NO
ISAIAH,66,19,g,NO
JAMES,1,1,c,NO
JAMES,1,1,d,NO
JAMES,1,5,l,NO
JAMES,1,6,o,NO
JAMES,1,12,w,NO
JAMES,1,17,b,NO
JAMES,1,18,e,NO
JAMES,1,19,i,NO
JAMES,1,21,m,NO
JAMES,1,27,u,NO
JAMES,1,27,v,NO
JAMES,2,5,c,NO
JAMES,2,5,d,NO
JAMES,2,6,g,NO
JAMES,3,2,f,NO
JAMES,3,17,t,NO
JAMES,3,17,u,NO
JAMES,3,17,v,NO
JAMES,4,8,i,NO
JAMES,4,8,j,NO
JAMES,4,12,q,NO
JAMES,4,12,r,NO
JAMES,5,4,e,NO
JAMES,5,5,h,NO
JAMES,5,9,p,NO
JAMES,5,11,t,NO
JAMES,5,16,a,NO
JAMES,5,17,d,NO
JEREMIAH,1,3,g,NO
JEREMIAH,1,3,h,NO
JEREMIAH,1,5,k,NO
JEREMIAH,1,9,s,NO
JEREMIAH,1,16,b,NO
JEREMIAH,1,16,c,NO
JEREMIAH,1,17,f,NO
JEREMIAH,1,18,i,NO
JEREMIAH,2,2,m,NO
JEREMIAH,2,2,n,NO
JEREMIAH,2,3,q,NO
JEREMIAH,2,5,t,NO
JEREMIAH,2,8,a,NO
JEREMIAH,2,8,b,NO
JEREMIAH,2,11,b,NO
JEREMIAH,2,11,i,NO
JEREMIAH,2,13,m,NO
JEREMIAH,2,16,s,NO
JEREMIAH,2,18,x,NO
JEREMIAH,2,19,b,NO
JEREMIAH,2,19,c,NO
JEREMIAH,2,20,f,NO
JEREMIAH,2,20,g,NO
JEREMIAH,2,25,p,NO
JEREMIAH,2,28,u,NO
JEREMIAH,3,1,i,NO
JEREMIAH,3,2,h,NO
JEREMIAH,3,6,i,NO
JEREMIAH,3,8,i,NO
JEREMIAH,3,8,u,NO
JEREMIAH,3,12,a,NO
JEREMIAH,3,12,b,NO
JEREMIAH,3,18,m,NO
JEREMIAH,4,2,b,NO
JEREMIAH,4,4,g,NO
JEREMIAH,4,6,l,NO
JEREMIAH,4,13,w,NO
JEREMIAH,4,28,r,NO
JEREMIAH,4,30,v,NO
JEREMIAH,5,1,a,NO
JEREMIAH,5,6,j,NO
JEREMIAH,5,6,k,NO
JEREMIAH,5,7,n,NO
JEREMIAH,5,7,o,NO
JEREMIAH,5,7,p,NO
JEREMIAH,5,22,m,NO
JEREMIAH,6,1,b,NO
JEREMIAH,6,1,c,NO
JEREMIAH,6,6,k,NO
JEREMIAH,6,10,s,NO
JEREMIAH,6,10,t,NO
JEREMIAH,6,11,w,NO
JEREMIAH,6,11,x,NO
JEREMIAH,6,13,b,NO
JEREMIAH,6,17,k,NO
JEREMIAH,6,20,o,NO
JEREMIAH,6,20,p,NO
JEREMIAH,6,22,t,NO
JEREMIAH,6,26,b,NO
JEREMIAH,6,28,g,NO
JEREMIAH,7,6,o,NO
JEREMIAH,7,9,o,NO
JEREMIAH,7,9,t,NO
JEREMIAH,7,11,w,NO
JEREMIAH,7,12,z,NO
JEREMIAH,7,14,z,NO
JEREMIAH,7,15,e,NO
JEREMIAH,7,18,i,NO
JEREMIAH,7,18,j,NO
JEREMIAH,7,18,k,NO
JEREMIAH,7,23,t,NO
JEREMIAH,7,23,u,NO
JEREMIAH,7,24,x,NO
JEREMIAH,7,24,y,NO
JEREMIAH,7,26,b,NO
JEREMIAH,7,31,l,NO
JEREMIAH,7,32,k,NO
JEREMIAH,8,2,v,NO
JEREMIAH,8,5,b,NO
JEREMIAH,8,7,g,NO
JEREMIAH,8,13,s,NO
JEREMIAH,8,14,v,NO
JEREMIAH,8,16,a,NO
JEREMIAH,8,16,b,NO
JEREMIAH,8,16,z,NO
JEREMIAH,8,17,e,NO
JEREMIAH,8,19,i,NO
JEREMIAH,9,4,t,NO
JEREMIAH,9,7,j,NO
JEREMIAH,9,8,a,NO
JEREMIAH,9,8,z,NO
JEREMIAH,9,10,e,NO
JEREMIAH,9,11,h,NO
JEREMIAH,9,16,q,NO
JEREMIAH,9,26,e,NO
JEREMIAH,10,5,l,NO
JEREMIAH,10,9,s,NO
JEREMIAH,10,12,a,NO
JEREMIAH,10,13,d,NO
JEREMIAH,10,13,e,NO
JEREMIAH,10,14,h,NO
JEREMIAH,10,16,k,NO
JEREMIAH,10,21,t,NO
JEREMIAH,11,8,h,NO
JEREMIAH,11,15,u,NO
JEREMIAH,11,16,x,NO
JEREMIAH,11,19,c,NO
JEREMIAH,11,19,d,NO
JEREMIAH,11,21,j,NO
JEREMIAH,12,1,o,NO
JEREMIAH,12,3,s,NO
JEREMIAH,12,3,t,NO
JEREMIAH,12,4,w,NO
JEREMIAH,12,6,z,NO
JEREMIAH,12,9,d,NO
JEREMIAH,12,13,i,NO
JEREMIAH,12,14,l,NO
JEREMIAH,13,7,u,NO
JEREMIAH,13,13,d,NO
JEREMIAH,13,16,h,NO
JEREMIAH,13,27,w,NO
JEREMIAH,13,27,x,NO
JEREMIAH,14,2,b,NO
JEREMIAH,14,7,j,NO
JEREMIAH,14,9,n,NO
JEREMIAH,14,9,o,NO
JEREMIAH,14,14,x,NO
JEREMIAH,14,14,y,NO
JEREMIAH,14,15,z,NO
JEREMIAH,14,17,d,NO
JEREMIAH,14,19,i,NO
JEREMIAH,14,22,o,NO
JEREMIAH,15,1,s,NO
JEREMIAH,15,3,w,NO
JEREMIAH,15,6,c,NO
JEREMIAH,15,9,j,NO
JEREMIAH,15,15,t,NO
JEREMIAH,15,15,u,NO
JEREMIAH,15,15,v,NO
JEREMIAH,15,16,y,NO
JEREMIAH,15,20,h,NO
JEREMIAH,16,4,l,NO
JEREMIAH,16,4,m,NO
JEREMIAH,16,4,n,NO
JEREMIAH,16,6,q,NO
JEREMIAH,16,13,a,NO
JEREMIAH,16,15,e,NO
JEREMIAH,16,19,o,NO
JEREMIAH,17,1,t,NO
JEREMIAH,17,2,w,NO
JEREMIAH,17,6,e,NO
JEREMIAH,17,10,k,NO
JEREMIAH,17,11,n,NO
JEREMIAH,17,11,o,NO
JEREMIAH,17,13,r,NO
JEREMIAH,17,13,s,NO
JEREMIAH,17,13,t,NO
JEREMIAH,17,23,h,NO
JEREMIAH,17,26,l,NO
JEREMIAH,17,26,m,NO
JEREMIAH,17,27,n,NO
JEREMIAH,17,27,o,NO
JEREMIAH,17,27,p,NO
JEREMIAH,18,15,h,NO
JEREMIAH,18,15,i,NO
JEREMIAH,18,16,l,NO
JEREMIAH,18,17,o,NO
JEREMIAH,18,18,r,NO
JEREMIAH,18,20,v,NO
JEREMIAH,18,22,z,NO
JEREMIAH,19,1,e,NO
JEREMIAH,19,3,i,NO
JEREMIAH,19,7,r,NO
JEREMIAH,19,11,z,NO
JEREMIAH,19,13,a,NO
JEREMIAH,19,13,e,NO
JEREMIAH,20,1,l,NO
JEREMIAH,20,2,n,NO
JEREMIAH,20,7,v,NO
JEREMIAH,20,8,y,NO
JEREMIAH,20,10,d,NO
JEREMIAH,20,10,e,NO
JEREMIAH,20,10,f,NO
JEREMIAH,20,10,g,NO
JEREMIAH,20,11,k,NO
JEREMIAH,21,1,w,NO
JEREMIAH,21,2,z,NO
JEREMIAH,21,9,k,NO
JEREMIAH,21,10,n,NO
JEREMIAH,21,12,q,NO
JEREMIAH,21,14,v,NO
JEREMIAH,22,3,z,NO
JEREMIAH,22,13,p,NO
JEREMIAH,22,16,u,NO
JEREMIAH,22,18,y,NO
JEREMIAH,22,22,f,NO
JEREMIAH,22,28,q,NO
JEREMIAH,23,3,y,NO
JEREMIAH,23,5,c,NO
JEREMIAH,23,6,f,NO
JEREMIAH,23,10,l,NO
JEREMIAH,23,10,m,NO
JEREMIAH,23,10,n,NO
JEREMIAH,23,12,s,NO
JEREMIAH,23,13,w,NO
JEREMIAH,23,14,z,NO
JEREMIAH,23,17,g,NO
JEREMIAH,23,22,p,NO
JEREMIAH,23,28,y,NO
JEREMIAH,24,1,m,NO
JEREMIAH,24,6,s,NO
JEREMIAH,24,7,v,NO
JEREMIAH,24,8,y,NO
JEREMIAH,24,9,c,NO
JEREMIAH,25,3,h,NO
JEREMIAH,25,5,k,NO
JEREMIAH,25,9,p,NO
JEREMIAH,25,10,s,NO
JEREMIAH,25,11,u,NO
JEREMIAH,25,20,i,NO
JEREMIAH,25,21,l,NO
JEREMIAH,25,23,q,NO
JEREMIAH,25,33,j,NO
JEREMIAH,25,34,m,NO
JEREMIAH,25,38,q,NO
JEREMIAH,26,2,x,NO
JEREMIAH,26,3,a,NO
JEREMIAH,26,13,z,NO
JEREMIAH,26,22,z,NO
JEREMIAH,27,5,h,NO
JEREMIAH,27,6,k,NO
JEREMIAH,27,7,n,NO
JEREMIAH,27,7,o,NO
JEREMIAH,27,7,p,NO
JEREMIAH,27,9,u,NO
JEREMIAH,27,12,y,NO
JEREMIAH,27,13,b,NO
JEREMIAH,27,16,v,NO
JEREMIAH,27,17,e,NO
JEREMIAH,27,22,m,NO
JEREMIAH,28,1,p,NO
JEREMIAH,28,11,a,NO
JEREMIAH,28,14,e,NO
JEREMIAH,29,10,v,NO
JEREMIAH,29,14,d,NO
JEREMIAH,29,18,d,NO
JEREMIAH,29,18,i,NO
JEREMIAH,29,22,o,NO
JEREMIAH,29,26,w,NO
JEREMIAH,29,32,d,NO
JEREMIAH,30,3,h,NO
JEREMIAH,30,3,i,NO
JEREMIAH,30,8,q,NO
JEREMIAH,30,10,u,NO
JEREMIAH,30,14,c,NO
JEREMIAH,30,14,d,NO
JEREMIAH,30,16,g,NO
JEREMIAH,30,16,h,NO
JEREMIAH,30,17,k,NO
JEREMIAH,30,17,l,NO
JEREMIAH,30,21,t,NO
JEREMIAH,31,3,e,NO
JEREMIAH,31,4,h,NO
JEREMIAH,31,7,n,NO
JEREMIAH,31,8,q,NO
JEREMIAH,31,8,r,NO
JEREMIAH,31,9,u,NO
JEREMIAH,31,9,v,NO
JEREMIAH,31,9,w,NO
JEREMIAH,31,9,x,NO
JEREMIAH,31,12,d,NO
JEREMIAH,31,12,e,NO
JEREMIAH,31,12,f,NO
JEREMIAH,31,15,l,NO
JEREMIAH,31,15,m,NO
JEREMIAH,31,19,t,NO
JEREMIAH,31,20,v,NO
JEREMIAH,31,23,c,NO
JEREMIAH,31,27,i,NO
JEREMIAH,31,28,l,NO
JEREMIAH,31,33,u,NO
JEREMIAH,31,34,x,NO
JEREMIAH,31,34,y,NO
JEREMIAH,31,35,b,NO
JEREMIAH,31,38,g,NO
JEREMIAH,31,40,k,NO
JEREMIAH,31,40,m,NO
JEREMIAH,32,7,x,NO
JEREMIAH,32,10,b,NO
JEREMIAH,32,10,y,NO
JEREMIAH,32,17,i,NO
JEREMIAH,32,18,m,NO
JEREMIAH,32,19,p,NO
JEREMIAH,32,19,q,NO
JEREMIAH,32,24,z,NO
JEREMIAH,32,25,z,NO
JEREMIAH,32,29,h,NO
JEREMIAH,32,30,j,NO
JEREMIAH,32,35,s,NO
JEREMIAH,32,35,t,NO
JEREMIAH,32,37,x,NO
JEREMIAH,32,43,j,NO
JEREMIAH,32,44,m,NO
JEREMIAH,33,5,v,NO
JEREMIAH,33,7,z,NO
JEREMIAH,33,11,x,NO
JEREMIAH,33,12,k,NO
JEREMIAH,33,13,n,NO
JEREMIAH,34,5,k,NO
JEREMIAH,34,7,n,NO
JEREMIAH,34,7,o,NO
JEREMIAH,34,14,v,NO
JEREMIAH,34,15,x,NO
JEREMIAH,34,17,c,NO
JEREMIAH,34,22,l,NO
JEREMIAH,34,22,m,NO
JEREMIAH,35,4,r,NO
JEREMIAH,35,4,s,NO
JEREMIAH,35,11,x,NO
JEREMIAH,35,15,b,NO
JEREMIAH,35,15,c,NO
JEREMIAH,36,2,i,NO
JEREMIAH,36,2,j,NO
JEREMIAH,36,2,k,NO
JEREMIAH,36,9,t,NO
JEREMIAH,36,12,y,NO
JEREMIAH,36,12,z,NO
JEREMIAH,36,26,m,NO
JEREMIAH,36,30,q,NO
JEREMIAH,37,1,w,NO
JEREMIAH,37,3,a,NO
JEREMIAH,37,3,b,NO
JEREMIAH,37,3,c,NO
JEREMIAH,37,5,h,NO
JEREMIAH,37,7,k,NO
JEREMIAH,37,12,q,NO
JEREMIAH,37,13,t,NO
JEREMIAH,38,4,k,NO
JEREMIAH,38,6,o,NO
JEREMIAH,38,6,p,NO
JEREMIAH,38,6,q,NO
JEREMIAH,38,7,t,NO
JEREMIAH,38,7,u,NO
JEREMIAH,38,16,a,NO
JEREMIAH,38,16,b,NO
JEREMIAH,38,17,e,NO
JEREMIAH,39,3,q,NO
JEREMIAH,39,5,u,NO
JEREMIAH,39,9,b,NO
JEREMIAH,39,14,h,NO
JEREMIAH,39,14,i,NO
JEREMIAH,39,16,n,NO
JEREMIAH,40,1,t,NO
JEREMIAH,40,4,x,NO
JEREMIAH,40,6,b,NO
JEREMIAH,40,6,c,NO
JEREMIAH,40,7,f,NO
JEREMIAH,40,8,h,NO
JEREMIAH,40,8,i,NO
JEREMIAH,40,11,o,NO
JEREMIAH,41,1,x,NO
JEREMIAH,41,5,c,NO
JEREMIAH,41,5,e,NO
JEREMIAH,41,5,f,NO
JEREMIAH,41,10,l,NO
JEREMIAH,41,16,u,NO
JEREMIAH,42,1,a,NO
JEREMIAH,42,1,b,NO
JEREMIAH,42,2,e,NO
JEREMIAH,42,2,f,NO
JEREMIAH,42,5,k,NO
JEREMIAH,42,5,l,NO
JEREMIAH,42,8,b,NO
JEREMIAH,42,14,x,NO
JEREMIAH,43,2,n,NO
JEREMIAH,43,2,o,NO
JEREMIAH,43,3,r,NO
JEREMIAH,43,6,w,NO
JEREMIAH,43,6,x,NO
JEREMIAH,43,12,f,NO
JEREMIAH,43,12,g,NO
JEREMIAH,44,1,k,NO
JEREMIAH,44,3,o,NO
JEREMIAH,44,8,v,NO
JEREMIAH,44,9,y,NO
JEREMIAH,44,12,d,NO
JEREMIAH,44,12,e,NO
JEREMIAH,44,12,v,NO
JEREMIAH,44,14,i,NO
JEREMIAH,44,17,o,NO
JEREMIAH,44,17,p,NO
JEREMIAH,44,22,a,NO
JEREMIAH,44,22,y,NO
JEREMIAH,44,22,z,NO
JEREMIAH,44,26,h,NO
JEREMIAH,44,26,i,NO
JEREMIAH,44,28,n,NO
JEREMIAH,44,30,r,NO
JEREMIAH,45,1,u,NO
JEREMIAH,45,3,x,NO
JEREMIAH,45,5,b,NO
JEREMIAH,46,5,j,NO
JEREMIAH,46,9,p,NO
JEREMIAH,46,10,s,NO
JEREMIAH,46,10,t,NO
JEREMIAH,46,10,u,NO
JEREMIAH,46,10,v,NO
JEREMIAH,46,10,w,NO
JEREMIAH,46,14,d,NO
JEREMIAH,46,18,k,NO
JEREMIAH,46,18,l,NO
JEREMIAH,46,19,o,NO
JEREMIAH,46,19,p,NO
JEREMIAH,46,25,z,NO
JEREMIAH,46,26,c,NO
JEREMIAH,47,2,j,NO
JEREMIAH,47,4,p,NO
JEREMIAH,47,5,s,NO
JEREMIAH,47,7,w,NO
JEREMIAH,48,1,a,NO
JEREMIAH,48,1,z,NO
JEREMIAH,48,7,i,NO
JEREMIAH,48,7,j,NO
JEREMIAH,48,13,r,NO
JEREMIAH,48,15,u,NO
JEREMIAH,48,20,s,NO
JEREMIAH,48,26,n,NO
JEREMIAH,48,27,q,NO
JEREMIAH,48,32,a,NO
JEREMIAH,48,32,z,NO
JEREMIAH,48,37,j,NO
JEREMIAH,48,41,r,NO
JEREMIAH,49,1,c,NO
JEREMIAH,49,2,f,NO
JEREMIAH,49,3,h,NO
JEREMIAH,49,3,j,NO
JEREMIAH,49,7,q,NO
JEREMIAH,49,8,t,NO
JEREMIAH,49,10,x,NO
JEREMIAH,49,13,d,NO
JEREMIAH,49,18,l,NO
JEREMIAH,49,19,o,NO
JEREMIAH,49,19,p,NO
JEREMIAH,49,19,q,NO
JEREMIAH,49,19,r,NO
JEREMIAH,49,20,u,NO
JEREMIAH,49,22,y,NO
JEREMIAH,49,23,b,NO
JEREMIAH,49,23,c,NO
JEREMIAH,49,24,y,NO
JEREMIAH,49,27,h,NO
JEREMIAH,49,28,k,NO
JEREMIAH,49,31,p,NO
JEREMIAH,49,32,s,NO
JEREMIAH,49,37,z,NO
JEREMIAH,50,3,i,NO
JEREMIAH,50,4,l,NO
JEREMIAH,50,5,o,NO
JEREMIAH,50,7,t,NO
JEREMIAH,50,7,u,NO
JEREMIAH,50,14,e,NO
JEREMIAH,50,15,h,NO
JEREMIAH,50,15,i,NO
JEREMIAH,50,17,n,NO
JEREMIAH,50,17,o,NO
JEREMIAH,50,17,p,NO
JEREMIAH,50,23,b,NO
JEREMIAH,50,28,k,NO
JEREMIAH,50,29,n,NO
JEREMIAH,50,34,v,NO
JEREMIAH,50,37,b,NO
JEREMIAH,51,6,w,NO
JEREMIAH,51,7,z,NO
JEREMIAH,51,9,f,NO
JEREMIAH,51,11,k,NO
JEREMIAH,51,11,m,NO
JEREMIAH,51,14,s,NO
JEREMIAH,51,27,d,NO
JEREMIAH,51,27,e,NO
JEREMIAH,51,27,f,NO
JEREMIAH,51,27,g,NO
JEREMIAH,51,27,h,NO
JEREMIAH,51,27,i,NO
JEREMIAH,51,27,j,NO
JEREMIAH,51,28,k,NO
JEREMIAH,51,28,l,NO
JEREMIAH,51,28,m,NO
JEREMIAH,51,30,r,NO
JEREMIAH,51,34,y,NO
JEREMIAH,51,36,b,NO
JEREMIAH,51,37,e,NO
JEREMIAH,51,41,l,NO
JEREMIAH,51,44,r,NO
JEREMIAH,51,44,s,NO
JEREMIAH,51,44,t,NO
JEREMIAH,51,57,o,NO
JEREMIAH,51,58,r,NO
JEREMIAH,51,58,s,NO
JEREMIAH,52,12,j,NO
JEREMIAH,52,12,k,NO
JEREMIAH,52,17,o,NO
JEREMIAH,52,19,s,NO
JOB,1,1,c,NO
JOB,1,1,d,NO
JOB,1,1,e,NO
JOB,1,5,j,NO
JOB,1,8,p,NO
JOB,1,11,u,NO
JOB,1,11,v,NO
JOB,1,20,e,NO
JOB,1,20,f,NO
JOB,1,21,i,NO
JOB,1,21,j,NO
JOB,2,10,y,NO
JOB,2,10,z,NO
JOB,2,11,c,NO
JOB,2,11,d,NO
JOB,4,19,r,NO
JOB,5,9,c,NO
JOB,6,15,i,NO
JOB,7,2,v,NO
JOB,7,5,b,NO
JOB,7,11,n,NO
JOB,7,21,b,NO
JOB,8,13,q,NO
JOB,9,9,i,NO
JOB,9,9,j,NO
JOB,9,24,d,NO
JOB,9,34,t,NO
JOB,10,3,b,NO
JOB,10,15,q,NO
JOB,10,20,z,NO
JOB,10,21,c,NO
JOB,11,10,n,NO
JOB,13,15,r,NO
JOB,14,1,m,NO
JOB,14,2,p,NO
JOB,14,13,f,NO
JOB,15,2,t,NO
JOB,15,2,u,NO
JOB,15,7,z,NO
JOB,15,14,g,NO
JOB,15,16,l,NO
JOB,16,9,n,NO
JOB,16,10,q,NO
JOB,16,13,u,NO
JOB,16,15,z,NO
JOB,17,16,z,NO
JOB,19,25,x,NO
JOB,20,17,t,NO
JOB,20,20,y,NO
JOB,20,25,f,NO
JOB,20,25,g,NO
JOB,21,13,y,NO
JOB,21,19,i,NO
JOB,22,9,k,NO
JOB,22,11,o,NO
JOB,22,23,g,NO
JOB,23,10,a,NO
JOB,23,10,b,NO
JOB,24,1,n,NO
JOB,24,24,m,NO
JOB,25,6,w,NO
JOB,27,18,n,NO
JOB,27,20,s,NO
JOB,28,16,m,NO
JOB,28,16,n,NO
JOB,29,6,f,NO
JOB,29,13,n,NO
JOB,29,18,w,NO
JOB,29,19,z,NO
JOB,30,3,o,NO
JOB,30,17,g,NO
JOB,31,24,a,NO
JOB,31,36,r,NO
JOB,32,8,c,NO
JOB,33,14,a,NO
JOB,33,15,d,NO
JOB,33,23,p,NO
JOB,33,23,q,NO
JOB,33,26,v,NO
JOB,33,28,z,NO
JOB,34,14,v,NO
JOB,34,19,b,NO
JOB,34,20,e,NO
JOB,35,9,e,NO
JOB,36,3,q,NO
JOB,36,7,x,NO
JOB,36,16,n,NO
JOB,37,9,v,NO
JOB,37,12,a,NO
JOB,37,13,d,NO
JOB,37,23,m,NO
JOB,37,23,n,NO
JOB,38,7,x,NO
JOB,42,8,p,NO
JOB,42,11,v,NO
JOEL,1,2,c,NO
JOEL,1,4,g,NO
JOEL,1,4,h,NO
JOEL,1,13,x,NO
JOEL,1,13,y,NO
JOEL,2,1,l,NO
JOEL,2,2,o,NO
JOEL,2,3,r,NO
JOEL,2,9,z,NO
JOEL,2,11,e,NO
JOEL,2,11,f,NO
JOEL,2,11,g,NO
JOEL,2,11,h,NO
JOEL,2,13,m,NO
JOEL,2,13,n,NO
JOEL,2,14,q,NO
JOEL,2,16,v,NO
JOEL,2,17,a,NO
JOEL,2,17,y,NO
JOEL,2,17,z,NO
JOEL,2,20,g,NO
JOEL,2,22,k,NO
JOEL,2,27,r,NO
JOEL,2,27,u,NO
JOEL,2,28,y,NO
JOEL,2,28,z,NO
JOEL,2,31,e,NO
JOEL,2,32,h,NO
JOEL,3,4,o,NO
JOEL,3,13,a,NO
JOEL,3,16,f,NO
JOEL,3,17,i,NO
JOEL,3,17,j,NO
JOEL,3,18,m,NO
JOEL,3,18,n,NO
JOEL,3,19,q,NO
JOHN,1,1,c,NO
JOHN,1,11,r,NO
JOHN,1,12,u,NO
JOHN,1,13,y,NO
JOHN,1,14,b,NO
JOHN,1,14,c,NO
JOHN,1,14,d,NO
JOHN,1,14,e,NO
JOHN,1,18,n,NO
JOHN,1,29,z,NO
JOHN,1,32,e,NO
JOHN,1,33,h,NO
JOHN,1,42,p,NO
JOHN,1,45,v,NO
JOHN,1,49,d,NO
JOHN,1,51,g,NO
JOHN,2,4,m,NO
JOHN,3,2,l,NO
JOHN,3,2,m,NO
JOHN,3,3,p,NO
JOHN,3,13,c,NO
JOHN,3,16,j,NO
JOHN,3,16,k,NO
JOHN,3,19,r,NO
JOHN,3,26,c,NO
JOHN,3,27,f,NO
JOHN,3,29,k,NO
JOHN,3,31,o,NO
JOHN,3,31,p,NO
JOHN,4,14,m,NO
JOHN,4,20,t,NO
JOHN,4,20,u,NO
JOHN,4,21,x,NO
JOHN,4,22,a,NO
JOHN,4,23,d,NO
JOHN,4,23,e,NO
JOHN,4,34,o,NO
JOHN,4,36,s,NO
JOHN,4,39,y,NO
JOHN,5,18,b,NO
JOHN,5,18,c,NO
JOHN,5,18,d,NO
JOHN,5,20,i,NO
JOHN,5,21,l,NO
JOHN,5,21,m,NO
JOHN,5,24,u,NO
JOHN,5,25,x,NO
JOHN,5,30,f,NO
JOHN,5,30,g,NO
JOHN,5,36,p,NO
JOHN,5,36,q,NO
JOHN,5,36,r,NO
JOHN,5,43,d,NO
JOHN,6,1,l,NO
JOHN,6,14,y,NO
JOHN,6,15,b,NO
JOHN,6,27,m,NO
JOHN,6,27,o,NO
JOHN,6,37,b,NO
JOHN,6,38,e,NO
JOHN,6,39,h,NO
JOHN,6,40,l,NO
JOHN,6,42,p,NO
JOHN,6,45,u,NO
JOHN,6,46,x,NO
JOHN,6,51,g,NO
JOHN,6,57,q,NO
JOHN,6,62,y,NO
JOHN,6,63,b,NO
JOHN,6,64,d,NO
JOHN,6,69,k,NO
JOHN,6,70,m,NO
JOHN,8,12,n,NO
JOHN,8,12,o,NO
JOHN,8,14,s,NO
JOHN,8,14,t,NO
JOHN,8,20,e,NO
JOHN,8,21,h,NO
JOHN,8,23,l,NO
JOHN,8,24,o,NO
JOHN,8,26,s,NO
JOHN,8,28,w,NO
JOHN,8,28,x,NO
JOHN,8,28,y,NO
JOHN,8,42,u,NO
JOHN,8,42,v,NO
JOHN,8,42,w,NO
JOHN,8,44,b,NO
JOHN,8,44,c,NO
JOHN,8,47,f,NO
JOHN,8,52,n,NO
JOHN,8,55,u,NO
JOHN,8,55,v,NO
JOHN,8,56,y,NO
JOHN,8,56,z,NO
JOHN,9,2,e,NO
JOHN,9,2,f,NO
JOHN,9,16,u,NO
JOHN,9,16,v,NO
JOHN,9,22,a,NO
JOHN,9,22,b,NO
JOHN,9,39,v,NO
JOHN,10,12,j,NO
JOHN,10,14,o,NO
JOHN,10,16,t,NO
JOHN,10,16,u,NO
JOHN,10,16,v,NO
JOHN,10,17,y,NO
JOHN,10,18,a,NO
JOHN,10,18,c,NO
JOHN,10,28,q,NO
JOHN,10,29,t,NO
JOHN,10,36,d,NO
JOHN,11,25,l,NO
JOHN,11,25,m,NO
JOHN,11,27,q,NO
JOHN,11,35,w,NO
JOHN,11,38,c,NO
JOHN,11,42,j,NO
JOHN,11,44,m,NO
JOHN,11,45,p,NO
JOHN,11,47,s,NO
JOHN,11,55,g,NO
JOHN,12,1,k,NO
JOHN,12,13,u,NO
JOHN,12,13,v,NO
JOHN,12,16,z,NO
JOHN,12,25,n,NO
JOHN,12,26,q,NO
JOHN,12,26,r,NO
JOHN,12,27,v,NO
JOHN,12,31,b,NO
JOHN,12,32,e,NO
JOHN,12,35,k,NO
JOHN,12,35,l,NO
JOHN,12,35,m,NO
JOHN,12,42,x,NO
JOHN,12,47,g,NO
JOHN,12,48,j,NO
JOHN,12,49,m,NO
JOHN,13,1,p,NO
JOHN,13,1,q,NO
JOHN,13,1,r,NO
JOHN,13,1,s,NO
JOHN,13,10,f,NO
JOHN,13,18,r,NO
JOHN,13,18,s,NO
JOHN,13,26,f,NO
JOHN,13,26,g,NO
JOHN,13,29,l,NO
JOHN,13,34,v,NO
JOHN,13,34,w,NO
JOHN,13,36,a,NO
JOHN,14,7,q,NO
JOHN,14,17,g,NO
JOHN,14,19,k,NO
JOHN,14,20,n,NO
JOHN,14,20,o,NO
JOHN,14,21,r,NO
JOHN,14,21,s,NO
JOHN,14,21,t,NO
JOHN,14,23,y,NO
JOHN,14,26,c,NO
JOHN,14,26,d,NO
JOHN,14,27,g,NO
JOHN,14,27,h,NO
JOHN,14,28,k,NO
JOHN,14,28,l,NO
JOHN,15,2,v,NO
JOHN,15,10,m,NO
JOHN,15,15,x,NO
JOHN,15,15,y,NO
JOHN,15,16,b,NO
JOHN,15,20,i,NO
JOHN,15,21,l,NO
JOHN,15,24,p,NO
JOHN,15,27,w,NO
JOHN,16,2,z,NO
JOHN,16,4,d,NO
JOHN,16,7,j,NO
JOHN,16,7,k,NO
JOHN,16,7,l,NO
JOHN,16,13,v,NO
JOHN,16,13,w,NO
JOHN,16,17,e,NO
JOHN,16,20,j,NO
JOHN,16,22,n,NO
JOHN,16,23,q,NO
JOHN,16,32,f,NO
JOHN,16,32,g,NO
JOHN,16,33,j,NO
JOHN,16,33,k,NO
JOHN,16,33,l,NO
JOHN,17,1,o,NO
JOHN,17,3,v,NO
JOHN,17,3,x,NO
JOHN,17,5,c,NO
JOHN,17,6,f,NO
JOHN,17,8,i,NO
JOHN,17,9,l,NO
JOHN,17,11,q,NO
JOHN,17,11,r,NO
JOHN,17,11,s,NO
JOHN,17,11,t,NO
JOHN,17,11,u,NO
JOHN,17,12,x,NO
JOHN,17,12,y,NO
JOHN,17,12,z,NO
JOHN,17,14,e,NO
JOHN,17,14,f,NO
JOHN,17,15,i,NO
JOHN,17,15,j,NO
JOHN,17,19,q,NO
JOHN,17,21,v,NO
JOHN,17,21,w,NO
JOHN,17,22,t,NO
JOHN,17,23,b,NO
JOHN,17,23,c,NO
JOHN,17,23,d,NO
JOHN,17,24,g,NO
JOHN,17,24,h,NO
JOHN,17,26,m,NO
JOHN,18,13,a,NO
JOHN,18,20,j,NO
JOHN,18,28,s,NO
JOHN,18,28,t,NO
JOHN,18,36,d,NO
JOHN,18,36,e,NO
JOHN,18,37,h,NO
JOHN,18,37,i,NO
JOHN,18,37,j,NO
JOHN,18,37,k,NO
JOHN,18,37,l,NO
JOHN,19,9,c,NO
JOHN,19,11,f,NO
JOHN,19,28,c,NO
JOHN,19,31,i,NO
JOHN,19,36,q,NO
JOHN,19,39,w,NO
JOHN,19,41,b,NO
JOHN,20,15,w,NO
JOHN,20,17,a,NO
JOHN,20,19,e,NO
JOHN,20,19,g,NO
JOHN,20,31,a,NO
JOHN,20,31,y,NO
JOHN,21,1,d,NO
JOHN,21,2,g,NO
JOHN,21,7,n,NO
JOHN,21,7,o,NO
JOHN,21,12,r,NO
JOHN,21,15,w,NO
JOHN,21,15,y,NO
JOHN,21,17,c,NO
JOHN,21,22,l,NO
JONAH,1,2,d,NO
JONAH,1,3,g,NO
JONAH,1,3,h,NO
JONAH,2,2,z,NO
JONAH,3,5,o,NO
JONAH,3,8,u,NO
JONAH,4,8,c,NO
JONAH,4,8,h,NO
JOSHUA,1,5,g,NO
JOSHUA,1,5,h,NO
JOSHUA,1,7,l,NO
JOSHUA,2,1,z,NO
JOSHUA,2,10,f,NO
JOSHUA,2,11,i,NO
JOSHUA,3,13,k,NO
JOSHUA,3,15,o,NO
JOSHUA,3,16,r,NO
JOSHUA,4,3,x,NO
JOSHUA,4,24,n,NO
JOSHUA,5,1,q,NO
JOSHUA,5,1,r,NO
JOSHUA,5,6,w,NO
JOSHUA,6,4,j,NO
JOSHUA,7,6,g,NO
JOSHUA,7,12,n,NO
JOSHUA,7,12,o,NO
JOSHUA,7,15,t,NO
JOSHUA,7,19,x,NO
JOSHUA,7,25,c,NO
JOSHUA,8,29,z,NO
JOSHUA,8,33,e,NO
JOSHUA,9,1,l,NO
JOSHUA,9,3,o,NO
JOSHUA,10,1,o,NO
JOSHUA,11,2,d,NO
JOSHUA,11,3,g,NO
JOSHUA,11,3,h,NO
JOSHUA,11,6,l,NO
JOSHUA,11,8,p,NO
JOSHUA,11,15,w,NO
JOSHUA,11,16,a,NO
JOSHUA,11,16,z,NO
JOSHUA,11,17,d,NO
JOSHUA,11,17,e,NO
JOSHUA,12,3,u,NO
JOSHUA,12,5,a,NO
JOSHUA,13,3,z,NO
JOSHUA,13,5,d,NO
JOSHUA,13,6,g,NO
JOSHUA,13,6,h,NO
JOSHUA,13,21,z,NO
JOSHUA,15,6,n,NO
JOSHUA,15,7,q,NO
JOSHUA,15,8,t,NO
JOSHUA,15,35,m,NO
JOSHUA,15,35,n,NO
JOSHUA,15,39,p,NO
JOSHUA,15,47,v,NO
JOSHUA,15,55,b,NO
JOSHUA,17,1,v,NO
JOSHUA,17,14,j,NO
JOSHUA,18,12,b,NO
JOSHUA,18,13,e,NO
JOSHUA,18,16,j,NO
JOSHUA,20,7,o,NO
JOSHUA,20,7,p,NO
JOSHUA,20,8,s,NO
JOSHUA,21,44,u,NO
JOSHUA,23,7,p,NO
JOSHUA,24,1,e,NO
JOSHUA,24,3,j,NO
JOSHUA,24,4,m,NO
JOSHUA,24,5,p,NO
JOSHUA,24,6,r,NO
JOSHUA,24,7,u,NO
JOSHUA,24,7,v,NO
JOSHUA,24,7,w,NO
JOSHUA,24,15,h,NO
JOSHUA,24,15,k,NO
JOSHUA,24,15,l,NO
JOSHUA,24,19,o,NO
JOSHUA,24,26,x,NO
JUDGES,1,16,n,NO
JUDGES,1,19,t,NO
JUDGES,2,12,v,NO
JUDGES,2,14,a,NO
JUDGES,2,14,b,NO
JUDGES,2,18,j,NO
JUDGES,3,9,a,NO
JUDGES,3,31,w,NO
JUDGES,4,2,a,NO
JUDGES,4,2,b,NO
JUDGES,4,6,h,NO
JUDGES,4,11,o,NO
JUDGES,5,6,d,NO
JUDGES,5,14,m,NO
JUDGES,5,17,r,NO
JUDGES,5,19,w,NO
JUDGES,5,31,i,NO
JUDGES,5,31,j,NO
JUDGES,7,1,c,NO
JUDGES,7,22,s,NO
JUDGES,7,24,v,NO
JUDGES,7,25,y,NO
JUDGES,8,27,c,NO
JUDGES,8,27,d,NO
JUDGES,8,33,m,NO
JUDGES,9,2,r,NO
JUDGES,9,15,e,NO
JUDGES,9,18,j,NO
JUDGES,10,6,n,NO
JUDGES,10,6,o,NO
JUDGES,10,11,u,NO
JUDGES,10,11,v,NO
JUDGES,11,11,l,NO
JUDGES,11,13,o,NO
JUDGES,11,17,u,NO
JUDGES,11,18,x,NO
JUDGES,13,5,b,NO
JUDGES,14,12,b,NO
JUDGES,16,5,d,NO
JUDGES,17,5,a,NO
JUDGES,18,2,n,NO
JUDGES,18,7,t,NO
JUDGES,18,9,x,NO
JUDGES,18,30,v,NO
JUDGES,19,1,z,NO
JUDGES,19,24,r,NO
JUDGES,20,1,a,NO
LAMENTATIONS,1,1,c,NO
LAMENTATIONS,1,2,g,NO
LAMENTATIONS,1,2,h,NO
LAMENTATIONS,1,3,k,NO
LAMENTATIONS,1,4,n,NO
LAMENTATIONS,1,5,q,NO
LAMENTATIONS,1,5,s,NO
LAMENTATIONS,1,7,w,NO
LAMENTATIONS,1,8,z,NO
LAMENTATIONS,1,9,c,NO
LAMENTATIONS,1,9,d,NO
LAMENTATIONS,1,10,g,NO
LAMENTATIONS,1,11,e,NO
LAMENTATIONS,1,11,i,NO
LAMENTATIONS,1,12,l,NO
LAMENTATIONS,1,12,m,NO
LAMENTATIONS,1,13,p,NO
LAMENTATIONS,1,16,u,NO
LAMENTATIONS,1,18,y,NO
LAMENTATIONS,1,21,f,NO
LAMENTATIONS,1,22,d,NO
LAMENTATIONS,2,1,l,NO
LAMENTATIONS,2,2,o,NO
LAMENTATIONS,2,2,p,NO
LAMENTATIONS,2,2,q,NO
LAMENTATIONS,2,3,t,NO
LAMENTATIONS,2,3,u,NO
LAMENTATIONS,2,5,y,NO
LAMENTATIONS,2,5,z,NO
LAMENTATIONS,2,7,e,NO
LAMENTATIONS,2,7,f,NO
LAMENTATIONS,2,8,i,NO
LAMENTATIONS,2,8,j,NO
LAMENTATIONS,2,9,m,NO
LAMENTATIONS,2,10,p,NO
LAMENTATIONS,2,11,t,NO
LAMENTATIONS,2,11,v,NO
LAMENTATIONS,2,11,w,NO
LAMENTATIONS,2,14,c,NO
LAMENTATIONS,2,14,d,NO
LAMENTATIONS,2,14,e,NO
LAMENTATIONS,2,16,j,NO
LAMENTATIONS,2,17,n,NO
LAMENTATIONS,2,17,o,NO
LAMENTATIONS,2,17,p,NO
LAMENTATIONS,2,18,s,NO
LAMENTATIONS,2,18,t,NO
LAMENTATIONS,2,19,x,NO
LAMENTATIONS,2,19,y,NO
LAMENTATIONS,2,20,b,NO
LAMENTATIONS,2,20,c,NO
LAMENTATIONS,2,21,f,NO
LAMENTATIONS,2,22,i,NO
LAMENTATIONS,2,22,j,NO
LAMENTATIONS,3,11,w,NO
LAMENTATIONS,3,19,i,NO
LAMENTATIONS,3,32,z,NO
LAMENTATIONS,3,52,v,NO
LAMENTATIONS,4,10,c,NO
LAMENTATIONS,4,10,d,NO
LAMENTATIONS,4,16,n,NO
LAMENTATIONS,4,20,v,NO
LAMENTATIONS,4,20,w,NO
LAMENTATIONS,4,21,z,NO
LEVITICUS,1,4,g,NO
LEVITICUS,2,13,e,NO
LEVITICUS,3,1,k,NO
LEVITICUS,4,31,z,NO
LEVITICUS,5,15,w,NO
LEVITICUS,6,2,d,NO
LEVITICUS,6,2,e,NO
LEVITICUS,6,17,v,NO
LEVITICUS,6,25,d,NO
LEVITICUS,7,1,l,NO
LEVITICUS,7,9,u,NO
LEVITICUS,7,21,g,NO
LEVITICUS,7,37,t,NO
LEVITICUS,7,37,u,NO
LEVITICUS,9,15,j,NO
LEVITICUS,9,24,x,NO
LEVITICUS,10,1,a,NO
LEVITICUS,10,3,e,NO
LEVITICUS,12,8,z,NO
LEVITICUS,13,45,o,NO
LEVITICUS,14,4,w,NO
LEVITICUS,14,7,a,NO
LEVITICUS,14,7,z,NO
LEVITICUS,14,13,k,NO
LEVITICUS,15,33,a,NO
LEVITICUS,15,33,b,NO
LEVITICUS,16,29,j,NO
LEVITICUS,16,32,o,NO
LEVITICUS,16,33,r,NO
LEVITICUS,16,33,s,NO
LEVITICUS,17,11,h,NO
LEVITICUS,17,15,n,NO
LEVITICUS,17,15,o,NO
LEVITICUS,18,30,s,NO
LEVITICUS,19,17,r,NO
LEVITICUS,19,26,z,NO
LEVITICUS,20,3,r,NO
LEVITICUS,20,24,t,NO
LEVITICUS,20,27,z,NO
LEVITICUS,21,12,o,NO
LEVITICUS,22,2,b,NO
LEVITICUS,22,4,f,NO
LEVITICUS,22,4,g,NO
LEVITICUS,22,22,c,NO
LEVITICUS,22,32,n,NO
LEVITICUS,23,2,r,NO
LEVITICUS,24,11,k,NO
LEVITICUS,25,19,k,NO
LEVITICUS,25,41,f,NO
LEVITICUS,25,43,j,NO
LEVITICUS,26,1,u,NO
LEVITICUS,26,1,v,NO
LEVITICUS,26,5,b,NO
LEVITICUS,26,6,e,NO
LEVITICUS,26,17,v,NO
LEVITICUS,26,17,w,NO
LEVITICUS,26,31,s,NO
LEVITICUS,26,36,z,NO
LEVITICUS,27,21,y,NO
LUKE,1,2,d,NO
LUKE,1,2,e,NO
LUKE,1,2,f,NO
LUKE,1,2,g,NO
LUKE,1,3,j,NO
LUKE,1,5,o,NO
LUKE,1,15,g,NO
LUKE,1,15,h,NO
LUKE,1,15,i,NO
LUKE,1,17,l,NO
LUKE,1,17,m,NO
LUKE,1,17,n,NO
LUKE,1,35,m,NO
LUKE,1,35,n,NO
LUKE,1,42,v,NO
LUKE,1,46,a,NO
LUKE,1,47,c,NO
LUKE,1,49,h,NO
LUKE,1,54,q,NO
LUKE,1,64,z,NO
LUKE,1,68,i,NO
LUKE,1,68,j,NO
LUKE,1,69,m,NO
LUKE,1,72,s,NO
LUKE,1,76,z,NO
LUKE,1,78,d,NO
LUKE,1,78,e,NO
LUKE,1,79,h,NO
LUKE,1,79,i,NO
LUKE,2,1,n,NO
LUKE,2,4,r,NO
LUKE,2,4,s,NO
LUKE,2,4,t,NO
LUKE,2,7,w,NO
LUKE,2,11,c,NO
LUKE,2,11,d,NO
LUKE,2,11,e,NO
LUKE,2,14,k,NO
LUKE,2,14,l,NO
LUKE,2,25,y,NO
LUKE,2,25,z,NO
LUKE,2,32,l,NO
LUKE,2,41,y,NO
LUKE,3,1,l,NO
LUKE,3,1,m,NO
LUKE,3,2,p,NO
LUKE,3,2,q,NO
LUKE,3,2,r,NO
LUKE,3,4,w,NO
LUKE,3,5,z,NO
LUKE,3,7,e,NO
LUKE,3,8,h,NO
LUKE,3,14,n,NO
LUKE,3,16,t,NO
LUKE,3,16,u,NO
LUKE,3,17,x,NO
LUKE,3,17,y,NO
LUKE,3,22,g,NO
LUKE,3,23,j,NO
LUKE,3,34,q,NO
LUKE,3,34,r,NO
LUKE,4,1,u,NO
LUKE,4,2,y,NO
LUKE,4,8,h,NO
LUKE,4,14,q,NO
LUKE,4,16,v,NO
LUKE,4,16,w,NO
LUKE,4,18,a,NO
LUKE,4,18,b,NO
LUKE,4,18,c,NO
LUKE,4,22,l,NO
LUKE,4,31,x,NO
LUKE,4,31,y,NO
LUKE,4,34,c,NO
LUKE,4,41,m,NO
LUKE,4,41,n,NO
LUKE,4,42,q,NO
LUKE,5,12,h,NO
LUKE,5,14,k,NO
LUKE,5,14,l,NO
LUKE,5,27,d,NO
LUKE,5,32,k,NO
LUKE,5,33,n,NO
LUKE,6,13,m,NO
LUKE,6,13,n,NO
LUKE,6,17,v,NO
LUKE,6,20,b,NO
LUKE,6,22,g,NO
LUKE,6,22,h,NO
LUKE,6,24,m,NO
LUKE,6,26,r,NO
LUKE,6,35,e,NO
LUKE,6,35,f,NO
LUKE,6,38,m,NO
LUKE,6,45,v,NO
LUKE,7,16,r,NO
LUKE,7,22,a,NO
LUKE,7,22,b,NO
LUKE,7,22,c,NO
LUKE,7,29,k,NO
LUKE,7,30,n,NO
LUKE,7,30,o,NO
LUKE,7,39,z,NO
LUKE,8,2,r,NO
LUKE,8,10,b,NO
LUKE,8,13,h,NO
LUKE,8,25,a,NO
LUKE,8,28,f,NO
LUKE,8,49,b,NO
LUKE,8,52,g,NO
LUKE,8,52,h,NO
LUKE,9,5,t,NO
LUKE,9,7,x,NO
LUKE,9,22,q,NO
LUKE,9,22,s,NO
LUKE,9,23,v,NO
LUKE,9,26,a,NO
LUKE,9,26,z,NO
LUKE,9,28,f,NO
LUKE,9,35,o,NO
LUKE,9,43,z,NO
LUKE,9,49,h,NO
LUKE,9,51,l,NO
LUKE,10,16,t,NO
LUKE,10,19,a,NO
LUKE,10,21,g,NO
LUKE,10,21,h,NO
LUKE,10,21,i,NO
LUKE,10,21,j,NO
LUKE,10,25,q,NO
LUKE,10,25,r,NO
LUKE,11,2,j,NO
LUKE,11,2,k,NO
LUKE,11,2,l,NO
LUKE,11,9,t,NO
LUKE,11,22,j,NO
LUKE,11,22,k,NO
LUKE,11,28,t,NO
LUKE,11,29,w,NO
LUKE,11,31,a,NO
LUKE,11,32,a,NO
LUKE,11,32,c,NO
LUKE,11,42,q,NO
LUKE,11,42,r,NO
LUKE,11,42,s,NO
LUKE,11,48,b,NO
LUKE,11,49,e,NO
LUKE,11,49,f,NO
LUKE,11,49,g,NO
LUKE,11,50,j,NO
LUKE,11,51,j,NO
LUKE,11,52,p,NO
LUKE,11,52,q,NO
LUKE,12,1,v,NO
LUKE,12,1,w,NO
LUKE,12,9,g,NO
LUKE,12,10,l,NO
LUKE,12,11,p,NO
LUKE,12,11,q,NO
LUKE,12,20,c,NO
LUKE,12,20,d,NO
LUKE,12,31,q,NO
LUKE,12,32,t,NO
LUKE,12,32,u,NO
LUKE,12,33,x,NO
LUKE,12,33,y,NO
LUKE,12,47,v,NO
LUKE,12,47,w,NO
LUKE,12,48,z,NO
LUKE,13,14,b,NO
LUKE,13,21,l,NO
LUKE,13,25,t,NO
LUKE,13,33,e,NO
LUKE,13,34,h,NO
LUKE,13,34,i,NO
LUKE,13,34,j,NO
LUKE,13,34,k,NO
LUKE,13,34,l,NO
LUKE,13,34,m,NO
LUKE,14,26,p,NO
LUKE,15,2,c,NO
LUKE,15,4,g,NO
LUKE,15,20,x,NO
LUKE,15,22,a,NO
LUKE,16,8,n,NO
LUKE,16,14,v,NO
LUKE,16,15,y,NO
LUKE,16,16,b,NO
LUKE,16,23,j,NO
LUKE,16,24,o,NO
LUKE,17,1,w,NO
LUKE,17,3,a,NO
LUKE,17,6,g,NO
LUKE,18,7,x,NO
LUKE,18,7,y,NO
LUKE,18,7,z,NO
LUKE,18,9,e,NO
LUKE,18,13,l,NO
LUKE,18,13,m,NO
LUKE,18,30,i,NO
LUKE,18,31,l,NO
LUKE,18,32,o,NO
LUKE,19,8,k,NO
LUKE,19,22,v,NO
LUKE,19,29,f,NO
LUKE,19,29,g,NO
LUKE,19,38,o,NO
LUKE,19,43,x,NO
LUKE,19,44,a,NO
LUKE,19,44,b,NO
LUKE,20,9,q,NO
LUKE,20,9,r,NO
LUKE,20,11,u,NO
LUKE,20,16,b,NO
LUKE,20,20,k,NO
LUKE,20,20,l,NO
LUKE,20,20,m,NO
LUKE,20,35,d,NO
LUKE,20,36,g,NO
LUKE,20,36,h,NO
LUKE,20,36,i,NO
LUKE,20,37,l,NO
LUKE,21,1,a,NO
LUKE,21,8,k,NO
LUKE,21,8,l,NO
LUKE,21,11,s,NO
LUKE,21,11,t,NO
LUKE,21,12,x,NO
LUKE,21,12,y,NO
LUKE,21,12,z,NO
LUKE,21,15,e,NO
LUKE,21,22,n,NO
LUKE,21,24,s,NO
LUKE,21,25,v,NO
LUKE,21,34,i,NO
LUKE,21,34,j,NO
LUKE,21,36,m,NO
LUKE,21,36,n,NO
LUKE,21,37,q,NO
LUKE,22,3,w,NO
LUKE,22,19,k,NO
LUKE,22,20,m,NO
LUKE,22,37,l,NO
LUKE,22,39,q,NO
LUKE,22,40,t,NO
LUKE,22,40,u,NO
LUKE,22,42,y,NO
LUKE,22,53,h,NO
LUKE,22,61,p,NO
LUKE,22,66,w,NO
LUKE,23,2,f,NO
LUKE,23,3,j,NO
LUKE,23,8,p,NO
LUKE,23,11,s,NO
LUKE,23,14,x,NO
LUKE,23,22,f,NO
LUKE,23,34,t,NO
LUKE,23,35,a,NO
LUKE,23,35,b,NO
LUKE,23,35,w,NO
LUKE,23,35,x,NO
LUKE,23,35,y,NO
LUKE,23,35,z,NO
LUKE,23,39,j,NO
LUKE,23,46,q,NO
LUKE,23,46,r,NO
LUKE,23,49,x,NO
LUKE,24,7,p,NO
LUKE,24,26,m,NO
LUKE,24,27,p,NO
LUKE,24,37,f,NO
LUKE,24,46,p,NO
LUKE,24,47,s,NO
LUKE,24,47,t,NO
LUKE,24,49,x,NO
LUKE,24,49,y,NO
LUKE,24,52,d,NO
MALACHI,1,2,c,NO
MALACHI,1,2,d,NO
MALACHI,1,6,b,NO
MALACHI,1,6,i,NO
MALACHI,1,7,k,NO
MALACHI,1,14,w,NO
MALACHI,1,14,x,NO
MALACHI,2,2,c,NO
MALACHI,2,3,f,NO
MALACHI,2,10,t,NO
MALACHI,2,14,t,NO
MALACHI,2,14,z,NO
MALACHI,2,15,t,NO
MALACHI,2,17,e,NO
MALACHI,3,1,i,NO
MALACHI,3,1,j,NO
MALACHI,3,1,k,NO
MALACHI,3,5,s,NO
MALACHI,3,7,x,NO
MALACHI,3,10,c,NO
MALACHI,4,1,t,NO
MALACHI,4,1,u,NO
MALACHI,4,2,y,NO
MALACHI,4,2,z,NO
MALACHI,4,5,f,NO
MARK,1,4,h,NO
MARK,1,4,i,NO
MARK,1,4,j,NO
MARK,1,6,n,NO
MARK,1,10,v,NO
MARK,1,13,a,NO
MARK,1,13,b,NO
MARK,1,15,g,NO
MARK,1,24,p,NO
MARK,1,40,k,NO
MARK,1,44,o,NO
MARK,1,44,p,NO
MARK,1,45,s,NO
MARK,2,18,m,NO
MARK,3,5,i,NO
MARK,3,10,t,NO
MARK,3,11,w,NO
MARK,3,21,i,NO
MARK,4,11,h,NO
MARK,4,12,k,NO
MARK,4,14,n,NO
MARK,4,19,t,NO
MARK,4,33,j,NO
MARK,4,34,m,NO
MARK,5,7,a,NO
MARK,5,7,z,NO
MARK,5,35,s,NO
MARK,6,3,h,NO
MARK,6,3,i,NO
MARK,6,12,u,NO
MARK,6,37,s,NO
MARK,6,45,y,NO
MARK,6,45,z,NO
MARK,6,56,o,NO
MARK,7,5,r,NO
MARK,7,5,w,NO
MARK,7,22,p,NO
MARK,7,22,q,NO
MARK,7,22,r,NO
MARK,7,26,v,NO
MARK,8,11,v,NO
MARK,8,11,w,NO
MARK,8,15,c,NO
MARK,8,17,f,NO
MARK,8,23,m,NO
MARK,8,31,w,NO
MARK,8,31,y,NO
MARK,8,38,j,NO
MARK,8,38,k,NO
MARK,9,7,x,NO
MARK,9,9,a,NO
MARK,9,12,g,NO
MARK,9,12,h,NO
MARK,9,38,h,NO
MARK,9,42,m,NO
MARK,9,43,p,NO
MARK,9,50,x,NO
MARK,9,50,y,NO
MARK,10,17,w,NO
MARK,10,21,b,NO
MARK,10,21,c,NO
MARK,10,23,g,NO
MARK,10,24,g,NO
MARK,10,24,j,NO
MARK,10,30,r,NO
MARK,10,32,v,NO
MARK,10,33,y,NO
MARK,10,35,e,NO
MARK,10,38,k,NO
MARK,10,39,n,NO
MARK,10,45,w,NO
MARK,10,46,z,NO
MARK,11,1,k,NO
MARK,11,1,l,NO
MARK,11,10,s,NO
MARK,11,10,t,NO
MARK,11,15,c,NO
MARK,11,23,n,NO
MARK,11,23,o,NO
MARK,11,24,q,NO
MARK,11,25,t,NO
MARK,11,25,u,NO
MARK,12,1,d,NO
MARK,12,1,e,NO
MARK,12,1,f,NO
MARK,12,4,i,NO
MARK,12,4,j,NO
MARK,12,9,r,NO
MARK,12,10,u,NO
MARK,12,12,x,NO
MARK,12,13,a,NO
MARK,12,14,d,NO
MARK,12,14,e,NO
MARK,12,14,f,NO
MARK,12,15,i,NO
MARK,12,26,t,NO
MARK,12,33,d,NO
MARK,12,35,h,NO
MARK,12,36,k,NO
MARK,13,3,c,NO
MARK,13,3,d,NO
MARK,13,8,m,NO
MARK,13,8,n,NO
MARK,13,9,q,NO
MARK,13,9,r,NO
MARK,13,9,t,NO
MARK,13,11,x,NO
MARK,13,19,i,NO
MARK,13,19,j,NO
MARK,13,22,p,NO
MARK,13,22,q,NO
MARK,13,27,a,NO
MARK,13,27,b,NO
MARK,13,27,c,NO
MARK,13,27,d,NO
MARK,13,32,k,NO
MARK,13,34,p,NO
MARK,13,34,q,NO
MARK,13,35,u,NO
MARK,14,7,h,NO
MARK,14,12,r,NO
MARK,14,21,c,NO
MARK,14,22,f,NO
MARK,14,26,l,NO
MARK,14,36,b,NO
MARK,14,36,c,NO
MARK,14,38,e,NO
MARK,14,41,k,NO
MARK,14,49,s,NO
MARK,14,54,a,NO
MARK,14,54,b,NO
MARK,14,54,y,NO
MARK,14,58,g,NO
MARK,14,58,h,NO
MARK,14,61,k,NO
MARK,14,61,l,NO
MARK,14,64,r,NO
MARK,14,65,u,NO
MARK,14,65,v,NO
MARK,14,72,b,NO
MARK,15,1,e,NO
MARK,15,1,f,NO
MARK,15,1,g,NO
MARK,15,1,h,NO
MARK,15,2,k,NO
MARK,15,16,v,NO
MARK,15,20,c,NO
MARK,15,29,n,NO
MARK,15,29,o,NO
MARK,15,32,t,NO
MARK,15,32,u,NO
MARK,15,40,g,NO
MARK,15,40,i,NO
MARK,15,46,r,NO
MARK,15,46,s,NO
MARK,16,1,i,NO
MARK,16,1,w,NO
MARK,16,1,x,NO
MARK,16,5,c,NO
MARK,16,5,d,NO
MARK,16,12,n,NO
MARK,16,14,q,NO
MARK,16,14,r,NO
MARK,16,14,s,NO
MARK,16,15,v,NO
MARK,16,16,y,NO
MARK,16,16,z,NO
MARK,16,18,f,NO
MARK,16,19,i,NO
MARK,16,20,l,NO
MATTHEW,1,1,c,NO
MATTHEW,1,2,f,NO
MATTHEW,1,6,k,NO
MATTHEW,1,12,r,NO
MATTHEW,1,23,f,NO
MATTHEW,2,1,j,NO
MATTHEW,2,1,k,NO
MATTHEW,2,2,n,NO
MATTHEW,2,11,t,NO
MATTHEW,2,11,u,NO
MATTHEW,3,1,j,NO
MATTHEW,3,4,q,NO
MATTHEW,3,7,u,NO
MATTHEW,3,7,v,NO
MATTHEW,3,11,d,NO
MATTHEW,3,11,e,NO
MATTHEW,3,11,f,NO
MATTHEW,3,12,i,NO
MATTHEW,3,12,j,NO
MATTHEW,4,3,y,NO
MATTHEW,4,7,g,NO
MATTHEW,4,10,k,NO
MATTHEW,4,10,l,NO
MATTHEW,4,13,r,NO
MATTHEW,4,13,s,NO
MATTHEW,4,23,f,NO
MATTHEW,4,23,g,NO
MATTHEW,4,24,i,NO
MATTHEW,4,24,j,NO
MATTHEW,4,24,k,NO
MATTHEW,4,24,l,NO
MATTHEW,5,3,u,NO
MATTHEW,5,9,e,NO
MATTHEW,5,17,r,NO
MATTHEW,5,19,v,NO
MATTHEW,5,22,c,NO
MATTHEW,5,29,m,NO
MATTHEW,5,30,m,NO
MATTHEW,5,33,r,NO
MATTHEW,5,39,b,NO
MATTHEW,5,48,q,NO
MATTHEW,6,2,v,NO
MATTHEW,6,7,d,NO
MATTHEW,6,9,h,NO
MATTHEW,6,9,i,NO
MATTHEW,6,10,l,NO
MATTHEW,6,13,q,NO
MATTHEW,6,19,z,NO
MATTHEW,6,33,p,NO
MATTHEW,7,6,x,NO
MATTHEW,7,7,a,NO
MATTHEW,7,21,q,NO
MATTHEW,7,21,r,NO
MATTHEW,7,22,u,NO
MATTHEW,7,22,v,NO
MATTHEW,7,23,x,NO
MATTHEW,7,23,y,NO
MATTHEW,8,4,i,NO
MATTHEW,8,4,j,NO
MATTHEW,8,12,r,NO
MATTHEW,8,26,k,NO
MATTHEW,8,29,s,NO
MATTHEW,9,2,y,NO
MATTHEW,9,2,z,NO
MATTHEW,9,13,l,NO
MATTHEW,9,14,o,NO
MATTHEW,9,15,r,NO
MATTHEW,9,36,q,NO
MATTHEW,10,2,x,NO
MATTHEW,10,6,c,NO
MATTHEW,10,16,q,NO
MATTHEW,10,19,v,NO
MATTHEW,10,19,w,NO
MATTHEW,10,23,e,NO
MATTHEW,11,2,g,NO
MATTHEW,11,2,h,NO
MATTHEW,11,19,y,NO
MATTHEW,11,22,b,NO
MATTHEW,11,24,d,NO
MATTHEW,11,25,k,NO
MATTHEW,11,27,o,NO
MATTHEW,11,28,r,NO
MATTHEW,11,29,u,NO
MATTHEW,12,18,u,NO
MATTHEW,12,32,j,NO
MATTHEW,12,32,m,NO
MATTHEW,12,34,r,NO
MATTHEW,12,36,u,NO
MATTHEW,12,41,d,NO
MATTHEW,12,41,e,NO
MATTHEW,13,15,g,NO
MATTHEW,13,19,n,NO
MATTHEW,13,22,t,NO
MATTHEW,13,23,v,NO
MATTHEW,13,33,d,NO
MATTHEW,13,35,h,NO
MATTHEW,13,41,r,NO
MATTHEW,13,43,w,NO
MATTHEW,13,44,z,NO
MATTHEW,13,46,z,NO
MATTHEW,13,52,k,NO
MATTHEW,13,54,n,NO
MATTHEW,13,54,o,NO
MATTHEW,13,55,r,NO
MATTHEW,14,33,x,NO
MATTHEW,14,33,y,NO
MATTHEW,15,2,j,NO
MATTHEW,15,19,d,NO
MATTHEW,15,28,q,NO
MATTHEW,15,29,t,NO
MATTHEW,15,31,x,NO
MATTHEW,15,31,y,NO
MATTHEW,16,1,h,NO
MATTHEW,16,1,i,NO
MATTHEW,16,16,c,NO
MATTHEW,16,16,d,NO
MATTHEW,16,17,g,NO
MATTHEW,16,17,h,NO
MATTHEW,16,18,l,NO
MATTHEW,16,21,r,NO
MATTHEW,16,21,s,NO
MATTHEW,16,23,v,NO
MATTHEW,16,27,c,NO
MATTHEW,16,28,f,NO
MATTHEW,17,2,k,NO
MATTHEW,17,5,o,NO
MATTHEW,17,20,k,NO
MATTHEW,17,20,l,NO
MATTHEW,18,3,w,NO
MATTHEW,18,7,d,NO
MATTHEW,18,10,i,NO
MATTHEW,18,15,o,NO
MATTHEW,18,17,s,NO
MATTHEW,18,25,f,NO
MATTHEW,19,1,p,NO
MATTHEW,19,11,c,NO
MATTHEW,19,16,k,NO
MATTHEW,19,21,r,NO
MATTHEW,19,28,b,NO
MATTHEW,20,19,u,NO
MATTHEW,20,23,f,NO
MATTHEW,20,23,g,NO
MATTHEW,20,28,m,NO
MATTHEW,21,1,s,NO
MATTHEW,21,9,a,NO
MATTHEW,21,9,z,NO
MATTHEW,21,12,g,NO
MATTHEW,21,16,n,NO
MATTHEW,21,17,q,NO
MATTHEW,21,21,w,NO
MATTHEW,21,21,x,NO
MATTHEW,21,23,b,NO
MATTHEW,21,25,e,NO
MATTHEW,21,31,m,NO
MATTHEW,21,32,j,NO
MATTHEW,21,32,p,NO
MATTHEW,21,33,s,NO
MATTHEW,21,33,t,NO
MATTHEW,21,33,u,NO
MATTHEW,21,46,n,NO
MATTHEW,22,4,u,NO
MATTHEW,22,16,k,NO
MATTHEW,22,16,m,NO
MATTHEW,22,35,f,NO
MATTHEW,23,5,a,NO
MATTHEW,23,5,b,NO
MATTHEW,23,7,f,NO
MATTHEW,23,13,p,NO
MATTHEW,23,15,s,NO
MATTHEW,23,16,v,NO
MATTHEW,23,22,c,NO
MATTHEW,23,23,f,NO
MATTHEW,23,23,g,NO
MATTHEW,23,23,h,NO
MATTHEW,23,25,l,NO
MATTHEW,23,25,m,NO
MATTHEW,23,27,p,NO
MATTHEW,23,34,a,NO
MATTHEW,23,34,b,NO
MATTHEW,23,34,c,NO
MATTHEW,23,34,z,NO
MATTHEW,23,35,h,NO
MATTHEW,23,35,i,NO
MATTHEW,23,37,m,NO
MATTHEW,23,37,n,NO
MATTHEW,23,37,p,NO
MATTHEW,23,37,q,NO
MATTHEW,24,3,x,NO
MATTHEW,24,3,y,NO
MATTHEW,24,3,z,NO
MATTHEW,24,7,h,NO
MATTHEW,24,9,l,NO
MATTHEW,24,9,m,NO
MATTHEW,24,14,u,NO
MATTHEW,24,14,v,NO
MATTHEW,24,15,y,NO
MATTHEW,24,24,i,NO
MATTHEW,24,29,q,NO
MATTHEW,24,30,t,NO
MATTHEW,24,30,v,NO
MATTHEW,24,31,a,NO
MATTHEW,24,31,b,NO
MATTHEW,24,31,y,NO
MATTHEW,24,31,z,NO
MATTHEW,24,36,i,NO
MATTHEW,24,38,m,NO
MATTHEW,25,10,k,NO
MATTHEW,25,14,r,NO
MATTHEW,25,15,r,NO
MATTHEW,25,21,a,NO
MATTHEW,25,21,z,NO
MATTHEW,25,32,m,NO
MATTHEW,25,32,n,NO
MATTHEW,25,34,q,NO
MATTHEW,25,34,s,NO
MATTHEW,25,34,t,NO
MATTHEW,25,34,u,NO
MATTHEW,25,36,a,NO
MATTHEW,25,36,z,NO
MATTHEW,25,40,d,NO
MATTHEW,25,41,g,NO
MATTHEW,25,41,h,NO
MATTHEW,26,2,p,NO
MATTHEW,26,3,s,NO
MATTHEW,26,24,s,NO
MATTHEW,26,26,x,NO
MATTHEW,26,28,a,NO
MATTHEW,26,28,b,NO
MATTHEW,26,30,f,NO
MATTHEW,26,39,t,NO
MATTHEW,26,41,v,NO
MATTHEW,26,53,k,NO
MATTHEW,26,57,r,NO
MATTHEW,26,58,t,NO
MATTHEW,26,63,b,NO
MATTHEW,26,63,c,NO
MATTHEW,26,63,d,NO
MATTHEW,26,63,e,NO
MATTHEW,26,63,f,NO
MATTHEW,26,64,i,NO
MATTHEW,26,67,o,NO
MATTHEW,27,2,a,NO
MATTHEW,27,3,d,NO
MATTHEW,27,11,n,NO
MATTHEW,27,19,v,NO
MATTHEW,27,24,b,NO
MATTHEW,27,24,c,NO
MATTHEW,27,27,i,NO
MATTHEW,27,39,a,NO
MATTHEW,27,40,d,NO
MATTHEW,27,42,g,NO
MATTHEW,27,54,w,NO
MATTHEW,27,55,z,NO
MATTHEW,27,60,e,NO
MATTHEW,28,9,x,NO
MATTHEW,28,19,l,NO
MATTHEW,28,19,m,NO
MATTHEW,28,19,n,NO
MATTHEW,28,20,q,NO
MATTHEW,28,20,r,NO
MICAH,1,1,c,NO
MICAH,1,1,d,NO
MICAH,1,2,g,NO
MICAH,1,3,k,NO
MICAH,1,5,d,NO
MICAH,1,5,o,NO
MICAH,1,6,q,NO
MICAH,1,6,r,NO
MICAH,1,8,w,NO
MICAH,1,8,x,NO
MICAH,1,10,b,NO
MICAH,1,15,j,NO
MICAH,2,3,q,NO
MICAH,2,4,t,NO
MICAH,2,6,x,NO
MICAH,2,10,b,NO
MICAH,2,12,h,NO
MICAH,2,13,k,NO
MICAH,3,7,y,NO
MICAH,3,11,g,NO
MICAH,3,11,i,NO
MICAH,3,11,j,NO
MICAH,3,12,m,NO
MICAH,3,12,n,NO
MICAH,4,4,s,NO
MICAH,4,6,x,NO
MICAH,4,7,a,NO
MICAH,4,9,d,NO
MICAH,4,10,g,NO
MICAH,4,10,h,NO
MICAH,4,13,o,NO
MICAH,5,2,s,NO
MICAH,5,2,t,NO
MICAH,5,2,u,NO
MICAH,5,4,z,NO
MICAH,5,5,c,NO
MICAH,5,13,n,NO
MICAH,6,4,x,NO
MICAH,6,5,a,NO
MICAH,6,12,m,NO
MICAH,6,16,s,NO
MICAH,6,16,t,NO
MICAH,7,2,y,NO
MICAH,7,3,c,NO
MICAH,7,8,n,NO
MICAH,7,8,o,NO
MICAH,7,9,r,NO
MICAH,7,10,u,NO
MICAH,7,10,v,NO
MICAH,7,12,a,NO
MICAH,7,14,e,NO
MICAH,7,14,f,NO
MICAH,7,17,l,NO
MICAH,7,18,o,NO
MICAH,7,19,r,NO
NAHUM,1,2,e,NO
NAHUM,1,3,h,NO
NAHUM,1,3,i,NO
NAHUM,1,4,l,NO
NAHUM,1,5,o,NO
NAHUM,1,6,r,NO
NAHUM,1,7,u,NO
NAHUM,1,14,h,NO
NAHUM,1,14,i,NO
NAHUM,1,15,l,NO
NAHUM,1,15,m,NO
NAHUM,1,15,n,NO
NAHUM,2,10,f,NO
NAHUM,2,10,h,NO
NAHUM,2,13,o,NO
NAHUM,3,2,t,NO
NAHUM,3,5,z,NO
NAHUM,3,7,e,NO
NAHUM,3,7,f,NO
NAHUM,3,8,i,NO
NAHUM,3,9,l,NO
NAHUM,3,10,o,NO
NAHUM,3,10,p,NO
NAHUM,3,17,a,NO
NAHUM,3,18,d,NO
NAHUM,3,19,g,NO
NEHEMIAH,1,1,c,NO
NEHEMIAH,1,1,d,NO
NEHEMIAH,1,3,h,NO
NEHEMIAH,1,9,t,NO
NEHEMIAH,2,1,y,NO
NEHEMIAH,2,13,o,NO
NEHEMIAH,2,19,z,NO
NEHEMIAH,3,1,d,NO
NEHEMIAH,3,1,e,NO
NEHEMIAH,3,3,d,NO
NEHEMIAH,3,6,d,NO
NEHEMIAH,3,13,t,NO
NEHEMIAH,3,14,s,NO
NEHEMIAH,3,15,w,NO
NEHEMIAH,3,15,x,NO
NEHEMIAH,3,15,y,NO
NEHEMIAH,3,26,j,NO
NEHEMIAH,4,14,z,NO
NEHEMIAH,5,12,q,NO
NEHEMIAH,5,14,v,NO
NEHEMIAH,6,1,c,NO
NEHEMIAH,7,2,q,NO
NEHEMIAH,8,6,a,NO
NEHEMIAH,8,7,d,NO
NEHEMIAH,8,9,g,NO
NEHEMIAH,8,9,h,NO
NEHEMIAH,8,15,n,NO
NEHEMIAH,8,16,q,NO
NEHEMIAH,9,1,x,NO
NEHEMIAH,9,1,y,NO
NEHEMIAH,9,6,f,NO
NEHEMIAH,9,6,g,NO
NEHEMIAH,9,6,h,NO
NEHEMIAH,9,7,k,NO
NEHEMIAH,9,8,n,NO
NEHEMIAH,9,10,t,NO
NEHEMIAH,9,13,z,NO
NEHEMIAH,9,15,d,NO
NEHEMIAH,9,25,v,NO
NEHEMIAH,9,25,w,NO
NEHEMIAH,9,26,a,NO
NEHEMIAH,9,26,b,NO
NEHEMIAH,9,26,c,NO
NEHEMIAH,9,27,f,NO
NEHEMIAH,9,29,j,NO
NEHEMIAH,9,29,l,NO
NEHEMIAH,9,30,o,NO
NEHEMIAH,9,30,p,NO
NEHEMIAH,9,30,q,NO
NEHEMIAH,9,31,t,NO
NEHEMIAH,10,1,g,NO
NEHEMIAH,10,31,t,NO
NEHEMIAH,10,34,z,NO
NEHEMIAH,11,1,j,NO
NEHEMIAH,11,3,n,NO
NEHEMIAH,12,1,d,NO
NEHEMIAH,12,24,l,NO
NEHEMIAH,12,24,m,NO
NEHEMIAH,12,24,n,NO
NEHEMIAH,12,37,a,NO
NEHEMIAH,12,38,d,NO
NEHEMIAH,12,39,g,NO
NEHEMIAH,12,39,h,NO
NEHEMIAH,12,39,i,NO
NEHEMIAH,12,39,j,NO
NEHEMIAH,12,47,q,NO
NEHEMIAH,13,4,x,NO
NEHEMIAH,13,15,n,NO
NEHEMIAH,13,23,x,NO
NEHEMIAH,13,26,b,NO
NEHEMIAH,13,28,f,NO
NEHEMIAH,13,31,l,NO
NUMBERS,3,25,a,NO
NUMBERS,3,25,y,NO
NUMBERS,3,25,z,NO
NUMBERS,3,26,d,NO
NUMBERS,3,31,i,NO
NUMBERS,3,31,j,NO
NUMBERS,3,36,n,NO
NUMBERS,3,36,o,NO
NUMBERS,3,37,r,NO
NUMBERS,4,16,q,NO
NUMBERS,4,16,r,NO
NUMBERS,4,25,y,NO
NUMBERS,5,2,k,NO
NUMBERS,6,15,t,NO
NUMBERS,8,19,y,NO
NUMBERS,9,12,n,NO
NUMBERS,10,9,d,NO
NUMBERS,10,9,h,NO
NUMBERS,10,10,k,NO
NUMBERS,10,12,o,NO
NUMBERS,10,25,g,NO
NUMBERS,10,29,m,NO
NUMBERS,11,1,v,NO
NUMBERS,11,4,b,NO
NUMBERS,11,17,s,NO
NUMBERS,12,8,x,NO
NUMBERS,13,22,s,NO
NUMBERS,13,22,t,NO
NUMBERS,14,9,v,NO
NUMBERS,14,33,f,NO
NUMBERS,15,3,a,NO
NUMBERS,15,3,b,NO
NUMBERS,15,4,e,NO
NUMBERS,15,24,s,NO
NUMBERS,16,3,m,NO
NUMBERS,16,5,q,NO
NUMBERS,16,5,r,NO
NUMBERS,16,13,z,NO
NUMBERS,16,22,k,NO
NUMBERS,17,10,o,NO
NUMBERS,18,3,w,NO
NUMBERS,18,7,e,NO
NUMBERS,19,9,v,NO
NUMBERS,19,19,h,NO
NUMBERS,20,14,c,NO
NUMBERS,20,15,f,NO
NUMBERS,21,5,e,NO
NUMBERS,21,28,n,NO
NUMBERS,23,7,q,NO
NUMBERS,23,9,u,NO
NUMBERS,24,7,b,NO
NUMBERS,24,8,e,NO
NUMBERS,24,8,f,NO
NUMBERS,24,17,u,NO
NUMBERS,24,24,c,NO
NUMBERS,25,4,j,NO
NUMBERS,26,29,w,NO
NUMBERS,26,62,s,NO
NUMBERS,27,3,a,NO
NUMBERS,27,14,l,NO
NUMBERS,27,18,r,NO
NUMBERS,28,5,a,NO
NUMBERS,30,2,i,NO
NUMBERS,31,8,u,NO
NUMBERS,31,16,c,NO
NUMBERS,31,16,d,NO
NUMBERS,32,3,y,NO
NUMBERS,32,34,a,NO
NUMBERS,32,38,c,NO
NUMBERS,32,38,h,NO
NUMBERS,33,3,o,NO
PHILIPPIANS,1,1,c,NO
PHILIPPIANS,1,6,j,NO
PHILIPPIANS,1,7,m,NO
PHILIPPIANS,1,7,n,NO
PHILIPPIANS,1,11,w,NO
PHILIPPIANS,1,19,h,NO
PHILIPPIANS,1,20,k,NO
PHILIPPIANS,1,20,l,NO
PHILIPPIANS,1,23,p,NO
PHILIPPIANS,1,25,s,NO
PHILIPPIANS,1,25,t,NO
PHILIPPIANS,1,27,x,NO
PHILIPPIANS,1,27,y,NO
PHILIPPIANS,1,27,z,NO
PHILIPPIANS,2,1,h,NO
PHILIPPIANS,2,3,m,NO
PHILIPPIANS,2,6,r,NO
PHILIPPIANS,2,9,a,NO
PHILIPPIANS,2,15,n,NO
PHILIPPIANS,2,15,o,NO
PHILIPPIANS,2,15,p,NO
PHILIPPIANS,2,16,s,NO
PHILIPPIANS,2,16,t,NO
PHILIPPIANS,2,22,b,NO
PHILIPPIANS,2,25,f,NO
PHILIPPIANS,3,3,q,NO
PHILIPPIANS,3,3,r,NO
PHILIPPIANS,3,5,v,NO
PHILIPPIANS,3,5,w,NO
PHILIPPIANS,3,6,z,NO
PHILIPPIANS,3,10,j,NO
PHILIPPIANS,3,15,s,NO
PHILIPPIANS,3,19,b,NO
PHILIPPIANS,3,20,e,NO
PHILIPPIANS,3,21,h,NO
PHILIPPIANS,3,21,i,NO
PHILIPPIANS,4,1,l,NO
PHILIPPIANS,4,1,m,NO
PHILIPPIANS,4,6,t,NO
PHILIPPIANS,4,18,l,NO
PROVERBS,1,19,x,NO
PROVERBS,1,22,c,NO
PROVERBS,1,24,g,NO
PROVERBS,2,15,o,NO
PROVERBS,2,16,r,NO
PROVERBS,3,3,e,NO
PROVERBS,3,34,e,NO
PROVERBS,4,4,m,NO
PROVERBS,4,10,u,NO
PROVERBS,4,18,f,NO
PROVERBS,4,18,g,NO
PROVERBS,4,19,j,NO
PROVERBS,5,4,e,NO
PROVERBS,5,4,f,NO
PROVERBS,5,18,t,NO
PROVERBS,6,6,l,NO
PROVERBS,6,6,m,NO
PROVERBS,6,14,a,NO
PROVERBS,6,17,g,NO
PROVERBS,6,19,a,NO
PROVERBS,6,26,x,NO
PROVERBS,7,11,v,NO
PROVERBS,8,5,t,NO
PROVERBS,8,13,f,NO
PROVERBS,8,13,g,NO
PROVERBS,8,14,j,NO
PROVERBS,8,19,r,NO
PROVERBS,8,29,g,NO
PROVERBS,8,35,r,NO
PROVERBS,8,36,u,NO
PROVERBS,9,1,x,NO
PROVERBS,9,2,a,NO
PROVERBS,9,3,d,NO
PROVERBS,9,5,z,NO
PROVERBS,9,6,k,NO
PROVERBS,9,13,v,NO
PROVERBS,10,1,e,NO
PROVERBS,10,11,n,NO
PROVERBS,10,24,n,NO
PROVERBS,11,20,c,NO
PROVERBS,11,21,g,NO
PROVERBS,11,25,n,NO
PROVERBS,11,26,q,NO
PROVERBS,12,4,f,NO
PROVERBS,12,4,g,NO
PROVERBS,12,7,m,NO
PROVERBS,12,11,r,NO
PROVERBS,12,11,s,NO
PROVERBS,12,22,j,NO
PROVERBS,13,3,v,NO
PROVERBS,13,13,l,NO
PROVERBS,13,18,v,NO
PROVERBS,14,1,g,NO
PROVERBS,14,6,p,NO
PROVERBS,14,26,o,NO
PROVERBS,14,30,v,NO
PROVERBS,15,4,j,NO
PROVERBS,15,5,m,NO
PROVERBS,15,13,y,NO
PROVERBS,15,18,g,NO
PROVERBS,15,19,j,NO
PROVERBS,15,25,s,NO
PROVERBS,15,32,i,NO
PROVERBS,16,6,v,NO
PROVERBS,16,15,h,NO
PROVERBS,16,16,k,NO
PROVERBS,16,24,w,NO
PROVERBS,16,28,c,NO
PROVERBS,16,31,i,NO
PROVERBS,17,5,t,NO
PROVERBS,17,25,u,NO
PROVERBS,18,22,w,NO
PROVERBS,18,22,x,NO
PROVERBS,19,12,s,NO
PROVERBS,19,13,v,NO
PROVERBS,19,15,a,NO
PROVERBS,19,17,e,NO
PROVERBS,19,21,k,NO
PROVERBS,19,25,s,NO
PROVERBS,19,25,t,NO
PROVERBS,20,1,a,NO
PROVERBS,20,13,u,NO
PROVERBS,20,18,d,NO
PROVERBS,20,27,t,NO
PROVERBS,21,5,g,NO
PROVERBS,21,6,j,NO
PROVERBS,21,6,k,NO
PROVERBS,21,23,e,NO
PROVERBS,22,10,e,NO
PROVERBS,22,11,h,NO
PROVERBS,22,14,m,NO
PROVERBS,22,17,r,NO
PROVERBS,22,22,w,NO
PROVERBS,23,6,i,NO
PROVERBS,23,27,j,NO
PROVERBS,23,29,n,NO
PROVERBS,24,12,m,NO
PROVERBS,24,12,n,NO
PROVERBS,24,16,u,NO
PROVERBS,26,1,w,NO
PROVERBS,27,11,l,NO
PROVERBS,27,11,m,NO
PROVERBS,27,20,v,NO
PROVERBS,28,8,p,NO
PROVERBS,28,15,d,NO
PROVERBS,28,22,o,NO
PROVERBS,29,3,g,NO
PROVERBS,29,18,b,NO
PROVERBS,30,4,q,NO
PROVERBS,30,4,r,NO
PROVERBS,30,4,s,NO
PROVERBS,30,9,b,NO
PROVERBS,30,14,j,NO
PROVERBS,30,17,p,NO
PROVERBS,31,4,l,NO
PROVERBS,31,9,t,NO
PROVERBS,31,22,f,NO
PSALM,1,1,c,NO
PSALM,1,1,d,NO
PSALM,1,1,e,NO
PSALM,1,1,f,NO
PSALM,1,3,l,NO
PSALM,2,6,a,NO
PSALM,2,9,f,NO
PSALM,2,11,i,NO
PSALM,2,12,l,NO
PSALM,2,12,m,NO
PSALM,3,1,p,NO
PSALM,3,3,t,NO
PSALM,3,4,w,NO
PSALM,3,7,c,NO
PSALM,4,1,g,NO
PSALM,4,4,m,NO
PSALM,5,5,b,NO
PSALM,5,7,g,NO
PSALM,5,9,l,NO
PSALM,5,9,m,NO
PSALM,5,11,r,NO
PSALM,5,12,u,NO
PSALM,6,1,x,NO
PSALM,7,1,n,NO
PSALM,7,6,x,NO
PSALM,7,12,i,NO
PSALM,8,1,r,NO
PSALM,8,2,u,NO
PSALM,8,3,x,NO
PSALM,8,4,a,NO
PSALM,8,4,b,NO
PSALM,9,2,j,NO
PSALM,9,9,s,NO
PSALM,10,1,m,NO
PSALM,10,3,q,NO
PSALM,10,7,a,NO
PSALM,10,7,b,NO
PSALM,10,7,y,NO
PSALM,10,7,z,NO
PSALM,10,9,f,NO
PSALM,10,9,g,NO
PSALM,10,12,l,NO
PSALM,10,14,q,NO
PSALM,10,18,y,NO
PSALM,11,4,f,NO
PSALM,12,2,p,NO
PSALM,12,5,t,NO
PSALM,13,1,x,NO
PSALM,13,3,b,NO
PSALM,14,1,i,NO
PSALM,14,1,j,NO
PSALM,14,1,k,NO
PSALM,14,4,q,NO
PSALM,15,1,w,NO
PSALM,15,2,z,NO
PSALM,15,5,g,NO
PSALM,16,5,o,NO
PSALM,16,7,s,NO
PSALM,16,8,v,NO
PSALM,16,8,w,NO
PSALM,16,10,a,NO
PSALM,16,10,b,NO
PSALM,16,11,e,NO
PSALM,17,3,k,NO
PSALM,17,14,b,NO
PSALM,18,2,k,NO
PSALM,18,2,l,NO
PSALM,18,2,m,NO
PSALM,18,2,n,NO
PSALM,18,9,x,NO
PSALM,18,15,j,NO
PSALM,18,16,m,NO
PSALM,18,30,e,NO
PSALM,18,30,f,NO
PSALM,18,43,w,NO
PSALM,18,50,h,NO
PSALM,19,4,l,NO
PSALM,19,7,q,NO
PSALM,19,7,r,NO
PSALM,19,7,s,NO
PSALM,19,7,t,NO
PSALM,19,8,w,NO
PSALM,19,10,a,NO
PSALM,19,10,b,NO
PSALM,19,12,f,NO
PSALM,19,13,i,NO
PSALM,20,1,n,NO
PSALM,20,7,x,NO
PSALM,21,3,e,NO
PSALM,21,9,o,NO
PSALM,22,1,w,NO
PSALM,22,3,a,NO
PSALM,22,6,f,NO
PSALM,22,8,k,NO
PSALM,22,14,u,NO
PSALM,22,14,v,NO
PSALM,22,16,a,NO
PSALM,22,24,n,NO
PSALM,22,25,q,NO
PSALM,22,26,t,NO
PSALM,22,29,z,NO
PSALM,23,3,i,NO
PSALM,23,3,j,NO
PSALM,23,4,m,NO
PSALM,23,4,n,NO
PSALM,23,4,o,NO
PSALM,23,5,r,NO
PSALM,23,5,s,NO
PSALM,24,4,d,NO
PSALM,24,4,e,NO
PSALM,24,5,h,NO
PSALM,25,2,r,NO
PSALM,25,3,u,NO
PSALM,25,13,i,NO
PSALM,26,1,s,NO
PSALM,27,1,j,NO
PSALM,27,4,o,NO
PSALM,27,6,t,NO
PSALM,27,12,e,NO
PSALM,28,1,l,NO
PSALM,28,2,o,NO
PSALM,28,7,x,NO
PSALM,28,9,b,NO
PSALM,29,6,k,NO
PSALM,30,1,t,NO
PSALM,30,5,c,NO
PSALM,30,5,d,NO
PSALM,30,7,i,NO
PSALM,31,1,q,NO
PSALM,31,4,x,NO
PSALM,31,6,c,NO
PSALM,31,11,l,NO
PSALM,32,6,u,NO
PSALM,32,7,x,NO
PSALM,32,11,g,NO
PSALM,33,6,r,NO
PSALM,33,20,k,NO
PSALM,34,1,p,NO
PSALM,34,8,b,NO
PSALM,35,4,d,NO
PSALM,35,7,i,NO
PSALM,35,13,s,NO
PSALM,35,13,t,NO
PSALM,35,19,d,NO
PSALM,35,19,e,NO
PSALM,35,22,j,NO
PSALM,35,26,s,NO
PSALM,35,27,v,NO
PSALM,36,4,e,NO
PSALM,36,4,f,NO
PSALM,36,6,i,NO
PSALM,36,8,n,NO
PSALM,37,2,y,NO
PSALM,37,7,i,NO
PSALM,37,28,s,NO
PSALM,37,40,k,NO
PSALM,38,6,u,NO
PSALM,38,11,a,NO
PSALM,38,11,b,NO
PSALM,38,12,e,NO
PSALM,38,16,k,NO
PSALM,38,20,r,NO
PSALM,39,1,x,NO
PSALM,39,1,y,NO
PSALM,39,11,n,NO
PSALM,39,11,o,NO
PSALM,39,13,t,NO
PSALM,40,2,y,NO
PSALM,40,2,z,NO
PSALM,40,5,g,NO
PSALM,40,9,o,NO
PSALM,40,12,s,NO
PSALM,40,12,t,NO
PSALM,40,13,x,NO
PSALM,41,12,p,NO
PSALM,41,12,q,NO
PSALM,42,2,w,NO
PSALM,42,4,c,NO
PSALM,42,6,i,NO
PSALM,43,1,t,NO
PSALM,43,2,w,NO
PSALM,43,3,z,NO
PSALM,44,1,e,NO
PSALM,44,2,h,NO
PSALM,44,3,k,NO
PSALM,44,19,j,NO
PSALM,45,3,b,NO
PSALM,45,3,c,NO
PSALM,45,7,j,NO
PSALM,45,7,k,NO
PSALM,45,7,l,NO
PSALM,45,12,u,NO
PSALM,46,1,c,NO
PSALM,46,1,d,NO
PSALM,46,1,e,NO
PSALM,46,4,k,NO
PSALM,46,6,o,NO
PSALM,46,9,t,NO
PSALM,47,1,y,NO
PSALM,48,1,m,NO
PSALM,48,1,n,NO
PSALM,48,2,q,NO
PSALM,48,7,w,NO
PSALM,49,7,q,NO
PSALM,49,10,v,NO
PSALM,49,11,y,NO
PSALM,49,14,e,NO
PSALM,50,1,p,NO
PSALM,50,15,h,NO
PSALM,50,21,p,NO
PSALM,50,23,u,NO
PSALM,51,1,x,NO
PSALM,51,1,y,NO
PSALM,51,4,e,NO
PSALM,51,7,i,NO
PSALM,51,10,o,NO
PSALM,51,14,u,NO
PSALM,51,14,v,NO
PSALM,52,2,f,NO
PSALM,54,1,v,NO
PSALM,54,3,z,NO
PSALM,55,17,a,NO
PSALM,55,21,h,NO
PSALM,55,23,m,NO
PSALM,55,23,n,NO
PSALM,55,23,o,NO
PSALM,56,1,r,NO
PSALM,56,1,s,NO
PSALM,56,6,x,NO
PSALM,56,13,h,NO
PSALM,57,1,l,NO
PSALM,57,1,m,NO
PSALM,57,1,n,NO
PSALM,57,1,o,NO
PSALM,57,3,s,NO
PSALM,57,3,t,NO
PSALM,57,4,w,NO
PSALM,57,6,a,NO
PSALM,57,8,f,NO
PSALM,59,1,a,NO
PSALM,59,1,b,NO
PSALM,59,1,c,NO
PSALM,59,3,h,NO
PSALM,59,7,n,NO
PSALM,59,10,s,NO
PSALM,59,13,y,NO
PSALM,59,16,d,NO
PSALM,60,1,j,NO
PSALM,60,1,k,NO
PSALM,60,1,l,NO
PSALM,60,3,p,NO
PSALM,60,6,w,NO
PSALM,60,6,x,NO
PSALM,60,7,a,NO
PSALM,60,7,b,NO
PSALM,60,8,e,NO
PSALM,62,1,z,NO
PSALM,62,2,c,NO
PSALM,62,8,h,NO
PSALM,63,1,u,NO
PSALM,63,1,v,NO
PSALM,63,4,a,NO
PSALM,63,11,k,NO
PSALM,63,11,l,NO
PSALM,64,5,u,NO
PSALM,64,8,z,NO
PSALM,64,10,d,NO
PSALM,65,4,m,NO
PSALM,65,9,u,NO
PSALM,67,1,x,NO
PSALM,68,4,l,NO
PSALM,68,4,m,NO
PSALM,68,4,n,NO
PSALM,68,6,s,NO
PSALM,68,6,t,NO
PSALM,68,18,l,NO
PSALM,68,18,m,NO
PSALM,68,25,w,NO
PSALM,68,30,f,NO
PSALM,68,31,i,NO
PSALM,68,33,m,NO
PSALM,68,34,p,NO
PSALM,68,35,s,NO
PSALM,69,3,a,NO
PSALM,69,3,z,NO
PSALM,69,4,d,NO
PSALM,69,4,e,NO
PSALM,69,14,s,NO
PSALM,69,16,x,NO
PSALM,69,17,a,NO
PSALM,69,20,d,NO
PSALM,69,20,e,NO
PSALM,69,20,f,NO
PSALM,69,22,k,NO
PSALM,69,26,q,NO
PSALM,69,30,x,NO
PSALM,71,3,l,NO
PSALM,71,13,z,NO
PSALM,71,19,i,NO
PSALM,72,6,y,NO
PSALM,72,10,h,NO
PSALM,72,10,i,NO
PSALM,72,10,j,NO
PSALM,72,19,y,NO
PSALM,73,1,d,NO
PSALM,73,3,g,NO
PSALM,73,14,s,NO
PSALM,73,26,k,NO
PSALM,73,28,q,NO
PSALM,74,1,t,NO
PSALM,74,1,u,NO
PSALM,74,2,x,NO
PSALM,74,2,y,NO
PSALM,74,2,z,NO
PSALM,74,4,d,NO
PSALM,74,4,e,NO
PSALM,74,7,j,NO
PSALM,74,13,s,NO
PSALM,74,21,h,NO
PSALM,75,1,n,NO
PSALM,75,8,y,NO
PSALM,75,8,z,NO
PSALM,76,1,e,NO
PSALM,76,2,h,NO
PSALM,76,11,v,NO
PSALM,77,1,a,NO
PSALM,77,2,e,NO
PSALM,77,18,d,NO
PSALM,78,4,o,NO
PSALM,78,8,w,NO
PSALM,78,39,s,NO
PSALM,78,40,v,NO
PSALM,78,43,b,NO
PSALM,78,43,c,NO
PSALM,78,53,p,NO
PSALM,78,54,s,NO
PSALM,78,58,a,NO
PSALM,78,71,v,NO
PSALM,79,1,a,NO
PSALM,79,1,b,NO
PSALM,79,1,c,NO
PSALM,79,2,f,NO
PSALM,79,5,k,NO
PSALM,79,5,l,NO
PSALM,79,6,o,NO
PSALM,79,8,r,NO
PSALM,79,9,u,NO
PSALM,79,12,b,NO
PSALM,80,1,g,NO
PSALM,80,1,h,NO
PSALM,80,1,i,NO
PSALM,80,1,j,NO
PSALM,80,2,m,NO
PSALM,81,1,h,NO
PSALM,81,1,i,NO
PSALM,81,5,o,NO
PSALM,81,5,p,NO
PSALM,81,5,q,NO
PSALM,81,12,e,NO
PSALM,82,1,n,NO
PSALM,82,1,p,NO
PSALM,82,1,q,NO
PSALM,82,3,v,NO
PSALM,82,5,a,NO
PSALM,83,6,p,NO
PSALM,83,6,q,NO
PSALM,83,7,s,NO
PSALM,83,7,t,NO
PSALM,83,7,u,NO
PSALM,83,9,z,NO
PSALM,83,18,o,NO
PSALM,84,1,r,NO
PSALM,84,1,s,NO
PSALM,84,11,k,NO
PSALM,84,11,l,NO
PSALM,85,1,p,NO
PSALM,85,8,a,NO
PSALM,85,8,y,NO
PSALM,85,8,z,NO
PSALM,86,1,k,NO
PSALM,86,10,z,NO
PSALM,86,11,c,NO
PSALM,87,1,n,NO
PSALM,87,7,y,NO
PSALM,88,1,c,NO
PSALM,88,1,d,NO
PSALM,88,6,m,NO
PSALM,88,8,r,NO
PSALM,88,12,x,NO
PSALM,88,17,f,NO
PSALM,89,1,j,NO
PSALM,89,1,k,NO
PSALM,89,2,k,NO
PSALM,89,3,o,NO
PSALM,89,5,t,NO
PSALM,89,7,w,NO
PSALM,89,10,c,NO
PSALM,89,11,f,NO
PSALM,89,12,i,NO
PSALM,89,12,j,NO
PSALM,89,19,w,NO
PSALM,89,19,x,NO
PSALM,89,36,s,NO
PSALM,89,39,y,NO
PSALM,89,39,z,NO
PSALM,89,47,i,NO
PSALM,89,48,l,NO
PSALM,90,1,u,NO
PSALM,90,2,x,NO
PSALM,90,4,c,NO
PSALM,90,5,f,NO
PSALM,90,6,k,NO
PSALM,90,13,q,NO
PSALM,91,2,e,NO
PSALM,91,4,i,NO
PSALM,91,4,j,NO
PSALM,91,4,k,NO
PSALM,91,11,t,NO
PSALM,91,13,x,NO
PSALM,91,13,y,NO
PSALM,92,5,o,NO
PSALM,92,10,v,NO
PSALM,92,15,b,NO
PSALM,93,1,e,NO
PSALM,93,1,f,NO
PSALM,93,1,g,NO
PSALM,93,1,h,NO
PSALM,94,2,t,NO
PSALM,94,13,l,NO
PSALM,94,22,c,NO
PSALM,95,7,p,NO
PSALM,95,8,t,NO
PSALM,96,4,f,NO
PSALM,96,8,m,NO
PSALM,96,11,t,NO
PSALM,97,1,z,NO
PSALM,97,5,h,NO
PSALM,97,7,m,NO
PSALM,97,10,s,NO
PSALM,97,10,t,NO
PSALM,98,1,a,NO
PSALM,98,2,d,NO
PSALM,98,3,g,NO
PSALM,98,3,h,NO
PSALM,98,6,i,NO
PSALM,99,1,u,NO
PSALM,99,5,e,NO
PSALM,99,5,z,NO
PSALM,99,6,h,NO
PSALM,99,6,i,NO
PSALM,100,3,u,NO
PSALM,100,3,v,NO
PSALM,100,3,w,NO
PSALM,100,4,z,NO
PSALM,101,2,f,NO
PSALM,101,2,g,NO
PSALM,101,2,h,NO
PSALM,101,5,o,NO
PSALM,101,5,p,NO
PSALM,101,8,v,NO
PSALM,101,8,w,NO
PSALM,102,1,a,NO
PSALM,102,1,z,NO
PSALM,102,2,d,NO
PSALM,102,2,e,NO
PSALM,102,2,f,NO
PSALM,102,4,k,NO
PSALM,102,13,y,NO
PSALM,102,18,h,NO
PSALM,102,28,x,NO
PSALM,103,11,p,NO
PSALM,103,16,x,NO
PSALM,103,17,z,NO
PSALM,103,20,g,NO
PSALM,104,1,n,NO
PSALM,104,3,s,NO
PSALM,104,3,t,NO
PSALM,104,4,w,NO
PSALM,104,7,b,NO
PSALM,104,14,k,NO
PSALM,104,15,n,NO
PSALM,104,29,g,NO
PSALM,104,29,h,NO
PSALM,104,35,s,NO
PSALM,105,1,v,NO
PSALM,105,23,c,NO
PSALM,105,40,z,NO
PSALM,105,45,i,NO
PSALM,106,1,k,NO
PSALM,106,1,l,NO
PSALM,106,9,x,NO
PSALM,106,24,w,NO
PSALM,106,43,w,NO
PSALM,106,45,a,NO
PSALM,107,10,v,NO
PSALM,107,18,h,NO
PSALM,107,20,l,NO
PSALM,107,22,p,NO
PSALM,107,40,j,NO
PSALM,109,6,c,NO
PSALM,109,8,g,NO
PSALM,110,1,s,NO
PSALM,110,1,t,NO
PSALM,110,2,w,NO
PSALM,110,3,z,NO
PSALM,110,4,d,NO
PSALM,110,4,e,NO
PSALM,110,4,f,NO
PSALM,110,4,g,NO
PSALM,110,4,h,NO
PSALM,110,5,k,NO
PSALM,110,6,n,NO
PSALM,111,1,r,NO
PSALM,111,9,d,NO
PSALM,111,10,g,NO
PSALM,112,1,j,NO
PSALM,112,7,v,NO
PSALM,113,1,d,NO
PSALM,113,3,h,NO
PSALM,114,8,z,NO
PSALM,115,9,l,NO
PSALM,116,5,f,NO
PSALM,116,16,y,NO
PSALM,117,2,b,NO
PSALM,118,5,j,NO
PSALM,119,2,o,NO
PSALM,119,21,n,NO
PSALM,119,25,w,NO
PSALM,119,69,g,NO
PSALM,119,78,v,NO
PSALM,119,78,w,NO
PSALM,119,86,m,NO
PSALM,119,90,r,NO
PSALM,119,114,z,NO
PSALM,119,116,e,NO
PSALM,119,131,y,NO
PSALM,119,160,q,NO
PSALM,119,169,c,NO
PSALM,120,4,q,NO
PSALM,120,5,t,NO
PSALM,121,1,w,NO
PSALM,123,1,r,NO
PSALM,123,4,w,NO
PSALM,124,1,y,NO
PSALM,124,4,c,NO
PSALM,125,1,g,NO
PSALM,125,3,k,NO
PSALM,125,3,l,NO
PSALM,125,5,q,NO
PSALM,125,5,r,NO
PSALM,126,1,t,NO
PSALM,127,2,a,NO
PSALM,128,1,g,NO
PSALM,128,5,m,NO
PSALM,129,1,q,NO
PSALM,129,1,r,NO
PSALM,129,2,s,NO
PSALM,130,5,l,NO
PSALM,130,6,o,NO
PSALM,131,1,t,NO
PSALM,131,1,u,NO
PSALM,131,1,v,NO
PSALM,132,8,j,NO
PSALM,132,9,m,NO
PSALM,132,11,r,NO
PSALM,132,17,c,NO
PSALM,133,2,h,NO
PSALM,133,3,k,NO
PSALM,133,3,l,NO
PSALM,134,1,n,NO
PSALM,134,1,o,NO
PSALM,134,3,t,NO
PSALM,135,11,l,NO
PSALM,135,21,v,NO
PSALM,138,7,k,NO
PSALM,138,7,l,NO
PSALM,138,8,o,NO
PSALM,139,19,p,NO
PSALM,139,21,u,NO
PSALM,140,3,d,NO
PSALM,140,3,e,NO
PSALM,140,5,h,NO
PSALM,141,2,w,NO
PSALM,141,4,b,NO
PSALM,142,1,m,NO
PSALM,142,4,s,NO
PSALM,142,4,t,NO
PSALM,142,5,w,NO
PSALM,142,6,z,NO
PSALM,143,6,n,NO
PSALM,143,7,q,NO
PSALM,143,7,r,NO
PSALM,143,8,u,NO
PSALM,143,8,v,NO
PSALM,143,10,a,NO
PSALM,143,10,z,NO
PSALM,143,11,d,NO
PSALM,144,2,k,NO
PSALM,144,2,l,NO
PSALM,144,2,m,NO
PSALM,144,4,r,NO
PSALM,144,7,x,NO
PSALM,145,12,y,NO
PSALM,146,3,s,NO
PSALM,146,7,a,NO
PSALM,146,8,d,NO
PSALM,147,1,k,NO
PSALM,147,1,l,NO
PSALM,147,5,u,NO
PSALM,148,1,t,NO
PSALM,148,6,b,NO
PSALM,148,8,g,NO
PSALM,148,8,h,NO
PSALM,148,9,k,NO
PSALM,148,13,q,NO
PSALM,148,14,t,NO
PSALM,148,14,u,NO
PSALM,149,1,w,NO
PSALM,149,2,z,NO
PSALM,149,3,c,NO
PSALM,149,9,u,NO
PSALM,150,1,n,NO
PSALM,150,4,u,NO
REVELATION,1,1,c,NO
REVELATION,1,2,f,NO
REVELATION,1,4,k,NO
REVELATION,1,4,l,NO
REVELATION,1,5,o,NO
REVELATION,1,5,p,NO
REVELATION,1,5,q,NO
REVELATION,1,6,t,NO
REVELATION,1,9,b,NO
REVELATION,1,9,c,NO
REVELATION,1,9,d,NO
REVELATION,1,10,g,NO
REVELATION,1,13,l,NO
REVELATION,1,13,m,NO
REVELATION,1,16,t,NO
REVELATION,1,16,u,NO
REVELATION,1,17,x,NO
REVELATION,2,2,i,NO
REVELATION,2,7,r,NO
REVELATION,2,7,s,NO
REVELATION,2,10,a,NO
REVELATION,2,10,b,NO
REVELATION,2,10,y,NO
REVELATION,2,10,z,NO
REVELATION,2,13,h,NO
REVELATION,2,16,e,NO
REVELATION,2,17,p,NO
REVELATION,2,17,q,NO
REVELATION,2,26,d,NO
REVELATION,2,27,g,NO
REVELATION,3,1,k,NO
REVELATION,3,3,o,NO
REVELATION,3,4,r,NO
REVELATION,3,5,u,NO
REVELATION,3,5,v,NO
REVELATION,3,7,y,NO
REVELATION,3,7,z,NO
REVELATION,3,9,d,NO
REVELATION,3,11,i,NO
REVELATION,3,12,l,NO
REVELATION,3,12,m,NO
REVELATION,3,12,n,NO
REVELATION,3,12,o,NO
REVELATION,3,14,r,NO
REVELATION,3,18,u,NO
REVELATION,3,18,x,NO
REVELATION,3,20,b,NO
REVELATION,3,21,e,NO
REVELATION,4,1,h,NO
REVELATION,4,4,o,NO
REVELATION,4,5,r,NO
REVELATION,4,6,u,NO
REVELATION,4,8,a,NO
REVELATION,4,8,y,NO
REVELATION,4,8,z,NO
REVELATION,4,11,g,NO
REVELATION,5,5,m,NO
REVELATION,5,6,p,NO
REVELATION,5,8,s,NO
REVELATION,5,8,t,NO
REVELATION,5,9,w,NO
REVELATION,6,1,g,NO
REVELATION,6,1,h,NO
REVELATION,6,2,k,NO
REVELATION,6,2,l,NO
REVELATION,6,8,u,NO
REVELATION,6,9,x,NO
REVELATION,6,9,y,NO
REVELATION,6,10,b,NO
REVELATION,6,10,c,NO
REVELATION,6,10,d,NO
REVELATION,6,11,g,NO
REVELATION,6,11,h,NO
REVELATION,6,12,k,NO
REVELATION,6,14,o,NO
REVELATION,7,9,d,NO
REVELATION,7,9,e,NO
REVELATION,7,14,l,NO
REVELATION,7,14,m,NO
REVELATION,7,17,t,NO
REVELATION,8,3,y,NO
REVELATION,8,5,c,NO
REVELATION,8,7,f,NO
REVELATION,8,7,g,NO
REVELATION,9,1,s,NO
REVELATION,9,4,y,NO
REVELATION,9,7,d,NO
REVELATION,9,16,r,NO
REVELATION,9,20,v,NO
REVELATION,9,20,w,NO
REVELATION,10,1,a,NO
REVELATION,11,2,p,NO
REVELATION,11,7,y,NO
REVELATION,11,10,e,NO
REVELATION,11,12,i,NO
REVELATION,11,13,l,NO
REVELATION,11,13,m,NO
REVELATION,11,15,q,NO
REVELATION,11,15,r,NO
REVELATION,11,15,s,NO
REVELATION,11,18,a,NO
REVELATION,11,18,z,NO
REVELATION,11,19,d,NO
REVELATION,12,3,j,NO
REVELATION,12,4,n,NO
REVELATION,12,9,v,NO
REVELATION,12,9,w,NO
REVELATION,12,11,b,NO
REVELATION,12,14,i,NO
REVELATION,12,17,m,NO
REVELATION,12,17,n,NO
REVELATION,13,2,s,NO
REVELATION,13,2,t,NO
REVELATION,13,2,u,NO
REVELATION,13,8,c,NO
REVELATION,13,8,d,NO
REVELATION,13,10,h,NO
REVELATION,14,1,x,NO
REVELATION,14,1,y,NO
REVELATION,14,1,z,NO
REVELATION,14,2,c,NO
REVELATION,14,4,h,NO
REVELATION,14,7,o,NO
REVELATION,14,7,p,NO
REVELATION,14,8,s,NO
REVELATION,14,8,t,NO
REVELATION,14,10,y,NO
REVELATION,14,11,u,NO
REVELATION,14,15,k,NO
REVELATION,14,20,q,NO
REVELATION,15,2,v,NO
REVELATION,15,2,w,NO
REVELATION,15,3,a,NO
REVELATION,15,3,z,NO
REVELATION,15,4,d,NO
REVELATION,15,6,j,NO
REVELATION,15,7,m,NO
REVELATION,16,1,r,NO
REVELATION,16,5,a,NO
REVELATION,16,6,d,NO
REVELATION,16,9,j,NO
REVELATION,16,11,o,NO
REVELATION,16,12,r,NO
REVELATION,16,12,s,NO
REVELATION,16,13,v,NO
REVELATION,16,13,w,NO
REVELATION,16,13,x,NO
REVELATION,16,14,a,NO
REVELATION,16,14,b,NO
REVELATION,16,15,e,NO
REVELATION,16,18,l,NO
REVELATION,16,19,o,NO
REVELATION,16,19,q,NO
REVELATION,16,21,u,NO
REVELATION,17,1,x,NO
REVELATION,17,1,y,NO
REVELATION,17,2,b,NO
REVELATION,17,3,e,NO
REVELATION,17,3,f,NO
REVELATION,17,4,j,NO
REVELATION,17,8,r,NO
REVELATION,17,8,s,NO
REVELATION,17,8,t,NO
REVELATION,17,8,u,NO
REVELATION,17,14,b,NO
REVELATION,17,14,c,NO
REVELATION,17,16,g,NO
REVELATION,17,16,i,NO
REVELATION,17,16,j,NO
REVELATION,18,2,r,NO
REVELATION,18,2,s,NO
REVELATION,18,3,v,NO
REVELATION,18,6,b,NO
REVELATION,18,8,g,NO
REVELATION,18,9,j,NO
REVELATION,18,10,m,NO
REVELATION,18,17,t,NO
REVELATION,18,18,w,NO
REVELATION,18,19,z,NO
REVELATION,18,21,f,NO
REVELATION,18,23,k,NO
REVELATION,19,2,r,NO
REVELATION,19,6,y,NO
REVELATION,19,6,z,NO
REVELATION,19,10,i,NO
REVELATION,19,11,l,NO
REVELATION,19,12,p,NO
REVELATION,19,15,w,NO
REVELATION,19,15,x,NO
REVELATION,19,17,c,NO
REVELATION,19,20,i,NO
REVELATION,19,20,k,NO
REVELATION,20,3,s,NO
REVELATION,20,4,v,NO
REVELATION,20,4,x,NO
REVELATION,20,4,y,NO
REVELATION,20,6,b,NO
REVELATION,20,6,c,NO
REVELATION,20,8,g,NO
REVELATION,20,9,j,NO
REVELATION,20,9,k,NO
REVELATION,20,10,n,NO
REVELATION,20,12,s,NO
REVELATION,20,12,t,NO
REVELATION,20,14,w,NO
REVELATION,21,2,c,NO
REVELATION,21,2,e,NO
REVELATION,21,4,j,NO
REVELATION,21,5,m,NO
REVELATION,21,6,p,NO
REVELATION,21,7,s,NO
REVELATION,21,8,v,NO
REVELATION,21,8,w,NO
REVELATION,21,9,z,NO
REVELATION,21,11,e,NO
REVELATION,22,2,b,NO
REVELATION,22,3,f,NO
REVELATION,22,5,k,NO
REVELATION,22,6,o,NO
REVELATION,22,12,x,NO
REVELATION,22,13,a,NO
REVELATION,22,14,d,NO
REVELATION,22,15,g,NO
REVELATION,22,16,j,NO
REVELATION,22,16,k,NO
REVELATION,22,16,l,NO
REVELATION,22,17,o,NO
ROMANS,1,5,l,NO
ROMANS,1,5,m,NO
ROMANS,1,9,t,NO
ROMANS,1,16,f,NO
ROMANS,1,16,g,NO
ROMANS,1,17,j,NO
ROMANS,1,28,b,NO
ROMANS,1,32,e,NO
ROMANS,2,4,j,NO
ROMANS,2,4,k,NO
ROMANS,2,16,b,NO
ROMANS,2,16,c,NO
ROMANS,2,29,w,NO
ROMANS,3,4,d,NO
ROMANS,3,4,e,NO
ROMANS,3,9,m,NO
ROMANS,3,13,q,NO
ROMANS,3,19,x,NO
ROMANS,3,21,c,NO
ROMANS,3,24,i,NO
ROMANS,3,25,l,NO
ROMANS,3,25,m,NO
ROMANS,3,25,n,NO
ROMANS,4,15,j,NO
ROMANS,4,16,m,NO
ROMANS,4,17,p,NO
ROMANS,4,19,t,NO
ROMANS,5,10,r,NO
ROMANS,5,12,v,NO
ROMANS,5,12,w,NO
ROMANS,5,14,a,NO
ROMANS,6,4,s,NO
ROMANS,6,4,t,NO
ROMANS,6,6,y,NO
ROMANS,6,19,u,NO
ROMANS,6,21,y,NO
ROMANS,6,22,b,NO
ROMANS,6,22,c,NO
ROMANS,7,4,i,NO
ROMANS,7,4,j,NO
ROMANS,8,3,m,NO
ROMANS,8,3,n,NO
ROMANS,8,3,o,NO
ROMANS,8,5,t,NO
ROMANS,8,9,z,NO
ROMANS,8,15,j,NO
ROMANS,8,23,w,NO
ROMANS,8,23,x,NO
ROMANS,8,27,f,NO
ROMANS,8,27,g,NO
ROMANS,8,29,m,NO
ROMANS,8,34,v,NO
ROMANS,9,3,d,NO
ROMANS,9,4,g,NO
ROMANS,9,4,h,NO
ROMANS,9,4,i,NO
ROMANS,9,4,j,NO
ROMANS,9,4,k,NO
ROMANS,9,5,n,NO
ROMANS,9,29,r,NO
ROMANS,9,33,a,NO
ROMANS,10,9,o,NO
ROMANS,10,12,s,NO
ROMANS,10,19,e,NO
ROMANS,11,25,j,NO
ROMANS,12,1,b,NO
ROMANS,12,2,e,NO
ROMANS,12,3,h,NO
ROMANS,12,3,i,NO
ROMANS,12,6,p,NO
ROMANS,12,12,b,NO
ROMANS,12,16,i,NO
ROMANS,13,12,f,NO
ROMANS,13,12,g,NO
ROMANS,14,17,j,NO
ROMANS,14,20,p,NO
ROMANS,15,4,z,NO
ROMANS,15,16,r,NO
ROMANS,15,19,y,NO
ROMANS,16,25,l,NO
ROMANS,16,25,m,NO
ROMANS,16,25,n,NO
RUTH,1,1,c,NO
RUTH,2,20,j,NO
RUTH,4,11,i,NO
RUTH,4,11,j,NO
RUTH,4,11,k,NO
RUTH,4,14,q,NO
SONG OF SOLOMON,1,4,h,NO
SONG OF SOLOMON,1,5,l,NO
SONG OF SOLOMON,1,6,o,NO
SONG OF SOLOMON,1,6,p,NO
SONG OF SOLOMON,1,7,t,NO
SONG OF SOLOMON,1,15,f,NO
SONG OF SOLOMON,1,15,g,NO
SONG OF SOLOMON,2,3,o,NO
SONG OF SOLOMON,2,7,x,NO
SONG OF SOLOMON,2,13,g,NO
SONG OF SOLOMON,2,14,j,NO
SONG OF SOLOMON,2,14,k,NO
SONG OF SOLOMON,2,17,q,NO
SONG OF SOLOMON,3,1,t,NO
SONG OF SOLOMON,3,4,x,NO
SONG OF SOLOMON,3,4,y,NO
SONG OF SOLOMON,3,5,b,NO
SONG OF SOLOMON,3,6,e,NO
SONG OF SOLOMON,4,1,o,NO
SONG OF SOLOMON,4,1,p,NO
SONG OF SOLOMON,4,1,q,NO
SONG OF SOLOMON,4,3,o,NO
SONG OF SOLOMON,4,3,u,NO
SONG OF SOLOMON,4,4,x,NO
SONG OF SOLOMON,4,4,y,NO
SONG OF SOLOMON,4,5,b,NO
SONG OF SOLOMON,4,8,i,NO
SONG OF SOLOMON,4,8,k,NO
SONG OF SOLOMON,4,10,o,NO
SONG OF SOLOMON,4,11,r,NO
SONG OF SOLOMON,4,12,t,NO
SONG OF SOLOMON,4,13,w,NO
SONG OF SOLOMON,4,13,x,NO
SONG OF SOLOMON,4,14,a,NO
SONG OF SOLOMON,4,14,b,NO
SONG OF SOLOMON,4,16,f,NO
SONG OF SOLOMON,4,16,v,NO
SONG OF SOLOMON,5,1,i,NO
SONG OF SOLOMON,5,1,j,NO
SONG OF SOLOMON,5,1,k,NO
SONG OF SOLOMON,5,1,l,NO
SONG OF SOLOMON,5,2,o,NO
SONG OF SOLOMON,5,2,p,NO
SONG OF SOLOMON,5,2,q,NO
SONG OF SOLOMON,5,2,r,NO
SONG OF SOLOMON,5,6,x,NO
SONG OF SOLOMON,5,8,b,NO
SONG OF SOLOMON,5,13,k,NO
SONG OF SOLOMON,5,13,u,NO
SONG OF SOLOMON,6,2,s,NO
SONG OF SOLOMON,6,2,t,NO
SONG OF SOLOMON,6,4,x,NO
SONG OF SOLOMON,6,4,y,NO
SONG OF SOLOMON,6,4,z,NO
SONG OF SOLOMON,6,8,f,NO
SONG OF SOLOMON,6,9,i,NO
SONG OF SOLOMON,6,9,j,NO
SONG OF SOLOMON,6,13,s,NO
SONG OF SOLOMON,7,1,v,NO
SONG OF SOLOMON,7,4,a,NO
SONG OF SOLOMON,7,4,b,NO
SONG OF SOLOMON,7,4,c,NO
SONG OF SOLOMON,8,4,w,NO
SONG OF SOLOMON,8,6,a,NO
SONG OF SOLOMON,8,6,b,NO
SONG OF SOLOMON,8,11,j,NO
SONG OF SOLOMON,8,11,k,NO
SONG OF SOLOMON,8,13,o,NO
SONG OF SOLOMON,8,14,r,NO
TITUS,1,1,c,NO
TITUS,1,2,f,NO
TITUS,1,2,g,NO
TITUS,1,3,j,NO
TITUS,1,3,k,NO
TITUS,1,4,n,NO
TITUS,1,7,u,NO
TITUS,1,13,f,NO
TITUS,1,14,i,NO
TITUS,1,16,o,NO
TITUS,2,3,s,NO
TITUS,2,5,v,NO
TITUS,2,5,w,NO
TITUS,2,7,a,NO
TITUS,2,11,j,NO
TITUS,2,12,m,NO
TITUS,2,13,p,NO
TITUS,2,13,q,NO
TITUS,2,14,t,NO
TITUS,2,14,u,NO
TITUS,3,2,b,NO
TITUS,3,5,g,NO
TITUS,3,5,h,NO
TITUS,3,7,l,NO
TITUS,3,9,q,NO
TITUS,3,9,r,NO
ZECHARIAH,1,1,c,NO
ZECHARIAH,1,1,d,NO
ZECHARIAH,1,4,f,NO
ZECHARIAH,1,4,j,NO
ZECHARIAH,1,6,n,NO
ZECHARIAH,1,6,p,NO
ZECHARIAH,1,7,d,NO
ZECHARIAH,1,10,u,NO
ZECHARIAH,1,11,v,NO
ZECHARIAH,1,12,y,NO
ZECHARIAH,1,15,d,NO
ZECHARIAH,1,15,e,NO
ZECHARIAH,1,16,h,NO
ZECHARIAH,1,17,k,NO
ZECHARIAH,1,21,n,NO
ZECHARIAH,2,4,t,NO
ZECHARIAH,2,9,c,NO
ZECHARIAH,2,10,f,NO
ZECHARIAH,2,11,c,NO
ZECHARIAH,3,2,n,NO
ZECHARIAH,3,4,r,NO
ZECHARIAH,3,4,s,NO
ZECHARIAH,3,8,z,NO
ZECHARIAH,3,9,c,NO
ZECHARIAH,3,9,d,NO
ZECHARIAH,4,7,o,NO
ZECHARIAH,4,7,p,NO
ZECHARIAH,4,9,r,NO
ZECHARIAH,4,9,s,NO
ZECHARIAH,4,10,v,NO
ZECHARIAH,4,10,w,NO
ZECHARIAH,5,4,g,NO
ZECHARIAH,6,5,t,NO
ZECHARIAH,6,10,z,NO
ZECHARIAH,6,13,f,NO
ZECHARIAH,6,13,g,NO
ZECHARIAH,6,14,j,NO
ZECHARIAH,6,15,m,NO
ZECHARIAH,7,3,t,NO
ZECHARIAH,7,3,u,NO
ZECHARIAH,7,5,w,NO
ZECHARIAH,7,5,x,NO
ZECHARIAH,7,7,b,NO
ZECHARIAH,7,10,f,NO
ZECHARIAH,7,12,k,NO
ZECHARIAH,7,12,l,NO
ZECHARIAH,7,14,p,NO
ZECHARIAH,7,14,q,NO
ZECHARIAH,7,14,r,NO
ZECHARIAH,8,3,v,NO
ZECHARIAH,8,3,w,NO
ZECHARIAH,8,9,g,NO
ZECHARIAH,8,12,k,NO
ZECHARIAH,8,13,e,NO
ZECHARIAH,8,13,n,NO
ZECHARIAH,8,16,s,NO
ZECHARIAH,8,19,a,NO
ZECHARIAH,8,19,x,NO
ZECHARIAH,8,19,y,NO
ZECHARIAH,8,19,z,NO
ZECHARIAH,8,23,f,NO
ZECHARIAH,9,2,j,NO
ZECHARIAH,9,7,s,NO
ZECHARIAH,9,7,t,NO
ZECHARIAH,9,8,w,NO
ZECHARIAH,9,8,x,NO
ZECHARIAH,9,9,a,NO
ZECHARIAH,9,9,b,NO
ZECHARIAH,9,10,e,NO
ZECHARIAH,9,10,f,NO
ZECHARIAH,9,10,g,NO
ZECHARIAH,9,11,j,NO
ZECHARIAH,9,14,q,NO
ZECHARIAH,9,14,r,NO
ZECHARIAH,9,15,u,NO
ZECHARIAH,9,15,v,NO
ZECHARIAH,9,15,w,NO
ZECHARIAH,10,1,d,NO
ZECHARIAH,10,1,e,NO
ZECHARIAH,10,2,h,NO
ZECHARIAH,10,2,i,NO
ZECHARIAH,10,3,l,NO
ZECHARIAH,10,4,o,NO
ZECHARIAH,10,6,t,NO
ZECHARIAH,10,6,u,NO
ZECHARIAH,10,6,v,NO
ZECHARIAH,10,8,z,NO
ZECHARIAH,10,10,e,NO
ZECHARIAH,10,11,h,NO
ZECHARIAH,11,3,n,NO
ZECHARIAH,11,7,v,NO
ZECHARIAH,11,17,h,NO
ZECHARIAH,12,1,k,NO
ZECHARIAH,12,2,n,NO
ZECHARIAH,12,3,m,NO
ZECHARIAH,12,4,r,NO
ZECHARIAH,12,6,t,NO
ZECHARIAH,12,8,w,NO
ZECHARIAH,12,8,x,NO
ZECHARIAH,12,10,b,NO
ZECHARIAH,12,10,c,NO
ZECHARIAH,12,11,e,NO
ZECHARIAH,13,2,m,NO
ZECHARIAH,13,9,v,NO
ZECHARIAH,13,9,w,NO
ZECHARIAH,14,2,a,NO
ZECHARIAH,14,2,b,NO
ZECHARIAH,14,4,g,NO
ZECHARIAH,14,7,m,NO
ZECHARIAH,14,8,o,NO
ZECHARIAH,14,8,p,NO
ZECHARIAH,14,9,t,NO
ZECHARIAH,14,10,a,NO
ZECHARIAH,14,10,b,NO
ZECHARIAH,14,10,w,NO
ZECHARIAH,14,10,y,NO
ZECHARIAH,14,10,z,NO
ZECHARIAH,14,16,m,NO
ZECHARIAH,14,16,n,NO
ZECHARIAH,14,17,p,NO
ZECHARIAH,14,21,q,NO
ZECHARIAH,14,21,t,NO
ZEPHANIAH,1,3,f,NO
ZEPHANIAH,1,5,j,NO
ZEPHANIAH,1,7,o,NO
ZEPHANIAH,1,7,p,NO
ZEPHANIAH,1,10,v,NO
ZEPHANIAH,1,12,z,NO
ZEPHANIAH,1,13,c,NO
ZEPHANIAH,1,15,h,NO
ZEPHANIAH,1,17,m,NO
ZEPHANIAH,1,17,n,NO
ZEPHANIAH,1,18,q,NO
ZEPHANIAH,1,18,r,NO
ZEPHANIAH,2,2,v,NO
ZEPHANIAH,2,3,y,NO
ZEPHANIAH,2,5,d,NO
ZEPHANIAH,2,5,f,NO
ZEPHANIAH,2,7,h,NO
ZEPHANIAH,2,7,l,NO
ZEPHANIAH,2,8,o,NO
ZEPHANIAH,2,11,u,NO
ZEPHANIAH,2,14,a,NO
ZEPHANIAH,2,15,d,NO
ZEPHANIAH,2,15,e,NO
ZEPHANIAH,3,7,s,NO
ZEPHANIAH,3,8,v,NO
ZEPHANIAH,3,11,b,NO
ZEPHANIAH,3,11,c,NO
ZEPHANIAH,3,13,h,NO
ZEPHANIAH,3,13,i,NO
ZEPHANIAH,3,17,o,NO
ZEPHANIAH,3,19,s,NO
ZEPHANIAH,3,19,t,NO
