Available options:
1. Process test books (Romans and Acts)
2. Process full Bible (all 66 books)
3. Process specific book
Enter choice (1-3): 
Available versions:
FREE: KJV, WEB, ASV, BSB, CEV, FBV, GNV, DRA, BRS, LSV, MSG
PREMIUM (with subscription): NKJV, AMP, NLT
NOTE: NIV is not available through API.Bible
Enter versions to process (comma-separated, or 'all'): 
Processing versions: NKJV, AMP, NLT
Processing books: Genesis, Exodus, Leviticus, Numbers, Deuteronomy, Joshua, Judges, Ruth, 1 Samuel, 2 Samuel, 1 Kings, 2 Kings, 1 Chronicles, 2 Chronicles, Ezra, Nehemiah, Esther, Job, Psalms, Proverbs, Ecclesiastes, Song of Solomon, Isaiah, Jeremiah, Lamentations, Ezekiel, Daniel, Hosea, Joel, Amos, Obadiah, Jonah, Micah, Nahum, Habakkuk, Zephaniah, Haggai, Zechariah, Malachi, Matthew, Mark, Luke, John, Acts, Romans, 1 Corinthians, 2 Corinthians, Galatians, Ephesians, Philippians, Colossians, 1 Thessalonians, 2 Thessalonians, 1 Timothy, 2 Timothy, Titus, Philemon, Hebrews, James, 1 Peter, 2 Peter, 1 John, 2 John, 3 John, Jude, Revelation

Fetching metadata for NKJV...
  New King James Version
  Copyright: New King James Version®, Copyright© 1982, Thomas Nelson. All rights reserved....

Processing Genesis for NKJV...
  Fetching Genesis chapter 1...
  Requesting URL: https://rest.api.bible/v1/bibles/63097d2a0a2f7db3-01/chapters/GEN.1
  Saved: genesis_1.xml
  Fetching Genesis chapter 2...
  Requesting URL: https://rest.api.bible/v1/bibles/63097d2a0a2f7db3-01/chapters/GEN.2
  Saved: genesis_2.xml
  Fetching Genesis chapter 3...
  Requesting URL: https://rest.api.bible/v1/bibles/63097d2a0a2f7db3-01/chapters/GEN.3
  Saved: genesis_3.xml
  Fetching Genesis chapter 4...
  Requesting URL: https://rest.api.bible/v1/bibles/63097d2a0a2f7db3-01/chapters/GEN.4
  Saved: genesis_4.xml
  Fetching Genesis chapter 5...
  Requesting URL: https://rest.api.bible/v1/bibles/63097d2a0a2f7db3-01/chapters/GEN.5
  Saved: genesis_5.xml
  Fetching Genesis chapter 6...
  Requesting URL: https://rest.api.bible/v1/bibles/63097d2a0a2f7db3-01/chapters/GEN.6
  Saved: genesis_6.xml
  Fetching Genesis chapter 7...
  Requesting URL: https://rest.api.bible/v1/bibles/63097d2a0a2f7db3-01/chapters/GEN.7
  Saved: genesis_7.xml
  Fetching Genesis chapter 8...
  Requesting URL: https://rest.api.bible/v1/bibles/63097d2a0a2f7db3-01/chapters/GEN.8
  Saved: genesis_8.xml
  Fetching Genesis chapter 9...
  Requesting URL: https://rest.api.bible/v1/bibles/63097d2a0a2f7db3-01/chapters/GEN.9
  Saved: genesis_9.xml
  Fetching Genesis chapter 10...
  Requesting URL: https://rest.api.bible/v1/bibles/63097d2a0a2f7db3-01/chapters/GEN.10
  Saved: genesis_10.xml
  Fetching Genesis chapter 11...
  Requesting URL: https://rest.api.bible/v1/bibles/63097d2a0a2f7db3-01/chapters/GEN.11
  Saved: genesis_11.xml
  Fetching Genesis chapter 12...
  Requesting URL: https://rest.api.bible/v1/bibles/63097d2a0a2f7db3-01/chapters/GEN.12
  Saved: genesis_12.xml
  Fetching Genesis chapter 13...
  Requesting URL: https://rest.api.bible/v1/bibles/63097d2a0a2f7db3-01/chapters/GEN.13
  Saved: genesis_13.xml
  Fetching Genesis chapter 14...
  Requesting URL: https://rest.api.bible/v1/bibles/63097d2a0a2f7db3-01/chapters/GEN.14
  Saved: genesis_14.xml
  Fetching Genesis chapter 15...
  Requesting URL: https://rest.api.bible/v1/bibles/63097d2a0a2f7db3-01/chapters/GEN.15
  Saved: genesis_15.xml
  Fetching Genesis chapter 16...
  Requesting URL: https://rest.api.bible/v1/bibles/63097d2a0a2f7db3-01/chapters/GEN.16
  Saved: genesis_16.xml
  Fetching Genesis chapter 17...
  Requesting URL: https://rest.api.bible/v1/bibles/63097d2a0a2f7db3-01/chapters/GEN.17
  Saved: genesis_17.xml
  Fetching Genesis chapter 18...
  Requesting URL: https://rest.api.bible/v1/bibles/63097d2a0a2f7db3-01/chapters/GEN.18
  Saved: genesis_18.xml
  Fetching Genesis chapter 19...
  Requesting URL: https://rest.api.bible/v1/bibles/63097d2a0a2f7db3-01/chapters/GEN.19
  Saved: genesis_19.xml
  Fetching Genesis chapter 20...
  Requesting URL: https://rest.api.bible/v1/bibles/63097d2a0a2f7db3-01/chapters/GEN.20
  Saved: genesis_20.xml
  Fetching Genesis chapter 21...
  Requesting URL: https://rest.api.bible/v1/bibles/63097d2a0a2f7db3-01/chapters/GEN.21
  Saved: genesis_21.xml
  Fetching Genesis chapter 22...
  Requesting URL: https://rest.api.bible/v1/bibles/63097d2a0a2f7db3-01/chapters/GEN.22
  Saved: genesis_22.xml
  Fetching Genesis chapter 23...
  Requesting URL: https://rest.api.bible/v1/bibles/63097d2a0a2f7db3-01/chapters/GEN.23
  Saved: genesis_23.xml
  Fetching Genesis chapter 24...
  Requesting URL: https://rest.api.bible/v1/bibles/63097d2a0a2f7db3-01/chapters/GEN.24
  Saved: genesis_24.xml
  Fetching Genesis chapter 25...
  Requesting URL: https://rest.api.bible/v1/bibles/63097d2a0a2f7db3-01/chapters/GEN.25
  Saved: genesis_25.xml
  Fetching Genesis chapter 26...
  Requesting URL: https://rest.api.bible/v1/bibles/63097d2a0a2f7db3-01/chapters/GEN.26
  Saved: genesis_26.xml
  Fetching Genesis chapter 27...
  Requesting URL: https://rest.api.bible/v1/bibles/63097d2a0a2f7db3-01/chapters/GEN.27
  Saved: genesis_27.xml
  Fetching Genesis chapter 28...
  Requesting URL: https://rest.api.bible/v1/bibles/63097d2a0a2f7db3-01/chapters/GEN.28
  Saved: genesis_28.xml
  Fetching Genesis chapter 29...
  Requesting URL: https://rest.api.bible/v1/bibles/63097d2a0a2f7db3-01/chapters/GEN.29
  Saved: genesis_29.xml
  Fetching Genesis chapter 30...
  Requesting URL: https://rest.api.bible/v1/bibles/63097d2a0a2f7db3-01/chapters/GEN.30
  Saved: genesis_30.xml
  Fetching Genesis chapter 31...
  Requesting URL: https://rest.api.bible/v1/bibles/63097d2a0a2f7db3-01/chapters/GEN.31
  Saved: genesis_31.xml
  Fetching Genesis chapter 32...
  Requesting URL: https://rest.api.bible/v1/bibles/63097d2a0a2f7db3-01/chapters/GEN.32
  Saved: genesis_32.xml
  Fetching Genesis chapter 33...
  Requesting URL: https://rest.api.bible/v1/bibles/63097d2a0a2f7db3-01/chapters/GEN.33
  Saved: genesis_33.xml
  Fetching Genesis chapter 34...
  Requesting URL: https://rest.api.bible/v1/bibles/63097d2a0a2f7db3-01/chapters/GEN.34
  Saved: genesis_34.xml
  Fetching Genesis chapter 35...
  Requesting URL: https://rest.api.bible/v1/bibles/63097d2a0a2f7db3-01/chapters/GEN.35
  Saved: genesis_35.xml
  Fetching Genesis chapter 36...
  Requesting URL: https://rest.api.bible/v1/bibles/63097d2a0a2f7db3-01/chapters/GEN.36
  Saved: genesis_36.xml
  Fetching Genesis chapter 37...
  Requesting URL: https://rest.api.bible/v1/bibles/63097d2a0a2f7db3-01/chapters/GEN.37
  Saved: genesis_37.xml
  Fetching Genesis chapter 38...
  Requesting URL: https://rest.api.bible/v1/bibles/63097d2a0a2f7db3-01/chapters/GEN.38
  Saved: genesis_38.xml
  Fetching Genesis chapter 39...
  Requesting URL: https://rest.api.bible/v1/bibles/63097d2a0a2f7db3-01/chapters/GEN.39
  Saved: genesis_39.xml
  Fetching Genesis chapter 40...
  Requesting URL: https://rest.api.bible/v1/bibles/63097d2a0a2f7db3-01/chapters/GEN.40
  Saved: genesis_40.xml
  Fetching Genesis chapter 41...
  Requesting URL: https://rest.api.bible/v1/bibles/63097d2a0a2f7db3-01/chapters/GEN.41
  Saved: genesis_41.xml
  Fetching Genesis chapter 42...
  Requesting URL: https://rest.api.bible/v1/bibles/63097d2a0a2f7db3-01/chapters/GEN.42
  Saved: genesis_42.xml
  Fetching Genesis chapter 43...
  Requesting URL: https://rest.api.bible/v1/bibles/63097d2a0a2f7db3-01/chapters/GEN.43
  Saved: genesis_43.xml
  Fetching Genesis chapter 44...
  Requesting URL: https://rest.api.bible/v1/bibles/63097d2a0a2f7db3-01/chapters/GEN.44
  Saved: genesis_44.xml
  Fetching Genesis chapter 45...
  Requesting URL: https://rest.api.bible/v1/bibles/63097d2a0a2f7db3-01/chapters/GEN.45
  Saved: genesis_45.xml
  Fetching Genesis chapter 46...
  Requesting URL: https://rest.api.bible/v1/bibles/63097d2a0a2f7db3-01/chapters/GEN.46
  Saved: genesis_46.xml
  Fetching Genesis chapter 47...
  Requesting URL: https://rest.api.bible/v1/bibles/63097d2a0a2f7db3-01/chapters/GEN.47
  Saved: genesis_47.xml
  Fetching Genesis chapter 48...
  Requesting URL: https://rest.api.bible/v1/bibles/63097d2a0a2f7db3-01/chapters/GEN.48
  Saved: genesis_48.xml
  Fetching Genesis chapter 49...
  Requesting URL: https://rest.api.bible/v1/bibles/63097d2a0a2f7db3-01/chapters/GEN.49
  Saved: genesis_49.xml
  Fetching Genesis chapter 50...
  Requesting URL: https://rest.api.bible/v1/bibles/63097d2a0a2f7db3-01/chapters/GEN.50
  Saved: genesis_50.xml

Processing Exodus for NKJV...
  Fetching Exodus chapter 1...
  Requesting URL: https://rest.api.bible/v1/bibles/63097d2a0a2f7db3-01/chapters/EXO.1
  Saved: exodus_1.xml
  Fetching Exodus chapter 2...
  Requesting URL: https://rest.api.bible/v1/bibles/63097d2a0a2f7db3-01/chapters/EXO.2
  Saved: exodus_2.xml
  Fetching Exodus chapter 3...
  Requesting URL: https://rest.api.bible/v1/bibles/63097d2a0a2f7db3-01/chapters/EXO.3
  Saved: exodus_3.xml
  Fetching Exodus chapter 4...
  Requesting URL: https://rest.api.bible/v1/bibles/63097d2a0a2f7db3-01/chapters/EXO.4
  Saved: exodus_4.xml
  Fetching Exodus chapter 5...
  Requesting URL: https://rest.api.bible/v1/bibles/63097d2a0a2f7db3-01/chapters/EXO.5
  Saved: exodus_5.xml
  Fetching Exodus chapter 6...
  Requesting URL: https://rest.api.bible/v1/bibles/63097d2a0a2f7db3-01/chapters/EXO.6
  Saved: exodus_6.xml
  Fetching Exodus chapter 7...
  Requesting URL: https://rest.api.bible/v1/bibles/63097d2a0a2f7db3-01/chapters/EXO.7
  Saved: exodus_7.xml
  Fetching Exodus chapter 8...
  Requesting URL: https://rest.api.bible/v1/bibles/63097d2a0a2f7db3-01/chapters/EXO.8
  Saved: exodus_8.xml
  Fetching Exodus chapter 9...
  Requesting URL: https://rest.api.bible/v1/bibles/63097d2a0a2f7db3-01/chapters/EXO.9
  Saved: exodus_9.xml
  Fetching Exodus chapter 10...
  Requesting URL: https://rest.api.bible/v1/bibles/63097d2a0a2f7db3-01/chapters/EXO.10
  Saved: exodus_10.xml
  Fetching Exodus chapter 11...
  Requesting URL: https://rest.api.bible/v1/bibles/63097d2a0a2f7db3-01/chapters/EXO.11
  Saved: exodus_11.xml
  Fetching Exodus chapter 12...
  Requesting URL: https://rest.api.bible/v1/bibles/63097d2a0a2f7db3-01/chapters/EXO.12
  Saved: exodus_12.xml
  Fetching Exodus chapter 13...
  Requesting URL: https://rest.api.bible/v1/bibles/63097d2a0a2f7db3-01/chapters/EXO.13
  Saved: exodus_13.xml
  Fetching Exodus chapter 14...
  Requesting URL: https://rest.api.bible/v1/bibles/63097d2a0a2f7db3-01/chapters/EXO.14
  Saved: exodus_14.xml
  Fetching Exodus chapter 15...
  Requesting URL: https://rest.api.bible/v1/bibles/63097d2a0a2f7db3-01/chapters/EXO.15
  Saved: exodus_15.xml
  Fetching Exodus chapter 16...
  Requesting URL: https://rest.api.bible/v1/bibles/63097d2a0a2f7db3-01/chapters/EXO.16
  Saved: exodus_16.xml
  Fetching Exodus chapter 17...
  Requesting URL: https://rest.api.bible/v1/bibles/63097d2a0a2f7db3-01/chapters/EXO.17
  Saved: exodus_17.xml
  Fetching Exodus chapter 18...
  Requesting URL: https://rest.api.bible/v1/bibles/63097d2a0a2f7db3-01/chapters/EXO.18
  Saved: exodus_18.xml
  Fetching Exodus chapter 19...
  Requesting URL: https://rest.api.bible/v1/bibles/63097d2a0a2f7db3-01/chapters/EXO.19
  Saved: exodus_19.xml
  Fetching Exodus chapter 20...
  Requesting URL: https://rest.api.bible/v1/bibles/63097d2a0a2f7db3-01/chapters/EXO.20
  Saved: exodus_20.xml
  Fetching Exodus chapter 21...
  Requesting URL: https://rest.api.bible/v1/bibles/63097d2a0a2f7db3-01/chapters/EXO.21
  Saved: exodus_21.xml
  Fetching Exodus chapter 22...
  Requesting URL: https://rest.api.bible/v1/bibles/63097d2a0a2f7db3-01/chapters/EXO.22
  Saved: exodus_22.xml
  Fetching Exodus chapter 23...
  Requesting URL: https://rest.api.bible/v1/bibles/63097d2a0a2f7db3-01/chapters/EXO.23
  Saved: exodus_23.xml
  Fetching Exodus chapter 24...
  Requesting URL: https://rest.api.bible/v1/bibles/63097d2a0a2f7db3-01/chapters/EXO.24
  Saved: exodus_24.xml
  Fetching Exodus chapter 25...
  Requesting URL: https://rest.api.bible/v1/bibles/63097d2a0a2f7db3-01/chapters/EXO.25
  Saved: exodus_25.xml
  Fetching Exodus chapter 26...
  Requesting URL: https://rest.api.bible/v1/bibles/63097d2a0a2f7db3-01/chapters/EXO.26
  Saved: exodus_26.xml
  Fetching Exodus chapter 27...
  Requesting URL: https://rest.api.bible/v1/bibles/63097d2a0a2f7db3-01/chapters/EXO.27
  Saved: exodus_27.xml
  Fetching Exodus chapter 28...
  Requesting URL: https://rest.api.bible/v1/bibles/63097d2a0a2f7db3-01/chapters/EXO.28
  Saved: exodus_28.xml
  Fetching Exodus chapter 29...
  Requesting URL: https://rest.api.bible/v1/bibles/63097d2a0a2f7db3-01/chapters/EXO.29
  Saved: exodus_29.xml
  Fetching Exodus chapter 30...
  Requesting URL: https://rest.api.bible/v1/bibles/63097d2a0a2f7db3-01/chapters/EXO.30
  Saved: exodus_30.xml
  Fetching Exodus chapter 31...
  Requesting URL: https://rest.api.bible/v1/bibles/63097d2a0a2f7db3-01/chapters/EXO.31
  Saved: exodus_31.xml
  Fetching Exodus chapter 32...
  Requesting URL: https://rest.api.bible/v1/bibles/63097d2a0a2f7db3-01/chapters/EXO.32
  Saved: exodus_32.xml
  Fetching Exodus chapter 33...
  Requesting URL: https://rest.api.bible/v1/bibles/63097d2a0a2f7db3-01/chapters/EXO.33
  Saved: exodus_33.xml
  Fetching Exodus chapter 34...
  Requesting URL: https://rest.api.bible/v1/bibles/63097d2a0a2f7db3-01/chapters/EXO.34
  Saved: exodus_34.xml
  Fetching Exodus chapter 35...
  Requesting URL: https://rest.api.bible/v1/bibles/63097d2a0a2f7db3-01/chapters/EXO.35
  Saved: exodus_35.xml
  Fetching Exodus chapter 36...
  Requesting URL: https://rest.api.bible/v1/bibles/63097d2a0a2f7db3-01/chapters/EXO.36
  Saved: exodus_36.xml
  Fetching Exodus chapter 37...
  Requesting URL: https://rest.api.bible/v1/bibles/63097d2a0a2f7db3-01/chapters/EXO.37
  Saved: exodus_37.xml
  Fetching Exodus chapter 38...
  Requesting URL: https://rest.api.bible/v1/bibles/63097d2a0a2f7db3-01/chapters/EXO.38
  Saved: exodus_38.xml
  Fetching Exodus chapter 39...
  Requesting URL: https://rest.api.bible/v1/bibles/63097d2a0a2f7db3-01/chapters/EXO.39
  Saved: exodus_39.xml
  Fetching Exodus chapter 40...
  Requesting URL: https://rest.api.bible/v1/bibles/63097d2a0a2f7db3-01/chapters/EXO.40
  Saved: exodus_40.xml

Processing Leviticus for NKJV...
  Fetching Leviticus chapter 1...
  Requesting URL: https://rest.api.bible/v1/bibles/63097d2a0a2f7db3-01/chapters/LEV.1
  Saved: leviticus_1.xml
  Fetching Leviticus chapter 2...
  Requesting URL: https://rest.api.bible/v1/bibles/63097d2a0a2f7db3-01/chapters/LEV.2
  Saved: leviticus_2.xml
  Fetching Leviticus chapter 3...
  Requesting URL: https://rest.api.bible/v1/bibles/63097d2a0a2f7db3-01/chapters/LEV.3
  Saved: leviticus_3.xml
  Fetching Leviticus chapter 4...
  Requesting URL: https://rest.api.bible/v1/bibles/63097d2a0a2f7db3-01/chapters/LEV.4
  Saved: leviticus_4.xml
  Fetching Leviticus chapter 5...
  Requesting URL: https://rest.api.bible/v1/bibles/63097d2a0a2f7db3-01/chapters/LEV.5
  Saved: leviticus_5.xml
  Fetching Leviticus chapter 6...
  Requesting URL: https://rest.api.bible/v1/bibles/63097d2a0a2f7db3-01/chapters/LEV.6
  Saved: leviticus_6.xml
  Fetching Leviticus chapter 7...
  Requesting URL: https://rest.api.bible/v1/bibles/63097d2a0a2f7db3-01/chapters/LEV.7
  Saved: leviticus_7.xml
  Fetching Leviticus chapter 8...
  Requesting URL: https://rest.api.bible/v1/bibles/63097d2a0a2f7db3-01/chapters/LEV.8
  Saved: leviticus_8.xml
  Fetching Leviticus chapter 9...
  Requesting URL: https://rest.api.bible/v1/bibles/63097d2a0a2f7db3-01/chapters/LEV.9
  Saved: leviticus_9.xml
  Fetching Leviticus chapter 10...
  Requesting URL: https://rest.api.bible/v1/bibles/63097d2a0a2f7db3-01/chapters/LEV.10
  Saved: leviticus_10.xml
  Fetching Leviticus chapter 11...
  Requesting URL: https://rest.api.bible/v1/bibles/63097d2a0a2f7db3-01/chapters/LEV.11
  Saved: leviticus_11.xml
  Fetching Leviticus chapter 12...
  Requesting URL: https://rest.api.bible/v1/bibles/63097d2a0a2f7db3-01/chapters/LEV.12
  Saved: leviticus_12.xml
  Fetching Leviticus chapter 13...
  Requesting URL: https://rest.api.bible/v1/bibles/63097d2a0a2f7db3-01/chapters/LEV.13
  Saved: leviticus_13.xml
  Fetching Leviticus chapter 14...
  Requesting URL: https://rest.api.bible/v1/bibles/63097d2a0a2f7db3-01/chapters/LEV.14
  Saved: leviticus_14.xml
  Fetching Leviticus chapter 15...
  Requesting URL: https://rest.api.bible/v1/bibles/63097d2a0a2f7db3-01/chapters/LEV.15
  Saved: leviticus_15.xml
  Fetching Leviticus chapter 16...
  Requesting URL: https://rest.api.bible/v1/bibles/63097d2a0a2f7db3-01/chapters/LEV.16
  Saved: leviticus_16.xml
  Fetching Leviticus chapter 17...
  Requesting URL: https://rest.api.bible/v1/bibles/63097d2a0a2f7db3-01/chapters/LEV.17
  Saved: leviticus_17.xml
  Fetching Leviticus chapter 18...
  Requesting URL: https://rest.api.bible/v1/bibles/63097d2a0a2f7db3-01/chapters/LEV.18
  Saved: leviticus_18.xml
  Fetching Leviticus chapter 19...
  Requesting URL: https://rest.api.bible/v1/bibles/63097d2a0a2f7db3-01/chapters/LEV.19
  Saved: leviticus_19.xml
  Fetching Leviticus chapter 20...
  Requesting URL: https://rest.api.bible/v1/bibles/63097d2a0a2f7db3-01/chapters/LEV.20
  Saved: leviticus_20.xml
  Fetching Leviticus chapter 21...
  Requesting URL: https://rest.api.bible/v1/bibles/63097d2a0a2f7db3-01/chapters/LEV.21
  Saved: leviticus_21.xml
  Fetching Leviticus chapter 22...
  Requesting URL: https://rest.api.bible/v1/bibles/63097d2a0a2f7db3-01/chapters/LEV.22
  Saved: leviticus_22.xml
  Fetching Leviticus chapter 23...
  Requesting URL: https://rest.api.bible/v1/bibles/63097d2a0a2f7db3-01/chapters/LEV.23
  Saved: leviticus_23.xml
  Fetching Leviticus chapter 24...
  Requesting URL: https://rest.api.bible/v1/bibles/63097d2a0a2f7db3-01/chapters/LEV.24
  Saved: leviticus_24.xml
  Fetching Leviticus chapter 25...
  Requesting URL: https://rest.api.bible/v1/bibles/63097d2a0a2f7db3-01/chapters/LEV.25
  Saved: leviticus_25.xml
  Fetching Leviticus chapter 26...
  Requesting URL: https://rest.api.bible/v1/bibles/63097d2a0a2f7db3-01/chapters/LEV.26
  Saved: leviticus_26.xml
  Fetching Leviticus chapter 27...
  Requesting URL: https://rest.api.bible/v1/bibles/63097d2a0a2f7db3-01/chapters/LEV.27
  Saved: leviticus_27.xml

Processing Numbers for NKJV...
  Fetching Numbers chapter 1...
  Requesting URL: https://rest.api.bible/v1/bibles/63097d2a0a2f7db3-01/chapters/NUM.1
  Saved: numbers_1.xml
  Fetching Numbers chapter 2...
  Requesting URL: https://rest.api.bible/v1/bibles/63097d2a0a2f7db3-01/chapters/NUM.2
  Saved: numbers_2.xml
  Fetching Numbers chapter 3...
  Requesting URL: https://rest.api.bible/v1/bibles/63097d2a0a2f7db3-01/chapters/NUM.3
  Saved: numbers_3.xml
  Fetching Numbers chapter 4...
  Requesting URL: https://rest.api.bible/v1/bibles/63097d2a0a2f7db3-01/chapters/NUM.4
  Saved: numbers_4.xml
  Fetching Numbers chapter 5...
  Requesting URL: https://rest.api.bible/v1/bibles/63097d2a0a2f7db3-01/chapters/NUM.5
  Saved: numbers_5.xml
  Fetching Numbers chapter 6...
  Requesting URL: https://rest.api.bible/v1/bibles/63097d2a0a2f7db3-01/chapters/NUM.6
  Saved: numbers_6.xml
  Fetching Numbers chapter 7...
  Requesting URL: https://rest.api.bible/v1/bibles/63097d2a0a2f7db3-01/chapters/NUM.7
  Saved: numbers_7.xml
  Fetching Numbers chapter 8...
  Requesting URL: https://rest.api.bible/v1/bibles/63097d2a0a2f7db3-01/chapters/NUM.8
  Saved: numbers_8.xml
  Fetching Numbers chapter 9...
  Requesting URL: https://rest.api.bible/v1/bibles/63097d2a0a2f7db3-01/chapters/NUM.9
  Saved: numbers_9.xml
  Fetching Numbers chapter 10...
  Requesting URL: https://rest.api.bible/v1/bibles/63097d2a0a2f7db3-01/chapters/NUM.10
  Saved: numbers_10.xml
  Fetching Numbers chapter 11...
  Requesting URL: https://rest.api.bible/v1/bibles/63097d2a0a2f7db3-01/chapters/NUM.11
  Saved: numbers_11.xml
  Fetching Numbers chapter 12...
  Requesting URL: https://rest.api.bible/v1/bibles/63097d2a0a2f7db3-01/chapters/NUM.12
  Saved: numbers_12.xml
  Fetching Numbers chapter 13...
  Requesting URL: https://rest.api.bible/v1/bibles/63097d2a0a2f7db3-01/chapters/NUM.13
  Saved: numbers_13.xml
  Fetching Numbers chapter 14...
  Requesting URL: https://rest.api.bible/v1/bibles/63097d2a0a2f7db3-01/chapters/NUM.14
  Saved: numbers_14.xml
  Fetching Numbers chapter 15...
  Requesting URL: https://rest.api.bible/v1/bibles/63097d2a0a2f7db3-01/chapters/NUM.15
  Saved: numbers_15.xml
  Fetching Numbers chapter 16...
  Requesting URL: https://rest.api.bible/v1/bibles/63097d2a0a2f7db3-01/chapters/NUM.16
  Saved: numbers_16.xml
  Fetching Numbers chapter 17...
  Requesting URL: https://rest.api.bible/v1/bibles/63097d2a0a2f7db3-01/chapters/NUM.17
  Saved: numbers_17.xml
  Fetching Numbers chapter 18...
  Requesting URL: https://rest.api.bible/v1/bibles/63097d2a0a2f7db3-01/chapters/NUM.18
  Saved: numbers_18.xml
  Fetching Numbers chapter 19...
  Requesting URL: https://rest.api.bible/v1/bibles/63097d2a0a2f7db3-01/chapters/NUM.19
  Saved: numbers_19.xml
  Fetching Numbers chapter 20...
  Requesting URL: https://rest.api.bible/v1/bibles/63097d2a0a2f7db3-01/chapters/NUM.20
  Saved: numbers_20.xml
  Fetching Numbers chapter 21...
  Requesting URL: https://rest.api.bible/v1/bibles/63097d2a0a2f7db3-01/chapters/NUM.21
  Saved: numbers_21.xml
  Fetching Numbers chapter 22...
  Requesting URL: https://rest.api.bible/v1/bibles/63097d2a0a2f7db3-01/chapters/NUM.22
  Saved: numbers_22.xml
  Fetching Numbers chapter 23...
  Requesting URL: https://rest.api.bible/v1/bibles/63097d2a0a2f7db3-01/chapters/NUM.23
  Saved: numbers_23.xml
  Fetching Numbers chapter 24...
  Requesting URL: https://rest.api.bible/v1/bibles/63097d2a0a2f7db3-01/chapters/NUM.24
  Saved: numbers_24.xml
  Fetching Numbers chapter 25...
  Requesting URL: https://rest.api.bible/v1/bibles/63097d2a0a2f7db3-01/chapters/NUM.25
  Saved: numbers_25.xml
  Fetching Numbers chapter 26...
  Requesting URL: https://rest.api.bible/v1/bibles/63097d2a0a2f7db3-01/chapters/NUM.26
  Saved: numbers_26.xml
  Fetching Numbers chapter 27...
  Requesting URL: https://rest.api.bible/v1/bibles/63097d2a0a2f7db3-01/chapters/NUM.27
  Saved: numbers_27.xml
  Fetching Numbers chapter 28...
  Requesting URL: https://rest.api.bible/v1/bibles/63097d2a0a2f7db3-01/chapters/NUM.28
  Saved: numbers_28.xml
  Fetching Numbers chapter 29...
  Requesting URL: https://rest.api.bible/v1/bibles/63097d2a0a2f7db3-01/chapters/NUM.29
  Saved: numbers_29.xml
  Fetching Numbers chapter 30...
  Requesting URL: https://rest.api.bible/v1/bibles/63097d2a0a2f7db3-01/chapters/NUM.30
  Saved: numbers_30.xml
  Fetching Numbers chapter 31...
  Requesting URL: https://rest.api.bible/v1/bibles/63097d2a0a2f7db3-01/chapters/NUM.31
  Saved: numbers_31.xml
  Fetching Numbers chapter 32...
  Requesting URL: https://rest.api.bible/v1/bibles/63097d2a0a2f7db3-01/chapters/NUM.32
  Saved: numbers_32.xml
  Fetching Numbers chapter 33...
  Requesting URL: https://rest.api.bible/v1/bibles/63097d2a0a2f7db3-01/chapters/NUM.33
  Saved: numbers_33.xml
  Fetching Numbers chapter 34...
  Requesting URL: https://rest.api.bible/v1/bibles/63097d2a0a2f7db3-01/chapters/NUM.34
  Saved: numbers_34.xml
  Fetching Numbers chapter 35...
  Requesting URL: https://rest.api.bible/v1/bibles/63097d2a0a2f7db3-01/chapters/NUM.35
  Saved: numbers_35.xml
  Fetching Numbers chapter 36...
  Requesting URL: https://rest.api.bible/v1/bibles/63097d2a0a2f7db3-01/chapters/NUM.36
  Saved: numbers_36.xml

Processing Deuteronomy for NKJV...
  Fetching Deuteronomy chapter 1...
  Requesting URL: https://rest.api.bible/v1/bibles/63097d2a0a2f7db3-01/chapters/DEU.1
  Saved: deuteronomy_1.xml
  Fetching Deuteronomy chapter 2...
  Requesting URL: https://rest.api.bible/v1/bibles/63097d2a0a2f7db3-01/chapters/DEU.2
  Saved: deuteronomy_2.xml
  Fetching Deuteronomy chapter 3...
  Requesting URL: https://rest.api.bible/v1/bibles/63097d2a0a2f7db3-01/chapters/DEU.3
  Saved: deuteronomy_3.xml
  Fetching Deuteronomy chapter 4...
  Requesting URL: https://rest.api.bible/v1/bibles/63097d2a0a2f7db3-01/chapters/DEU.4
  Saved: deuteronomy_4.xml
  Fetching Deuteronomy chapter 5...
  Requesting URL: https://rest.api.bible/v1/bibles/63097d2a0a2f7db3-01/chapters/DEU.5
  Saved: deuteronomy_5.xml
  Fetching Deuteronomy chapter 6...
  Requesting URL: https://rest.api.bible/v1/bibles/63097d2a0a2f7db3-01/chapters/DEU.6
  Saved: deuteronomy_6.xml
  Fetching Deuteronomy chapter 7...
  Requesting URL: https://rest.api.bible/v1/bibles/63097d2a0a2f7db3-01/chapters/DEU.7
  Saved: deuteronomy_7.xml
  Fetching Deuteronomy chapter 8...
  Requesting URL: https://rest.api.bible/v1/bibles/63097d2a0a2f7db3-01/chapters/DEU.8
  Saved: deuteronomy_8.xml
  Fetching Deuteronomy chapter 9...
  Requesting URL: https://rest.api.bible/v1/bibles/63097d2a0a2f7db3-01/chapters/DEU.9
  Saved: deuteronomy_9.xml
  Fetching Deuteronomy chapter 10...
  Requesting URL: https://rest.api.bible/v1/bibles/63097d2a0a2f7db3-01/chapters/DEU.10
  Saved: deuteronomy_10.xml
  Fetching Deuteronomy chapter 11...
  Requesting URL: https://rest.api.bible/v1/bibles/63097d2a0a2f7db3-01/chapters/DEU.11
  Saved: deuteronomy_11.xml
  Fetching Deuteronomy chapter 12...
  Requesting URL: https://rest.api.bible/v1/bibles/63097d2a0a2f7db3-01/chapters/DEU.12
  Saved: deuteronomy_12.xml
  Fetching Deuteronomy chapter 13...
  Requesting URL: https://rest.api.bible/v1/bibles/63097d2a0a2f7db3-01/chapters/DEU.13
  Saved: deuteronomy_13.xml
  Fetching Deuteronomy chapter 14...
  Requesting URL: https://rest.api.bible/v1/bibles/63097d2a0a2f7db3-01/chapters/DEU.14
  Saved: deuteronomy_14.xml
  Fetching Deuteronomy chapter 15...
  Requesting URL: https://rest.api.bible/v1/bibles/63097d2a0a2f7db3-01/chapters/DEU.15
  Saved: deuteronomy_15.xml
  Fetching Deuteronomy chapter 16...
  Requesting URL: https://rest.api.bible/v1/bibles/63097d2a0a2f7db3-01/chapters/DEU.16
  Saved: deuteronomy_16.xml
  Fetching Deuteronomy chapter 17...
  Requesting URL: https://rest.api.bible/v1/bibles/63097d2a0a2f7db3-01/chapters/DEU.17
  Saved: deuteronomy_17.xml
  Fetching Deuteronomy chapter 18...
  Requesting URL: https://rest.api.bible/v1/bibles/63097d2a0a2f7db3-01/chapters/DEU.18
  Saved: deuteronomy_18.xml
  Fetching Deuteronomy chapter 19...
  Requesting URL: https://rest.api.bible/v1/bibles/63097d2a0a2f7db3-01/chapters/DEU.19
  Saved: deuteronomy_19.xml
  Fetching Deuteronomy chapter 20...
  Requesting URL: https://rest.api.bible/v1/bibles/63097d2a0a2f7db3-01/chapters/DEU.20
  Saved: deuteronomy_20.xml
  Fetching Deuteronomy chapter 21...
  Requesting URL: https://rest.api.bible/v1/bibles/63097d2a0a2f7db3-01/chapters/DEU.21
  Saved: deuteronomy_21.xml
  Fetching Deuteronomy chapter 22...
  Requesting URL: https://rest.api.bible/v1/bibles/63097d2a0a2f7db3-01/chapters/DEU.22
  Saved: deuteronomy_22.xml
  Fetching Deuteronomy chapter 23...
  Requesting URL: https://rest.api.bible/v1/bibles/63097d2a0a2f7db3-01/chapters/DEU.23
  Saved: deuteronomy_23.xml
  Fetching Deuteronomy chapter 24...
  Requesting URL: https://rest.api.bible/v1/bibles/63097d2a0a2f7db3-01/chapters/DEU.24
  Saved: deuteronomy_24.xml
  Fetching Deuteronomy chapter 25...
  Requesting URL: https://rest.api.bible/v1/bibles/63097d2a0a2f7db3-01/chapters/DEU.25
  Saved: deuteronomy_25.xml
  Fetching Deuteronomy chapter 26...
  Requesting URL: https://rest.api.bible/v1/bibles/63097d2a0a2f7db3-01/chapters/DEU.26
  Saved: deuteronomy_26.xml
  Fetching Deuteronomy chapter 27...
  Requesting URL: https://rest.api.bible/v1/bibles/63097d2a0a2f7db3-01/chapters/DEU.27
  Saved: deuteronomy_27.xml
  Fetching Deuteronomy chapter 28...
  Requesting URL: https://rest.api.bible/v1/bibles/63097d2a0a2f7db3-01/chapters/DEU.28
  Saved: deuteronomy_28.xml
  Fetching Deuteronomy chapter 29...
  Requesting URL: https://rest.api.bible/v1/bibles/63097d2a0a2f7db3-01/chapters/DEU.29
  Saved: deuteronomy_29.xml
  Fetching Deuteronomy chapter 30...
  Requesting URL: https://rest.api.bible/v1/bibles/63097d2a0a2f7db3-01/chapters/DEU.30
  Saved: deuteronomy_30.xml
  Fetching Deuteronomy chapter 31...
  Requesting URL: https://rest.api.bible/v1/bibles/63097d2a0a2f7db3-01/chapters/DEU.31
  Saved: deuteronomy_31.xml
  Fetching Deuteronomy chapter 32...
  Requesting URL: https://rest.api.bible/v1/bibles/63097d2a0a2f7db3-01/chapters/DEU.32
  Saved: deuteronomy_32.xml
  Fetching Deuteronomy chapter 33...
  Requesting URL: https://rest.api.bible/v1/bibles/63097d2a0a2f7db3-01/chapters/DEU.33
  Saved: deuteronomy_33.xml
  Fetching Deuteronomy chapter 34...
  Requesting URL: https://rest.api.bible/v1/bibles/63097d2a0a2f7db3-01/chapters/DEU.34
  Saved: deuteronomy_34.xml

Processing Joshua for NKJV...
  Fetching Joshua chapter 1...
  Requesting URL: https://rest.api.bible/v1/bibles/63097d2a0a2f7db3-01/chapters/JOS.1
  Saved: joshua_1.xml
  Fetching Joshua chapter 2...
  Requesting URL: https://rest.api.bible/v1/bibles/63097d2a0a2f7db3-01/chapters/JOS.2
  Saved: joshua_2.xml
  Fetching Joshua chapter 3...
  Requesting URL: https://rest.api.bible/v1/bibles/63097d2a0a2f7db3-01/chapters/JOS.3
  Saved: joshua_3.xml
  Fetching Joshua chapter 4...
  Requesting URL: https://rest.api.bible/v1/bibles/63097d2a0a2f7db3-01/chapters/JOS.4
  Saved: joshua_4.xml
  Fetching Joshua chapter 5...
  Requesting URL: https://rest.api.bible/v1/bibles/63097d2a0a2f7db3-01/chapters/JOS.5
  Saved: joshua_5.xml
  Fetching Joshua chapter 6...
  Requesting URL: https://rest.api.bible/v1/bibles/63097d2a0a2f7db3-01/chapters/JOS.6
  Saved: joshua_6.xml
  Fetching Joshua chapter 7...
  Requesting URL: https://rest.api.bible/v1/bibles/63097d2a0a2f7db3-01/chapters/JOS.7
  Saved: joshua_7.xml
  Fetching Joshua chapter 8...
  Requesting URL: https://rest.api.bible/v1/bibles/63097d2a0a2f7db3-01/chapters/JOS.8
  Saved: joshua_8.xml
  Fetching Joshua chapter 9...
  Requesting URL: https://rest.api.bible/v1/bibles/63097d2a0a2f7db3-01/chapters/JOS.9
  Saved: joshua_9.xml
  Fetching Joshua chapter 10...
  Requesting URL: https://rest.api.bible/v1/bibles/63097d2a0a2f7db3-01/chapters/JOS.10
  Saved: joshua_10.xml
  Fetching Joshua chapter 11...
  Requesting URL: https://rest.api.bible/v1/bibles/63097d2a0a2f7db3-01/chapters/JOS.11
  Saved: joshua_11.xml
  Fetching Joshua chapter 12...
  Requesting URL: https://rest.api.bible/v1/bibles/63097d2a0a2f7db3-01/chapters/JOS.12
  Saved: joshua_12.xml
  Fetching Joshua chapter 13...
  Requesting URL: https://rest.api.bible/v1/bibles/63097d2a0a2f7db3-01/chapters/JOS.13
  Saved: joshua_13.xml
  Fetching Joshua chapter 14...
  Requesting URL: https://rest.api.bible/v1/bibles/63097d2a0a2f7db3-01/chapters/JOS.14
  Saved: joshua_14.xml
  Fetching Joshua chapter 15...
  Requesting URL: https://rest.api.bible/v1/bibles/63097d2a0a2f7db3-01/chapters/JOS.15
  Saved: joshua_15.xml
  Fetching Joshua chapter 16...
  Requesting URL: https://rest.api.bible/v1/bibles/63097d2a0a2f7db3-01/chapters/JOS.16
  Saved: joshua_16.xml
  Fetching Joshua chapter 17...
  Requesting URL: https://rest.api.bible/v1/bibles/63097d2a0a2f7db3-01/chapters/JOS.17
  Saved: joshua_17.xml
  Fetching Joshua chapter 18...
  Requesting URL: https://rest.api.bible/v1/bibles/63097d2a0a2f7db3-01/chapters/JOS.18
  Saved: joshua_18.xml
  Fetching Joshua chapter 19...
  Requesting URL: https://rest.api.bible/v1/bibles/63097d2a0a2f7db3-01/chapters/JOS.19
  Saved: joshua_19.xml
  Fetching Joshua chapter 20...
  Requesting URL: https://rest.api.bible/v1/bibles/63097d2a0a2f7db3-01/chapters/JOS.20
  Saved: joshua_20.xml
  Fetching Joshua chapter 21...
  Requesting URL: https://rest.api.bible/v1/bibles/63097d2a0a2f7db3-01/chapters/JOS.21
  Saved: joshua_21.xml
  Fetching Joshua chapter 22...
  Requesting URL: https://rest.api.bible/v1/bibles/63097d2a0a2f7db3-01/chapters/JOS.22
  Saved: joshua_22.xml
  Fetching Joshua chapter 23...
  Requesting URL: https://rest.api.bible/v1/bibles/63097d2a0a2f7db3-01/chapters/JOS.23
  Saved: joshua_23.xml
  Fetching Joshua chapter 24...
  Requesting URL: https://rest.api.bible/v1/bibles/63097d2a0a2f7db3-01/chapters/JOS.24
  Saved: joshua_24.xml

Processing Judges for NKJV...
  Fetching Judges chapter 1...
  Requesting URL: https://rest.api.bible/v1/bibles/63097d2a0a2f7db3-01/chapters/JDG.1
  Saved: judges_1.xml
  Fetching Judges chapter 2...
  Requesting URL: https://rest.api.bible/v1/bibles/63097d2a0a2f7db3-01/chapters/JDG.2
  Saved: judges_2.xml
  Fetching Judges chapter 3...
  Requesting URL: https://rest.api.bible/v1/bibles/63097d2a0a2f7db3-01/chapters/JDG.3
  Saved: judges_3.xml
  Fetching Judges chapter 4...
  Requesting URL: https://rest.api.bible/v1/bibles/63097d2a0a2f7db3-01/chapters/JDG.4
  Saved: judges_4.xml
  Fetching Judges chapter 5...
  Requesting URL: https://rest.api.bible/v1/bibles/63097d2a0a2f7db3-01/chapters/JDG.5
  Saved: judges_5.xml
  Fetching Judges chapter 6...
  Requesting URL: https://rest.api.bible/v1/bibles/63097d2a0a2f7db3-01/chapters/JDG.6
  Saved: judges_6.xml
  Fetching Judges chapter 7...
  Requesting URL: https://rest.api.bible/v1/bibles/63097d2a0a2f7db3-01/chapters/JDG.7
  Saved: judges_7.xml
  Fetching Judges chapter 8...
  Requesting URL: https://rest.api.bible/v1/bibles/63097d2a0a2f7db3-01/chapters/JDG.8
  Saved: judges_8.xml
  Fetching Judges chapter 9...
  Requesting URL: https://rest.api.bible/v1/bibles/63097d2a0a2f7db3-01/chapters/JDG.9
  Saved: judges_9.xml
  Fetching Judges chapter 10...
  Requesting URL: https://rest.api.bible/v1/bibles/63097d2a0a2f7db3-01/chapters/JDG.10
  Saved: judges_10.xml
  Fetching Judges chapter 11...
  Requesting URL: https://rest.api.bible/v1/bibles/63097d2a0a2f7db3-01/chapters/JDG.11
  Saved: judges_11.xml
  Fetching Judges chapter 12...
  Requesting URL: https://rest.api.bible/v1/bibles/63097d2a0a2f7db3-01/chapters/JDG.12
  Saved: judges_12.xml
  Fetching Judges chapter 13...
  Requesting URL: https://rest.api.bible/v1/bibles/63097d2a0a2f7db3-01/chapters/JDG.13
  Saved: judges_13.xml
  Fetching Judges chapter 14...
  Requesting URL: https://rest.api.bible/v1/bibles/63097d2a0a2f7db3-01/chapters/JDG.14
  Saved: judges_14.xml
  Fetching Judges chapter 15...
  Requesting URL: https://rest.api.bible/v1/bibles/63097d2a0a2f7db3-01/chapters/JDG.15
  Saved: judges_15.xml
  Fetching Judges chapter 16...
  Requesting URL: https://rest.api.bible/v1/bibles/63097d2a0a2f7db3-01/chapters/JDG.16
  Saved: judges_16.xml
  Fetching Judges chapter 17...
  Requesting URL: https://rest.api.bible/v1/bibles/63097d2a0a2f7db3-01/chapters/JDG.17
  Saved: judges_17.xml
  Fetching Judges chapter 18...
  Requesting URL: https://rest.api.bible/v1/bibles/63097d2a0a2f7db3-01/chapters/JDG.18
  Saved: judges_18.xml
  Fetching Judges chapter 19...
  Requesting URL: https://rest.api.bible/v1/bibles/63097d2a0a2f7db3-01/chapters/JDG.19
  Saved: judges_19.xml
  Fetching Judges chapter 20...
  Requesting URL: https://rest.api.bible/v1/bibles/63097d2a0a2f7db3-01/chapters/JDG.20
  Saved: judges_20.xml
  Fetching Judges chapter 21...
  Requesting URL: https://rest.api.bible/v1/bibles/63097d2a0a2f7db3-01/chapters/JDG.21
  Saved: judges_21.xml

Processing Ruth for NKJV...
  Fetching Ruth chapter 1...
  Requesting URL: https://rest.api.bible/v1/bibles/63097d2a0a2f7db3-01/chapters/RUT.1
  Saved: ruth_1.xml
  Fetching Ruth chapter 2...
  Requesting URL: https://rest.api.bible/v1/bibles/63097d2a0a2f7db3-01/chapters/RUT.2
  Saved: ruth_2.xml
  Fetching Ruth chapter 3...
  Requesting URL: https://rest.api.bible/v1/bibles/63097d2a0a2f7db3-01/chapters/RUT.3
  Saved: ruth_3.xml
  Fetching Ruth chapter 4...
  Requesting URL: https://rest.api.bible/v1/bibles/63097d2a0a2f7db3-01/chapters/RUT.4
  Saved: ruth_4.xml

Processing 1 Samuel for NKJV...
  Fetching 1 Samuel chapter 1...
  Requesting URL: https://rest.api.bible/v1/bibles/63097d2a0a2f7db3-01/chapters/1SA.1
  Saved: 1_samuel_1.xml
  Fetching 1 Samuel chapter 2...
  Requesting URL: https://rest.api.bible/v1/bibles/63097d2a0a2f7db3-01/chapters/1SA.2
  Saved: 1_samuel_2.xml
  Fetching 1 Samuel chapter 3...
  Requesting URL: https://rest.api.bible/v1/bibles/63097d2a0a2f7db3-01/chapters/1SA.3
  Saved: 1_samuel_3.xml
  Fetching 1 Samuel chapter 4...
  Requesting URL: https://rest.api.bible/v1/bibles/63097d2a0a2f7db3-01/chapters/1SA.4
  Saved: 1_samuel_4.xml
  Fetching 1 Samuel chapter 5...
  Requesting URL: https://rest.api.bible/v1/bibles/63097d2a0a2f7db3-01/chapters/1SA.5
  Saved: 1_samuel_5.xml
  Fetching 1 Samuel chapter 6...
  Requesting URL: https://rest.api.bible/v1/bibles/63097d2a0a2f7db3-01/chapters/1SA.6
  Saved: 1_samuel_6.xml
  Fetching 1 Samuel chapter 7...
  Requesting URL: https://rest.api.bible/v1/bibles/63097d2a0a2f7db3-01/chapters/1SA.7
  Saved: 1_samuel_7.xml
  Fetching 1 Samuel chapter 8...
  Requesting URL: https://rest.api.bible/v1/bibles/63097d2a0a2f7db3-01/chapters/1SA.8
  Saved: 1_samuel_8.xml
  Fetching 1 Samuel chapter 9...
  Requesting URL: https://rest.api.bible/v1/bibles/63097d2a0a2f7db3-01/chapters/1SA.9
  Saved: 1_samuel_9.xml
  Fetching 1 Samuel chapter 10...
  Requesting URL: https://rest.api.bible/v1/bibles/63097d2a0a2f7db3-01/chapters/1SA.10
  Saved: 1_samuel_10.xml
  Fetching 1 Samuel chapter 11...
  Requesting URL: https://rest.api.bible/v1/bibles/63097d2a0a2f7db3-01/chapters/1SA.11
  Saved: 1_samuel_11.xml
  Fetching 1 Samuel chapter 12...
  Requesting URL: https://rest.api.bible/v1/bibles/63097d2a0a2f7db3-01/chapters/1SA.12
  Saved: 1_samuel_12.xml
  Fetching 1 Samuel chapter 13...
  Requesting URL: https://rest.api.bible/v1/bibles/63097d2a0a2f7db3-01/chapters/1SA.13
  Saved: 1_samuel_13.xml
  Fetching 1 Samuel chapter 14...
  Requesting URL: https://rest.api.bible/v1/bibles/63097d2a0a2f7db3-01/chapters/1SA.14
  Saved: 1_samuel_14.xml
  Fetching 1 Samuel chapter 15...
  Requesting URL: https://rest.api.bible/v1/bibles/63097d2a0a2f7db3-01/chapters/1SA.15
  Saved: 1_samuel_15.xml
  Fetching 1 Samuel chapter 16...
  Requesting URL: https://rest.api.bible/v1/bibles/63097d2a0a2f7db3-01/chapters/1SA.16
  Saved: 1_samuel_16.xml
  Fetching 1 Samuel chapter 17...
  Requesting URL: https://rest.api.bible/v1/bibles/63097d2a0a2f7db3-01/chapters/1SA.17
  Saved: 1_samuel_17.xml
  Fetching 1 Samuel chapter 18...
  Requesting URL: https://rest.api.bible/v1/bibles/63097d2a0a2f7db3-01/chapters/1SA.18
  Saved: 1_samuel_18.xml
  Fetching 1 Samuel chapter 19...
  Requesting URL: https://rest.api.bible/v1/bibles/63097d2a0a2f7db3-01/chapters/1SA.19
  Saved: 1_samuel_19.xml
  Fetching 1 Samuel chapter 20...
  Requesting URL: https://rest.api.bible/v1/bibles/63097d2a0a2f7db3-01/chapters/1SA.20
  Saved: 1_samuel_20.xml
  Fetching 1 Samuel chapter 21...
  Requesting URL: https://rest.api.bible/v1/bibles/63097d2a0a2f7db3-01/chapters/1SA.21
  Saved: 1_samuel_21.xml
  Fetching 1 Samuel chapter 22...
  Requesting URL: https://rest.api.bible/v1/bibles/63097d2a0a2f7db3-01/chapters/1SA.22
  Saved: 1_samuel_22.xml
  Fetching 1 Samuel chapter 23...
  Requesting URL: https://rest.api.bible/v1/bibles/63097d2a0a2f7db3-01/chapters/1SA.23
  Saved: 1_samuel_23.xml
  Fetching 1 Samuel chapter 24...
  Requesting URL: https://rest.api.bible/v1/bibles/63097d2a0a2f7db3-01/chapters/1SA.24
  Saved: 1_samuel_24.xml
  Fetching 1 Samuel chapter 25...
  Requesting URL: https://rest.api.bible/v1/bibles/63097d2a0a2f7db3-01/chapters/1SA.25
  Saved: 1_samuel_25.xml
  Fetching 1 Samuel chapter 26...
  Requesting URL: https://rest.api.bible/v1/bibles/63097d2a0a2f7db3-01/chapters/1SA.26
  Saved: 1_samuel_26.xml
  Fetching 1 Samuel chapter 27...
  Requesting URL: https://rest.api.bible/v1/bibles/63097d2a0a2f7db3-01/chapters/1SA.27
  Saved: 1_samuel_27.xml
  Fetching 1 Samuel chapter 28...
  Requesting URL: https://rest.api.bible/v1/bibles/63097d2a0a2f7db3-01/chapters/1SA.28
  Saved: 1_samuel_28.xml
  Fetching 1 Samuel chapter 29...
  Requesting URL: https://rest.api.bible/v1/bibles/63097d2a0a2f7db3-01/chapters/1SA.29
  Saved: 1_samuel_29.xml
  Fetching 1 Samuel chapter 30...
  Requesting URL: https://rest.api.bible/v1/bibles/63097d2a0a2f7db3-01/chapters/1SA.30
  Saved: 1_samuel_30.xml
  Fetching 1 Samuel chapter 31...
  Requesting URL: https://rest.api.bible/v1/bibles/63097d2a0a2f7db3-01/chapters/1SA.31
  Saved: 1_samuel_31.xml

Processing 2 Samuel for NKJV...
  Fetching 2 Samuel chapter 1...
  Requesting URL: https://rest.api.bible/v1/bibles/63097d2a0a2f7db3-01/chapters/2SA.1
  Saved: 2_samuel_1.xml
  Fetching 2 Samuel chapter 2...
  Requesting URL: https://rest.api.bible/v1/bibles/63097d2a0a2f7db3-01/chapters/2SA.2
  Saved: 2_samuel_2.xml
  Fetching 2 Samuel chapter 3...
  Requesting URL: https://rest.api.bible/v1/bibles/63097d2a0a2f7db3-01/chapters/2SA.3
  Saved: 2_samuel_3.xml
  Fetching 2 Samuel chapter 4...
  Requesting URL: https://rest.api.bible/v1/bibles/63097d2a0a2f7db3-01/chapters/2SA.4
  Saved: 2_samuel_4.xml
  Fetching 2 Samuel chapter 5...
  Requesting URL: https://rest.api.bible/v1/bibles/63097d2a0a2f7db3-01/chapters/2SA.5
  Saved: 2_samuel_5.xml
  Fetching 2 Samuel chapter 6...
  Requesting URL: https://rest.api.bible/v1/bibles/63097d2a0a2f7db3-01/chapters/2SA.6
  Saved: 2_samuel_6.xml
  Fetching 2 Samuel chapter 7...
  Requesting URL: https://rest.api.bible/v1/bibles/63097d2a0a2f7db3-01/chapters/2SA.7
  Saved: 2_samuel_7.xml
  Fetching 2 Samuel chapter 8...
  Requesting URL: https://rest.api.bible/v1/bibles/63097d2a0a2f7db3-01/chapters/2SA.8
  Saved: 2_samuel_8.xml
  Fetching 2 Samuel chapter 9...
  Requesting URL: https://rest.api.bible/v1/bibles/63097d2a0a2f7db3-01/chapters/2SA.9
  Saved: 2_samuel_9.xml
  Fetching 2 Samuel chapter 10...
  Requesting URL: https://rest.api.bible/v1/bibles/63097d2a0a2f7db3-01/chapters/2SA.10
  Saved: 2_samuel_10.xml
  Fetching 2 Samuel chapter 11...
  Requesting URL: https://rest.api.bible/v1/bibles/63097d2a0a2f7db3-01/chapters/2SA.11
  Saved: 2_samuel_11.xml
  Fetching 2 Samuel chapter 12...
  Requesting URL: https://rest.api.bible/v1/bibles/63097d2a0a2f7db3-01/chapters/2SA.12
  Saved: 2_samuel_12.xml
  Fetching 2 Samuel chapter 13...
  Requesting URL: https://rest.api.bible/v1/bibles/63097d2a0a2f7db3-01/chapters/2SA.13
  Saved: 2_samuel_13.xml
  Fetching 2 Samuel chapter 14...
  Requesting URL: https://rest.api.bible/v1/bibles/63097d2a0a2f7db3-01/chapters/2SA.14
  Saved: 2_samuel_14.xml
  Fetching 2 Samuel chapter 15...
  Requesting URL: https://rest.api.bible/v1/bibles/63097d2a0a2f7db3-01/chapters/2SA.15
  Saved: 2_samuel_15.xml
  Fetching 2 Samuel chapter 16...
  Requesting URL: https://rest.api.bible/v1/bibles/63097d2a0a2f7db3-01/chapters/2SA.16
  Saved: 2_samuel_16.xml
  Fetching 2 Samuel chapter 17...
  Requesting URL: https://rest.api.bible/v1/bibles/63097d2a0a2f7db3-01/chapters/2SA.17
  Saved: 2_samuel_17.xml
  Fetching 2 Samuel chapter 18...
  Requesting URL: https://rest.api.bible/v1/bibles/63097d2a0a2f7db3-01/chapters/2SA.18
  Saved: 2_samuel_18.xml
  Fetching 2 Samuel chapter 19...
  Requesting URL: https://rest.api.bible/v1/bibles/63097d2a0a2f7db3-01/chapters/2SA.19
  Saved: 2_samuel_19.xml
  Fetching 2 Samuel chapter 20...
  Requesting URL: https://rest.api.bible/v1/bibles/63097d2a0a2f7db3-01/chapters/2SA.20
  Saved: 2_samuel_20.xml
  Fetching 2 Samuel chapter 21...
  Requesting URL: https://rest.api.bible/v1/bibles/63097d2a0a2f7db3-01/chapters/2SA.21
  Saved: 2_samuel_21.xml
  Fetching 2 Samuel chapter 22...
  Requesting URL: https://rest.api.bible/v1/bibles/63097d2a0a2f7db3-01/chapters/2SA.22
  Saved: 2_samuel_22.xml
  Fetching 2 Samuel chapter 23...
  Requesting URL: https://rest.api.bible/v1/bibles/63097d2a0a2f7db3-01/chapters/2SA.23
  Saved: 2_samuel_23.xml
  Fetching 2 Samuel chapter 24...
  Requesting URL: https://rest.api.bible/v1/bibles/63097d2a0a2f7db3-01/chapters/2SA.24
  Saved: 2_samuel_24.xml

Processing 1 Kings for NKJV...
  Fetching 1 Kings chapter 1...
  Requesting URL: https://rest.api.bible/v1/bibles/63097d2a0a2f7db3-01/chapters/1KI.1
  Saved: 1_kings_1.xml
  Fetching 1 Kings chapter 2...
  Requesting URL: https://rest.api.bible/v1/bibles/63097d2a0a2f7db3-01/chapters/1KI.2
  Saved: 1_kings_2.xml
  Fetching 1 Kings chapter 3...
  Requesting URL: https://rest.api.bible/v1/bibles/63097d2a0a2f7db3-01/chapters/1KI.3
  Saved: 1_kings_3.xml
  Fetching 1 Kings chapter 4...
  Requesting URL: https://rest.api.bible/v1/bibles/63097d2a0a2f7db3-01/chapters/1KI.4
  Saved: 1_kings_4.xml
  Fetching 1 Kings chapter 5...
  Requesting URL: https://rest.api.bible/v1/bibles/63097d2a0a2f7db3-01/chapters/1KI.5
  Saved: 1_kings_5.xml
  Fetching 1 Kings chapter 6...
  Requesting URL: https://rest.api.bible/v1/bibles/63097d2a0a2f7db3-01/chapters/1KI.6
  Saved: 1_kings_6.xml
  Fetching 1 Kings chapter 7...
  Requesting URL: https://rest.api.bible/v1/bibles/63097d2a0a2f7db3-01/chapters/1KI.7
  Saved: 1_kings_7.xml
  Fetching 1 Kings chapter 8...
  Requesting URL: https://rest.api.bible/v1/bibles/63097d2a0a2f7db3-01/chapters/1KI.8
  Saved: 1_kings_8.xml
  Fetching 1 Kings chapter 9...
  Requesting URL: https://rest.api.bible/v1/bibles/63097d2a0a2f7db3-01/chapters/1KI.9
  Saved: 1_kings_9.xml
  Fetching 1 Kings chapter 10...
  Requesting URL: https://rest.api.bible/v1/bibles/63097d2a0a2f7db3-01/chapters/1KI.10
  Saved: 1_kings_10.xml
  Fetching 1 Kings chapter 11...
  Requesting URL: https://rest.api.bible/v1/bibles/63097d2a0a2f7db3-01/chapters/1KI.11
  Saved: 1_kings_11.xml
  Fetching 1 Kings chapter 12...
  Requesting URL: https://rest.api.bible/v1/bibles/63097d2a0a2f7db3-01/chapters/1KI.12
  Saved: 1_kings_12.xml
  Fetching 1 Kings chapter 13...
  Requesting URL: https://rest.api.bible/v1/bibles/63097d2a0a2f7db3-01/chapters/1KI.13
  Saved: 1_kings_13.xml
  Fetching 1 Kings chapter 14...
  Requesting URL: https://rest.api.bible/v1/bibles/63097d2a0a2f7db3-01/chapters/1KI.14
  Saved: 1_kings_14.xml
  Fetching 1 Kings chapter 15...
  Requesting URL: https://rest.api.bible/v1/bibles/63097d2a0a2f7db3-01/chapters/1KI.15
  Saved: 1_kings_15.xml
  Fetching 1 Kings chapter 16...
  Requesting URL: https://rest.api.bible/v1/bibles/63097d2a0a2f7db3-01/chapters/1KI.16
  Saved: 1_kings_16.xml
  Fetching 1 Kings chapter 17...
  Requesting URL: https://rest.api.bible/v1/bibles/63097d2a0a2f7db3-01/chapters/1KI.17
  Saved: 1_kings_17.xml
  Fetching 1 Kings chapter 18...
  Requesting URL: https://rest.api.bible/v1/bibles/63097d2a0a2f7db3-01/chapters/1KI.18
  Saved: 1_kings_18.xml
  Fetching 1 Kings chapter 19...
  Requesting URL: https://rest.api.bible/v1/bibles/63097d2a0a2f7db3-01/chapters/1KI.19
  Saved: 1_kings_19.xml
  Fetching 1 Kings chapter 20...
  Requesting URL: https://rest.api.bible/v1/bibles/63097d2a0a2f7db3-01/chapters/1KI.20
  Saved: 1_kings_20.xml
  Fetching 1 Kings chapter 21...
  Requesting URL: https://rest.api.bible/v1/bibles/63097d2a0a2f7db3-01/chapters/1KI.21
  Saved: 1_kings_21.xml
  Fetching 1 Kings chapter 22...
  Requesting URL: https://rest.api.bible/v1/bibles/63097d2a0a2f7db3-01/chapters/1KI.22
  Saved: 1_kings_22.xml

Processing 2 Kings for NKJV...
  Fetching 2 Kings chapter 1...
  Requesting URL: https://rest.api.bible/v1/bibles/63097d2a0a2f7db3-01/chapters/2KI.1
  Saved: 2_kings_1.xml
  Fetching 2 Kings chapter 2...
  Requesting URL: https://rest.api.bible/v1/bibles/63097d2a0a2f7db3-01/chapters/2KI.2
  Saved: 2_kings_2.xml
  Fetching 2 Kings chapter 3...
  Requesting URL: https://rest.api.bible/v1/bibles/63097d2a0a2f7db3-01/chapters/2KI.3
  Saved: 2_kings_3.xml
  Fetching 2 Kings chapter 4...
  Requesting URL: https://rest.api.bible/v1/bibles/63097d2a0a2f7db3-01/chapters/2KI.4
  Saved: 2_kings_4.xml
  Fetching 2 Kings chapter 5...
  Requesting URL: https://rest.api.bible/v1/bibles/63097d2a0a2f7db3-01/chapters/2KI.5
  Saved: 2_kings_5.xml
  Fetching 2 Kings chapter 6...
  Requesting URL: https://rest.api.bible/v1/bibles/63097d2a0a2f7db3-01/chapters/2KI.6
  Saved: 2_kings_6.xml
  Fetching 2 Kings chapter 7...
  Requesting URL: https://rest.api.bible/v1/bibles/63097d2a0a2f7db3-01/chapters/2KI.7
  Saved: 2_kings_7.xml
  Fetching 2 Kings chapter 8...
  Requesting URL: https://rest.api.bible/v1/bibles/63097d2a0a2f7db3-01/chapters/2KI.8
  Saved: 2_kings_8.xml
  Fetching 2 Kings chapter 9...
  Requesting URL: https://rest.api.bible/v1/bibles/63097d2a0a2f7db3-01/chapters/2KI.9
  Saved: 2_kings_9.xml
  Fetching 2 Kings chapter 10...
  Requesting URL: https://rest.api.bible/v1/bibles/63097d2a0a2f7db3-01/chapters/2KI.10
  Saved: 2_kings_10.xml
  Fetching 2 Kings chapter 11...
  Requesting URL: https://rest.api.bible/v1/bibles/63097d2a0a2f7db3-01/chapters/2KI.11
  Saved: 2_kings_11.xml
  Fetching 2 Kings chapter 12...
  Requesting URL: https://rest.api.bible/v1/bibles/63097d2a0a2f7db3-01/chapters/2KI.12
  Saved: 2_kings_12.xml
  Fetching 2 Kings chapter 13...
  Requesting URL: https://rest.api.bible/v1/bibles/63097d2a0a2f7db3-01/chapters/2KI.13
  Saved: 2_kings_13.xml
  Fetching 2 Kings chapter 14...
  Requesting URL: https://rest.api.bible/v1/bibles/63097d2a0a2f7db3-01/chapters/2KI.14
  Saved: 2_kings_14.xml
  Fetching 2 Kings chapter 15...
  Requesting URL: https://rest.api.bible/v1/bibles/63097d2a0a2f7db3-01/chapters/2KI.15
  Saved: 2_kings_15.xml
  Fetching 2 Kings chapter 16...
  Requesting URL: https://rest.api.bible/v1/bibles/63097d2a0a2f7db3-01/chapters/2KI.16
  Saved: 2_kings_16.xml
  Fetching 2 Kings chapter 17...
  Requesting URL: https://rest.api.bible/v1/bibles/63097d2a0a2f7db3-01/chapters/2KI.17
  Saved: 2_kings_17.xml
  Fetching 2 Kings chapter 18...
  Requesting URL: https://rest.api.bible/v1/bibles/63097d2a0a2f7db3-01/chapters/2KI.18
  Saved: 2_kings_18.xml
  Fetching 2 Kings chapter 19...
  Requesting URL: https://rest.api.bible/v1/bibles/63097d2a0a2f7db3-01/chapters/2KI.19
  Saved: 2_kings_19.xml
  Fetching 2 Kings chapter 20...
  Requesting URL: https://rest.api.bible/v1/bibles/63097d2a0a2f7db3-01/chapters/2KI.20
  Saved: 2_kings_20.xml
  Fetching 2 Kings chapter 21...
  Requesting URL: https://rest.api.bible/v1/bibles/63097d2a0a2f7db3-01/chapters/2KI.21
  Saved: 2_kings_21.xml
  Fetching 2 Kings chapter 22...
  Requesting URL: https://rest.api.bible/v1/bibles/63097d2a0a2f7db3-01/chapters/2KI.22
  Saved: 2_kings_22.xml
  Fetching 2 Kings chapter 23...
  Requesting URL: https://rest.api.bible/v1/bibles/63097d2a0a2f7db3-01/chapters/2KI.23
  Saved: 2_kings_23.xml
  Fetching 2 Kings chapter 24...
  Requesting URL: https://rest.api.bible/v1/bibles/63097d2a0a2f7db3-01/chapters/2KI.24
  Saved: 2_kings_24.xml
  Fetching 2 Kings chapter 25...
  Requesting URL: https://rest.api.bible/v1/bibles/63097d2a0a2f7db3-01/chapters/2KI.25
  Saved: 2_kings_25.xml

Processing 1 Chronicles for NKJV...
  Fetching 1 Chronicles chapter 1...
  Requesting URL: https://rest.api.bible/v1/bibles/63097d2a0a2f7db3-01/chapters/1CH.1
  Saved: 1_chronicles_1.xml
  Fetching 1 Chronicles chapter 2...
  Requesting URL: https://rest.api.bible/v1/bibles/63097d2a0a2f7db3-01/chapters/1CH.2
  Saved: 1_chronicles_2.xml
  Fetching 1 Chronicles chapter 3...
  Requesting URL: https://rest.api.bible/v1/bibles/63097d2a0a2f7db3-01/chapters/1CH.3
  Saved: 1_chronicles_3.xml
  Fetching 1 Chronicles chapter 4...
  Requesting URL: https://rest.api.bible/v1/bibles/63097d2a0a2f7db3-01/chapters/1CH.4
  Saved: 1_chronicles_4.xml
  Fetching 1 Chronicles chapter 5...
  Requesting URL: https://rest.api.bible/v1/bibles/63097d2a0a2f7db3-01/chapters/1CH.5
  Saved: 1_chronicles_5.xml
  Fetching 1 Chronicles chapter 6...
  Requesting URL: https://rest.api.bible/v1/bibles/63097d2a0a2f7db3-01/chapters/1CH.6
  Saved: 1_chronicles_6.xml
  Fetching 1 Chronicles chapter 7...
  Requesting URL: https://rest.api.bible/v1/bibles/63097d2a0a2f7db3-01/chapters/1CH.7
  Saved: 1_chronicles_7.xml
  Fetching 1 Chronicles chapter 8...
  Requesting URL: https://rest.api.bible/v1/bibles/63097d2a0a2f7db3-01/chapters/1CH.8
  Saved: 1_chronicles_8.xml
  Fetching 1 Chronicles chapter 9...
  Requesting URL: https://rest.api.bible/v1/bibles/63097d2a0a2f7db3-01/chapters/1CH.9
  Saved: 1_chronicles_9.xml
  Fetching 1 Chronicles chapter 10...
  Requesting URL: https://rest.api.bible/v1/bibles/63097d2a0a2f7db3-01/chapters/1CH.10
  Saved: 1_chronicles_10.xml
  Fetching 1 Chronicles chapter 11...
  Requesting URL: https://rest.api.bible/v1/bibles/63097d2a0a2f7db3-01/chapters/1CH.11
  Saved: 1_chronicles_11.xml
  Fetching 1 Chronicles chapter 12...
  Requesting URL: https://rest.api.bible/v1/bibles/63097d2a0a2f7db3-01/chapters/1CH.12
  Saved: 1_chronicles_12.xml
  Fetching 1 Chronicles chapter 13...
  Requesting URL: https://rest.api.bible/v1/bibles/63097d2a0a2f7db3-01/chapters/1CH.13
  Saved: 1_chronicles_13.xml
  Fetching 1 Chronicles chapter 14...
  Requesting URL: https://rest.api.bible/v1/bibles/63097d2a0a2f7db3-01/chapters/1CH.14
  Saved: 1_chronicles_14.xml
  Fetching 1 Chronicles chapter 15...
  Requesting URL: https://rest.api.bible/v1/bibles/63097d2a0a2f7db3-01/chapters/1CH.15
  Saved: 1_chronicles_15.xml
  Fetching 1 Chronicles chapter 16...
  Requesting URL: https://rest.api.bible/v1/bibles/63097d2a0a2f7db3-01/chapters/1CH.16
  Saved: 1_chronicles_16.xml
  Fetching 1 Chronicles chapter 17...
  Requesting URL: https://rest.api.bible/v1/bibles/63097d2a0a2f7db3-01/chapters/1CH.17
  Saved: 1_chronicles_17.xml
  Fetching 1 Chronicles chapter 18...
  Requesting URL: https://rest.api.bible/v1/bibles/63097d2a0a2f7db3-01/chapters/1CH.18
  Saved: 1_chronicles_18.xml
  Fetching 1 Chronicles chapter 19...
  Requesting URL: https://rest.api.bible/v1/bibles/63097d2a0a2f7db3-01/chapters/1CH.19
  Saved: 1_chronicles_19.xml
  Fetching 1 Chronicles chapter 20...
  Requesting URL: https://rest.api.bible/v1/bibles/63097d2a0a2f7db3-01/chapters/1CH.20
  Saved: 1_chronicles_20.xml
  Fetching 1 Chronicles chapter 21...
  Requesting URL: https://rest.api.bible/v1/bibles/63097d2a0a2f7db3-01/chapters/1CH.21
  Saved: 1_chronicles_21.xml
  Fetching 1 Chronicles chapter 22...
  Requesting URL: https://rest.api.bible/v1/bibles/63097d2a0a2f7db3-01/chapters/1CH.22
  Saved: 1_chronicles_22.xml
  Fetching 1 Chronicles chapter 23...
  Requesting URL: https://rest.api.bible/v1/bibles/63097d2a0a2f7db3-01/chapters/1CH.23
  Saved: 1_chronicles_23.xml
  Fetching 1 Chronicles chapter 24...
  Requesting URL: https://rest.api.bible/v1/bibles/63097d2a0a2f7db3-01/chapters/1CH.24
  Saved: 1_chronicles_24.xml
  Fetching 1 Chronicles chapter 25...
  Requesting URL: https://rest.api.bible/v1/bibles/63097d2a0a2f7db3-01/chapters/1CH.25
  Saved: 1_chronicles_25.xml
  Fetching 1 Chronicles chapter 26...
  Requesting URL: https://rest.api.bible/v1/bibles/63097d2a0a2f7db3-01/chapters/1CH.26
  Saved: 1_chronicles_26.xml
  Fetching 1 Chronicles chapter 27...
  Requesting URL: https://rest.api.bible/v1/bibles/63097d2a0a2f7db3-01/chapters/1CH.27
  Saved: 1_chronicles_27.xml
  Fetching 1 Chronicles chapter 28...
  Requesting URL: https://rest.api.bible/v1/bibles/63097d2a0a2f7db3-01/chapters/1CH.28
  Saved: 1_chronicles_28.xml
  Fetching 1 Chronicles chapter 29...
  Requesting URL: https://rest.api.bible/v1/bibles/63097d2a0a2f7db3-01/chapters/1CH.29
  Saved: 1_chronicles_29.xml

Processing 2 Chronicles for NKJV...
  Fetching 2 Chronicles chapter 1...
  Requesting URL: https://rest.api.bible/v1/bibles/63097d2a0a2f7db3-01/chapters/2CH.1
  Saved: 2_chronicles_1.xml
  Fetching 2 Chronicles chapter 2...
  Requesting URL: https://rest.api.bible/v1/bibles/63097d2a0a2f7db3-01/chapters/2CH.2
  Saved: 2_chronicles_2.xml
  Fetching 2 Chronicles chapter 3...
  Requesting URL: https://rest.api.bible/v1/bibles/63097d2a0a2f7db3-01/chapters/2CH.3
  Saved: 2_chronicles_3.xml
  Fetching 2 Chronicles chapter 4...
  Requesting URL: https://rest.api.bible/v1/bibles/63097d2a0a2f7db3-01/chapters/2CH.4
  Saved: 2_chronicles_4.xml
  Fetching 2 Chronicles chapter 5...
  Requesting URL: https://rest.api.bible/v1/bibles/63097d2a0a2f7db3-01/chapters/2CH.5
  Saved: 2_chronicles_5.xml
  Fetching 2 Chronicles chapter 6...
  Requesting URL: https://rest.api.bible/v1/bibles/63097d2a0a2f7db3-01/chapters/2CH.6
  Saved: 2_chronicles_6.xml
  Fetching 2 Chronicles chapter 7...
  Requesting URL: https://rest.api.bible/v1/bibles/63097d2a0a2f7db3-01/chapters/2CH.7
  Saved: 2_chronicles_7.xml
  Fetching 2 Chronicles chapter 8...
  Requesting URL: https://rest.api.bible/v1/bibles/63097d2a0a2f7db3-01/chapters/2CH.8
  Saved: 2_chronicles_8.xml
  Fetching 2 Chronicles chapter 9...
  Requesting URL: https://rest.api.bible/v1/bibles/63097d2a0a2f7db3-01/chapters/2CH.9
  Saved: 2_chronicles_9.xml
  Fetching 2 Chronicles chapter 10...
  Requesting URL: https://rest.api.bible/v1/bibles/63097d2a0a2f7db3-01/chapters/2CH.10
  Saved: 2_chronicles_10.xml
  Fetching 2 Chronicles chapter 11...
  Requesting URL: https://rest.api.bible/v1/bibles/63097d2a0a2f7db3-01/chapters/2CH.11
  Saved: 2_chronicles_11.xml
  Fetching 2 Chronicles chapter 12...
  Requesting URL: https://rest.api.bible/v1/bibles/63097d2a0a2f7db3-01/chapters/2CH.12
  Saved: 2_chronicles_12.xml
  Fetching 2 Chronicles chapter 13...
  Requesting URL: https://rest.api.bible/v1/bibles/63097d2a0a2f7db3-01/chapters/2CH.13
  Saved: 2_chronicles_13.xml
  Fetching 2 Chronicles chapter 14...
  Requesting URL: https://rest.api.bible/v1/bibles/63097d2a0a2f7db3-01/chapters/2CH.14
  Saved: 2_chronicles_14.xml
  Fetching 2 Chronicles chapter 15...
  Requesting URL: https://rest.api.bible/v1/bibles/63097d2a0a2f7db3-01/chapters/2CH.15
  Saved: 2_chronicles_15.xml
  Fetching 2 Chronicles chapter 16...
  Requesting URL: https://rest.api.bible/v1/bibles/63097d2a0a2f7db3-01/chapters/2CH.16
  Saved: 2_chronicles_16.xml
  Fetching 2 Chronicles chapter 17...
  Requesting URL: https://rest.api.bible/v1/bibles/63097d2a0a2f7db3-01/chapters/2CH.17
  Saved: 2_chronicles_17.xml
  Fetching 2 Chronicles chapter 18...
  Requesting URL: https://rest.api.bible/v1/bibles/63097d2a0a2f7db3-01/chapters/2CH.18
  Saved: 2_chronicles_18.xml
  Fetching 2 Chronicles chapter 19...
  Requesting URL: https://rest.api.bible/v1/bibles/63097d2a0a2f7db3-01/chapters/2CH.19
  Saved: 2_chronicles_19.xml
  Fetching 2 Chronicles chapter 20...
  Requesting URL: https://rest.api.bible/v1/bibles/63097d2a0a2f7db3-01/chapters/2CH.20
  Saved: 2_chronicles_20.xml
  Fetching 2 Chronicles chapter 21...
  Requesting URL: https://rest.api.bible/v1/bibles/63097d2a0a2f7db3-01/chapters/2CH.21
  Saved: 2_chronicles_21.xml
  Fetching 2 Chronicles chapter 22...
  Requesting URL: https://rest.api.bible/v1/bibles/63097d2a0a2f7db3-01/chapters/2CH.22
  Saved: 2_chronicles_22.xml
  Fetching 2 Chronicles chapter 23...
  Requesting URL: https://rest.api.bible/v1/bibles/63097d2a0a2f7db3-01/chapters/2CH.23
  Saved: 2_chronicles_23.xml
  Fetching 2 Chronicles chapter 24...
  Requesting URL: https://rest.api.bible/v1/bibles/63097d2a0a2f7db3-01/chapters/2CH.24
  Saved: 2_chronicles_24.xml
  Fetching 2 Chronicles chapter 25...
  Requesting URL: https://rest.api.bible/v1/bibles/63097d2a0a2f7db3-01/chapters/2CH.25
  Saved: 2_chronicles_25.xml
  Fetching 2 Chronicles chapter 26...
  Requesting URL: https://rest.api.bible/v1/bibles/63097d2a0a2f7db3-01/chapters/2CH.26
  Saved: 2_chronicles_26.xml
  Fetching 2 Chronicles chapter 27...
  Requesting URL: https://rest.api.bible/v1/bibles/63097d2a0a2f7db3-01/chapters/2CH.27
  Saved: 2_chronicles_27.xml
  Fetching 2 Chronicles chapter 28...
  Requesting URL: https://rest.api.bible/v1/bibles/63097d2a0a2f7db3-01/chapters/2CH.28
  Saved: 2_chronicles_28.xml
  Fetching 2 Chronicles chapter 29...
  Requesting URL: https://rest.api.bible/v1/bibles/63097d2a0a2f7db3-01/chapters/2CH.29
  Saved: 2_chronicles_29.xml
  Fetching 2 Chronicles chapter 30...
  Requesting URL: https://rest.api.bible/v1/bibles/63097d2a0a2f7db3-01/chapters/2CH.30
  Saved: 2_chronicles_30.xml
  Fetching 2 Chronicles chapter 31...
  Requesting URL: https://rest.api.bible/v1/bibles/63097d2a0a2f7db3-01/chapters/2CH.31
  Saved: 2_chronicles_31.xml
  Fetching 2 Chronicles chapter 32...
  Requesting URL: https://rest.api.bible/v1/bibles/63097d2a0a2f7db3-01/chapters/2CH.32
  Saved: 2_chronicles_32.xml
  Fetching 2 Chronicles chapter 33...
  Requesting URL: https://rest.api.bible/v1/bibles/63097d2a0a2f7db3-01/chapters/2CH.33
  Saved: 2_chronicles_33.xml
  Fetching 2 Chronicles chapter 34...
  Requesting URL: https://rest.api.bible/v1/bibles/63097d2a0a2f7db3-01/chapters/2CH.34
  Saved: 2_chronicles_34.xml
  Fetching 2 Chronicles chapter 35...
  Requesting URL: https://rest.api.bible/v1/bibles/63097d2a0a2f7db3-01/chapters/2CH.35
  Saved: 2_chronicles_35.xml
  Fetching 2 Chronicles chapter 36...
  Requesting URL: https://rest.api.bible/v1/bibles/63097d2a0a2f7db3-01/chapters/2CH.36
  Saved: 2_chronicles_36.xml

Processing Ezra for NKJV...
  Fetching Ezra chapter 1...
  Requesting URL: https://rest.api.bible/v1/bibles/63097d2a0a2f7db3-01/chapters/EZR.1
  Saved: ezra_1.xml
  Fetching Ezra chapter 2...
  Requesting URL: https://rest.api.bible/v1/bibles/63097d2a0a2f7db3-01/chapters/EZR.2
  Saved: ezra_2.xml
  Fetching Ezra chapter 3...
  Requesting URL: https://rest.api.bible/v1/bibles/63097d2a0a2f7db3-01/chapters/EZR.3
  Saved: ezra_3.xml
  Fetching Ezra chapter 4...
  Requesting URL: https://rest.api.bible/v1/bibles/63097d2a0a2f7db3-01/chapters/EZR.4
  Saved: ezra_4.xml
  Fetching Ezra chapter 5...
  Requesting URL: https://rest.api.bible/v1/bibles/63097d2a0a2f7db3-01/chapters/EZR.5
  Saved: ezra_5.xml
  Fetching Ezra chapter 6...
  Requesting URL: https://rest.api.bible/v1/bibles/63097d2a0a2f7db3-01/chapters/EZR.6
  Saved: ezra_6.xml
  Fetching Ezra chapter 7...
  Requesting URL: https://rest.api.bible/v1/bibles/63097d2a0a2f7db3-01/chapters/EZR.7
  Saved: ezra_7.xml
  Fetching Ezra chapter 8...
  Requesting URL: https://rest.api.bible/v1/bibles/63097d2a0a2f7db3-01/chapters/EZR.8
  Saved: ezra_8.xml
  Fetching Ezra chapter 9...
  Requesting URL: https://rest.api.bible/v1/bibles/63097d2a0a2f7db3-01/chapters/EZR.9
  Saved: ezra_9.xml
  Fetching Ezra chapter 10...
  Requesting URL: https://rest.api.bible/v1/bibles/63097d2a0a2f7db3-01/chapters/EZR.10
  Saved: ezra_10.xml

Processing Nehemiah for NKJV...
  Fetching Nehemiah chapter 1...
  Requesting URL: https://rest.api.bible/v1/bibles/63097d2a0a2f7db3-01/chapters/NEH.1
  Saved: nehemiah_1.xml
  Fetching Nehemiah chapter 2...
  Requesting URL: https://rest.api.bible/v1/bibles/63097d2a0a2f7db3-01/chapters/NEH.2
  Saved: nehemiah_2.xml
  Fetching Nehemiah chapter 3...
  Requesting URL: https://rest.api.bible/v1/bibles/63097d2a0a2f7db3-01/chapters/NEH.3
  Saved: nehemiah_3.xml
  Fetching Nehemiah chapter 4...
  Requesting URL: https://rest.api.bible/v1/bibles/63097d2a0a2f7db3-01/chapters/NEH.4
  Saved: nehemiah_4.xml
  Fetching Nehemiah chapter 5...
  Requesting URL: https://rest.api.bible/v1/bibles/63097d2a0a2f7db3-01/chapters/NEH.5
  Saved: nehemiah_5.xml
  Fetching Nehemiah chapter 6...
  Requesting URL: https://rest.api.bible/v1/bibles/63097d2a0a2f7db3-01/chapters/NEH.6
  Saved: nehemiah_6.xml
  Fetching Nehemiah chapter 7...
  Requesting URL: https://rest.api.bible/v1/bibles/63097d2a0a2f7db3-01/chapters/NEH.7
  Saved: nehemiah_7.xml
  Fetching Nehemiah chapter 8...
  Requesting URL: https://rest.api.bible/v1/bibles/63097d2a0a2f7db3-01/chapters/NEH.8
  Saved: nehemiah_8.xml
  Fetching Nehemiah chapter 9...
  Requesting URL: https://rest.api.bible/v1/bibles/63097d2a0a2f7db3-01/chapters/NEH.9
  Saved: nehemiah_9.xml
  Fetching Nehemiah chapter 10...
  Requesting URL: https://rest.api.bible/v1/bibles/63097d2a0a2f7db3-01/chapters/NEH.10
  Saved: nehemiah_10.xml
  Fetching Nehemiah chapter 11...
  Requesting URL: https://rest.api.bible/v1/bibles/63097d2a0a2f7db3-01/chapters/NEH.11
  Saved: nehemiah_11.xml
  Fetching Nehemiah chapter 12...
  Requesting URL: https://rest.api.bible/v1/bibles/63097d2a0a2f7db3-01/chapters/NEH.12
  Saved: nehemiah_12.xml
  Fetching Nehemiah chapter 13...
  Requesting URL: https://rest.api.bible/v1/bibles/63097d2a0a2f7db3-01/chapters/NEH.13
  Saved: nehemiah_13.xml

Processing Esther for NKJV...
  Fetching Esther chapter 1...
  Requesting URL: https://rest.api.bible/v1/bibles/63097d2a0a2f7db3-01/chapters/EST.1
  Saved: esther_1.xml
  Fetching Esther chapter 2...
  Requesting URL: https://rest.api.bible/v1/bibles/63097d2a0a2f7db3-01/chapters/EST.2
  Saved: esther_2.xml
  Fetching Esther chapter 3...
  Requesting URL: https://rest.api.bible/v1/bibles/63097d2a0a2f7db3-01/chapters/EST.3
  Saved: esther_3.xml
  Fetching Esther chapter 4...
  Requesting URL: https://rest.api.bible/v1/bibles/63097d2a0a2f7db3-01/chapters/EST.4
  Saved: esther_4.xml
  Fetching Esther chapter 5...
  Requesting URL: https://rest.api.bible/v1/bibles/63097d2a0a2f7db3-01/chapters/EST.5
  Saved: esther_5.xml
  Fetching Esther chapter 6...
  Requesting URL: https://rest.api.bible/v1/bibles/63097d2a0a2f7db3-01/chapters/EST.6
  Saved: esther_6.xml
  Fetching Esther chapter 7...
  Requesting URL: https://rest.api.bible/v1/bibles/63097d2a0a2f7db3-01/chapters/EST.7
  Saved: esther_7.xml
  Fetching Esther chapter 8...
  Requesting URL: https://rest.api.bible/v1/bibles/63097d2a0a2f7db3-01/chapters/EST.8
  Saved: esther_8.xml
  Fetching Esther chapter 9...
  Requesting URL: https://rest.api.bible/v1/bibles/63097d2a0a2f7db3-01/chapters/EST.9
  Saved: esther_9.xml
  Fetching Esther chapter 10...
  Requesting URL: https://rest.api.bible/v1/bibles/63097d2a0a2f7db3-01/chapters/EST.10
  Saved: esther_10.xml

Processing Job for NKJV...
  Fetching Job chapter 1...
  Requesting URL: https://rest.api.bible/v1/bibles/63097d2a0a2f7db3-01/chapters/JOB.1
  Saved: job_1.xml
  Fetching Job chapter 2...
  Requesting URL: https://rest.api.bible/v1/bibles/63097d2a0a2f7db3-01/chapters/JOB.2
  Saved: job_2.xml
  Fetching Job chapter 3...
  Requesting URL: https://rest.api.bible/v1/bibles/63097d2a0a2f7db3-01/chapters/JOB.3
  Saved: job_3.xml
  Fetching Job chapter 4...
  Requesting URL: https://rest.api.bible/v1/bibles/63097d2a0a2f7db3-01/chapters/JOB.4
  Saved: job_4.xml
  Fetching Job chapter 5...
  Requesting URL: https://rest.api.bible/v1/bibles/63097d2a0a2f7db3-01/chapters/JOB.5
  Saved: job_5.xml
  Fetching Job chapter 6...
  Requesting URL: https://rest.api.bible/v1/bibles/63097d2a0a2f7db3-01/chapters/JOB.6
  Saved: job_6.xml
  Fetching Job chapter 7...
  Requesting URL: https://rest.api.bible/v1/bibles/63097d2a0a2f7db3-01/chapters/JOB.7
  Saved: job_7.xml
  Fetching Job chapter 8...
  Requesting URL: https://rest.api.bible/v1/bibles/63097d2a0a2f7db3-01/chapters/JOB.8
  Saved: job_8.xml
  Fetching Job chapter 9...
  Requesting URL: https://rest.api.bible/v1/bibles/63097d2a0a2f7db3-01/chapters/JOB.9
  Saved: job_9.xml
  Fetching Job chapter 10...
  Requesting URL: https://rest.api.bible/v1/bibles/63097d2a0a2f7db3-01/chapters/JOB.10
  Saved: job_10.xml
  Fetching Job chapter 11...
  Requesting URL: https://rest.api.bible/v1/bibles/63097d2a0a2f7db3-01/chapters/JOB.11
  Saved: job_11.xml
  Fetching Job chapter 12...
  Requesting URL: https://rest.api.bible/v1/bibles/63097d2a0a2f7db3-01/chapters/JOB.12
  Saved: job_12.xml
  Fetching Job chapter 13...
  Requesting URL: https://rest.api.bible/v1/bibles/63097d2a0a2f7db3-01/chapters/JOB.13
  Saved: job_13.xml
  Fetching Job chapter 14...
  Requesting URL: https://rest.api.bible/v1/bibles/63097d2a0a2f7db3-01/chapters/JOB.14
  Saved: job_14.xml
  Fetching Job chapter 15...
  Requesting URL: https://rest.api.bible/v1/bibles/63097d2a0a2f7db3-01/chapters/JOB.15
  Saved: job_15.xml
  Fetching Job chapter 16...
  Requesting URL: https://rest.api.bible/v1/bibles/63097d2a0a2f7db3-01/chapters/JOB.16
  Saved: job_16.xml
  Fetching Job chapter 17...
  Requesting URL: https://rest.api.bible/v1/bibles/63097d2a0a2f7db3-01/chapters/JOB.17
  Saved: job_17.xml
  Fetching Job chapter 18...
  Requesting URL: https://rest.api.bible/v1/bibles/63097d2a0a2f7db3-01/chapters/JOB.18
  Saved: job_18.xml
  Fetching Job chapter 19...
  Requesting URL: https://rest.api.bible/v1/bibles/63097d2a0a2f7db3-01/chapters/JOB.19
  Saved: job_19.xml
  Fetching Job chapter 20...
  Requesting URL: https://rest.api.bible/v1/bibles/63097d2a0a2f7db3-01/chapters/JOB.20
  Saved: job_20.xml
  Fetching Job chapter 21...
  Requesting URL: https://rest.api.bible/v1/bibles/63097d2a0a2f7db3-01/chapters/JOB.21
  Saved: job_21.xml
  Fetching Job chapter 22...
  Requesting URL: https://rest.api.bible/v1/bibles/63097d2a0a2f7db3-01/chapters/JOB.22
  Saved: job_22.xml
  Fetching Job chapter 23...
  Requesting URL: https://rest.api.bible/v1/bibles/63097d2a0a2f7db3-01/chapters/JOB.23
  Saved: job_23.xml
  Fetching Job chapter 24...
  Requesting URL: https://rest.api.bible/v1/bibles/63097d2a0a2f7db3-01/chapters/JOB.24
  Saved: job_24.xml
  Fetching Job chapter 25...
  Requesting URL: https://rest.api.bible/v1/bibles/63097d2a0a2f7db3-01/chapters/JOB.25
  Saved: job_25.xml
  Fetching Job chapter 26...
  Requesting URL: https://rest.api.bible/v1/bibles/63097d2a0a2f7db3-01/chapters/JOB.26
  Saved: job_26.xml
  Fetching Job chapter 27...
  Requesting URL: https://rest.api.bible/v1/bibles/63097d2a0a2f7db3-01/chapters/JOB.27
  Saved: job_27.xml
  Fetching Job chapter 28...
  Requesting URL: https://rest.api.bible/v1/bibles/63097d2a0a2f7db3-01/chapters/JOB.28
  Saved: job_28.xml
  Fetching Job chapter 29...
  Requesting URL: https://rest.api.bible/v1/bibles/63097d2a0a2f7db3-01/chapters/JOB.29
  Saved: job_29.xml
  Fetching Job chapter 30...
  Requesting URL: https://rest.api.bible/v1/bibles/63097d2a0a2f7db3-01/chapters/JOB.30
  Saved: job_30.xml
  Fetching Job chapter 31...
  Requesting URL: https://rest.api.bible/v1/bibles/63097d2a0a2f7db3-01/chapters/JOB.31
  Saved: job_31.xml
  Fetching Job chapter 32...
  Requesting URL: https://rest.api.bible/v1/bibles/63097d2a0a2f7db3-01/chapters/JOB.32
  Saved: job_32.xml
  Fetching Job chapter 33...
  Requesting URL: https://rest.api.bible/v1/bibles/63097d2a0a2f7db3-01/chapters/JOB.33
  Saved: job_33.xml
  Fetching Job chapter 34...
  Requesting URL: https://rest.api.bible/v1/bibles/63097d2a0a2f7db3-01/chapters/JOB.34
  Saved: job_34.xml
  Fetching Job chapter 35...
  Requesting URL: https://rest.api.bible/v1/bibles/63097d2a0a2f7db3-01/chapters/JOB.35
  Saved: job_35.xml
  Fetching Job chapter 36...
  Requesting URL: https://rest.api.bible/v1/bibles/63097d2a0a2f7db3-01/chapters/JOB.36
  Saved: job_36.xml
  Fetching Job chapter 37...
  Requesting URL: https://rest.api.bible/v1/bibles/63097d2a0a2f7db3-01/chapters/JOB.37
  Saved: job_37.xml
  Fetching Job chapter 38...
  Requesting URL: https://rest.api.bible/v1/bibles/63097d2a0a2f7db3-01/chapters/JOB.38
  Saved: job_38.xml
  Fetching Job chapter 39...
  Requesting URL: https://rest.api.bible/v1/bibles/63097d2a0a2f7db3-01/chapters/JOB.39
  Saved: job_39.xml
  Fetching Job chapter 40...
  Requesting URL: https://rest.api.bible/v1/bibles/63097d2a0a2f7db3-01/chapters/JOB.40
  Saved: job_40.xml
  Fetching Job chapter 41...
  Requesting URL: https://rest.api.bible/v1/bibles/63097d2a0a2f7db3-01/chapters/JOB.41
  Saved: job_41.xml
  Fetching Job chapter 42...
  Requesting URL: https://rest.api.bible/v1/bibles/63097d2a0a2f7db3-01/chapters/JOB.42
  Saved: job_42.xml

Processing Psalms for NKJV...
  Fetching Psalms chapter 1...
  Requesting URL: https://rest.api.bible/v1/bibles/63097d2a0a2f7db3-01/chapters/PSA.1
  Saved: psalms_1.xml
  Fetching Psalms chapter 2...
  Requesting URL: https://rest.api.bible/v1/bibles/63097d2a0a2f7db3-01/chapters/PSA.2
  Saved: psalms_2.xml
  Fetching Psalms chapter 3...
  Requesting URL: https://rest.api.bible/v1/bibles/63097d2a0a2f7db3-01/chapters/PSA.3
  Saved: psalms_3.xml
  Fetching Psalms chapter 4...
  Requesting URL: https://rest.api.bible/v1/bibles/63097d2a0a2f7db3-01/chapters/PSA.4
  Saved: psalms_4.xml
  Fetching Psalms chapter 5...
  Requesting URL: https://rest.api.bible/v1/bibles/63097d2a0a2f7db3-01/chapters/PSA.5
  Saved: psalms_5.xml
  Fetching Psalms chapter 6...
  Requesting URL: https://rest.api.bible/v1/bibles/63097d2a0a2f7db3-01/chapters/PSA.6
  Saved: psalms_6.xml
  Fetching Psalms chapter 7...
  Requesting URL: https://rest.api.bible/v1/bibles/63097d2a0a2f7db3-01/chapters/PSA.7
  Saved: psalms_7.xml
  Fetching Psalms chapter 8...
  Requesting URL: https://rest.api.bible/v1/bibles/63097d2a0a2f7db3-01/chapters/PSA.8
  Saved: psalms_8.xml
  Fetching Psalms chapter 9...
  Requesting URL: https://rest.api.bible/v1/bibles/63097d2a0a2f7db3-01/chapters/PSA.9
  Saved: psalms_9.xml
  Fetching Psalms chapter 10...
  Requesting URL: https://rest.api.bible/v1/bibles/63097d2a0a2f7db3-01/chapters/PSA.10
  Saved: psalms_10.xml
  Fetching Psalms chapter 11...
  Requesting URL: https://rest.api.bible/v1/bibles/63097d2a0a2f7db3-01/chapters/PSA.11
  Saved: psalms_11.xml
  Fetching Psalms chapter 12...
  Requesting URL: https://rest.api.bible/v1/bibles/63097d2a0a2f7db3-01/chapters/PSA.12
  Saved: psalms_12.xml
  Fetching Psalms chapter 13...
  Requesting URL: https://rest.api.bible/v1/bibles/63097d2a0a2f7db3-01/chapters/PSA.13
  Saved: psalms_13.xml
  Fetching Psalms chapter 14...
  Requesting URL: https://rest.api.bible/v1/bibles/63097d2a0a2f7db3-01/chapters/PSA.14
  Saved: psalms_14.xml
  Fetching Psalms chapter 15...
  Requesting URL: https://rest.api.bible/v1/bibles/63097d2a0a2f7db3-01/chapters/PSA.15
  Saved: psalms_15.xml
  Fetching Psalms chapter 16...
  Requesting URL: https://rest.api.bible/v1/bibles/63097d2a0a2f7db3-01/chapters/PSA.16
  Saved: psalms_16.xml
  Fetching Psalms chapter 17...
  Requesting URL: https://rest.api.bible/v1/bibles/63097d2a0a2f7db3-01/chapters/PSA.17
  Saved: psalms_17.xml
  Fetching Psalms chapter 18...
  Requesting URL: https://rest.api.bible/v1/bibles/63097d2a0a2f7db3-01/chapters/PSA.18
  Saved: psalms_18.xml
  Fetching Psalms chapter 19...
  Requesting URL: https://rest.api.bible/v1/bibles/63097d2a0a2f7db3-01/chapters/PSA.19
  Saved: psalms_19.xml
  Fetching Psalms chapter 20...
  Requesting URL: https://rest.api.bible/v1/bibles/63097d2a0a2f7db3-01/chapters/PSA.20
  Saved: psalms_20.xml
  Fetching Psalms chapter 21...
  Requesting URL: https://rest.api.bible/v1/bibles/63097d2a0a2f7db3-01/chapters/PSA.21
  Saved: psalms_21.xml
  Fetching Psalms chapter 22...
  Requesting URL: https://rest.api.bible/v1/bibles/63097d2a0a2f7db3-01/chapters/PSA.22
  Saved: psalms_22.xml
  Fetching Psalms chapter 23...
  Requesting URL: https://rest.api.bible/v1/bibles/63097d2a0a2f7db3-01/chapters/PSA.23
  Saved: psalms_23.xml
  Fetching Psalms chapter 24...
  Requesting URL: https://rest.api.bible/v1/bibles/63097d2a0a2f7db3-01/chapters/PSA.24
  Saved: psalms_24.xml
  Fetching Psalms chapter 25...
  Requesting URL: https://rest.api.bible/v1/bibles/63097d2a0a2f7db3-01/chapters/PSA.25
  Saved: psalms_25.xml
  Fetching Psalms chapter 26...
  Requesting URL: https://rest.api.bible/v1/bibles/63097d2a0a2f7db3-01/chapters/PSA.26
  Saved: psalms_26.xml
  Fetching Psalms chapter 27...
  Requesting URL: https://rest.api.bible/v1/bibles/63097d2a0a2f7db3-01/chapters/PSA.27
  Saved: psalms_27.xml
  Fetching Psalms chapter 28...
  Requesting URL: https://rest.api.bible/v1/bibles/63097d2a0a2f7db3-01/chapters/PSA.28
  Saved: psalms_28.xml
  Fetching Psalms chapter 29...
  Requesting URL: https://rest.api.bible/v1/bibles/63097d2a0a2f7db3-01/chapters/PSA.29
  Saved: psalms_29.xml
  Fetching Psalms chapter 30...
  Requesting URL: https://rest.api.bible/v1/bibles/63097d2a0a2f7db3-01/chapters/PSA.30
  Saved: psalms_30.xml
  Fetching Psalms chapter 31...
  Requesting URL: https://rest.api.bible/v1/bibles/63097d2a0a2f7db3-01/chapters/PSA.31
  Saved: psalms_31.xml
  Fetching Psalms chapter 32...
  Requesting URL: https://rest.api.bible/v1/bibles/63097d2a0a2f7db3-01/chapters/PSA.32
  Saved: psalms_32.xml
  Fetching Psalms chapter 33...
  Requesting URL: https://rest.api.bible/v1/bibles/63097d2a0a2f7db3-01/chapters/PSA.33
  Saved: psalms_33.xml
  Fetching Psalms chapter 34...
  Requesting URL: https://rest.api.bible/v1/bibles/63097d2a0a2f7db3-01/chapters/PSA.34
  Saved: psalms_34.xml
  Fetching Psalms chapter 35...
  Requesting URL: https://rest.api.bible/v1/bibles/63097d2a0a2f7db3-01/chapters/PSA.35
  Saved: psalms_35.xml
  Fetching Psalms chapter 36...
  Requesting URL: https://rest.api.bible/v1/bibles/63097d2a0a2f7db3-01/chapters/PSA.36
  Saved: psalms_36.xml
  Fetching Psalms chapter 37...
  Requesting URL: https://rest.api.bible/v1/bibles/63097d2a0a2f7db3-01/chapters/PSA.37
  Saved: psalms_37.xml
  Fetching Psalms chapter 38...
  Requesting URL: https://rest.api.bible/v1/bibles/63097d2a0a2f7db3-01/chapters/PSA.38
  Saved: psalms_38.xml
  Fetching Psalms chapter 39...
  Requesting URL: https://rest.api.bible/v1/bibles/63097d2a0a2f7db3-01/chapters/PSA.39
  Saved: psalms_39.xml
  Fetching Psalms chapter 40...
  Requesting URL: https://rest.api.bible/v1/bibles/63097d2a0a2f7db3-01/chapters/PSA.40
  Saved: psalms_40.xml
  Fetching Psalms chapter 41...
  Requesting URL: https://rest.api.bible/v1/bibles/63097d2a0a2f7db3-01/chapters/PSA.41
  Saved: psalms_41.xml
  Fetching Psalms chapter 42...
  Requesting URL: https://rest.api.bible/v1/bibles/63097d2a0a2f7db3-01/chapters/PSA.42
  Saved: psalms_42.xml
  Fetching Psalms chapter 43...
  Requesting URL: https://rest.api.bible/v1/bibles/63097d2a0a2f7db3-01/chapters/PSA.43
  Saved: psalms_43.xml
  Fetching Psalms chapter 44...
  Requesting URL: https://rest.api.bible/v1/bibles/63097d2a0a2f7db3-01/chapters/PSA.44
  Saved: psalms_44.xml
  Fetching Psalms chapter 45...
  Requesting URL: https://rest.api.bible/v1/bibles/63097d2a0a2f7db3-01/chapters/PSA.45
  Saved: psalms_45.xml
  Fetching Psalms chapter 46...
  Requesting URL: https://rest.api.bible/v1/bibles/63097d2a0a2f7db3-01/chapters/PSA.46
  Saved: psalms_46.xml
  Fetching Psalms chapter 47...
  Requesting URL: https://rest.api.bible/v1/bibles/63097d2a0a2f7db3-01/chapters/PSA.47
  Saved: psalms_47.xml
  Fetching Psalms chapter 48...
  Requesting URL: https://rest.api.bible/v1/bibles/63097d2a0a2f7db3-01/chapters/PSA.48
  Saved: psalms_48.xml
  Fetching Psalms chapter 49...
  Requesting URL: https://rest.api.bible/v1/bibles/63097d2a0a2f7db3-01/chapters/PSA.49
  Saved: psalms_49.xml
  Fetching Psalms chapter 50...
  Requesting URL: https://rest.api.bible/v1/bibles/63097d2a0a2f7db3-01/chapters/PSA.50
  Saved: psalms_50.xml
  Fetching Psalms chapter 51...
  Requesting URL: https://rest.api.bible/v1/bibles/63097d2a0a2f7db3-01/chapters/PSA.51
  Saved: psalms_51.xml
  Fetching Psalms chapter 52...
  Requesting URL: https://rest.api.bible/v1/bibles/63097d2a0a2f7db3-01/chapters/PSA.52
  Saved: psalms_52.xml
  Fetching Psalms chapter 53...
  Requesting URL: https://rest.api.bible/v1/bibles/63097d2a0a2f7db3-01/chapters/PSA.53
  Saved: psalms_53.xml
  Fetching Psalms chapter 54...
  Requesting URL: https://rest.api.bible/v1/bibles/63097d2a0a2f7db3-01/chapters/PSA.54
  Saved: psalms_54.xml
  Fetching Psalms chapter 55...
  Requesting URL: https://rest.api.bible/v1/bibles/63097d2a0a2f7db3-01/chapters/PSA.55
  Saved: psalms_55.xml
  Fetching Psalms chapter 56...
  Requesting URL: https://rest.api.bible/v1/bibles/63097d2a0a2f7db3-01/chapters/PSA.56
  Saved: psalms_56.xml
  Fetching Psalms chapter 57...
  Requesting URL: https://rest.api.bible/v1/bibles/63097d2a0a2f7db3-01/chapters/PSA.57
  Saved: psalms_57.xml
  Fetching Psalms chapter 58...
  Requesting URL: https://rest.api.bible/v1/bibles/63097d2a0a2f7db3-01/chapters/PSA.58
  Saved: psalms_58.xml
  Fetching Psalms chapter 59...
  Requesting URL: https://rest.api.bible/v1/bibles/63097d2a0a2f7db3-01/chapters/PSA.59
  Saved: psalms_59.xml
  Fetching Psalms chapter 60...
  Requesting URL: https://rest.api.bible/v1/bibles/63097d2a0a2f7db3-01/chapters/PSA.60
  Saved: psalms_60.xml
  Fetching Psalms chapter 61...
  Requesting URL: https://rest.api.bible/v1/bibles/63097d2a0a2f7db3-01/chapters/PSA.61
  Saved: psalms_61.xml
  Fetching Psalms chapter 62...
  Requesting URL: https://rest.api.bible/v1/bibles/63097d2a0a2f7db3-01/chapters/PSA.62
  Saved: psalms_62.xml
  Fetching Psalms chapter 63...
  Requesting URL: https://rest.api.bible/v1/bibles/63097d2a0a2f7db3-01/chapters/PSA.63
  Saved: psalms_63.xml
  Fetching Psalms chapter 64...
  Requesting URL: https://rest.api.bible/v1/bibles/63097d2a0a2f7db3-01/chapters/PSA.64
  Saved: psalms_64.xml
  Fetching Psalms chapter 65...
  Requesting URL: https://rest.api.bible/v1/bibles/63097d2a0a2f7db3-01/chapters/PSA.65
  Saved: psalms_65.xml
  Fetching Psalms chapter 66...
  Requesting URL: https://rest.api.bible/v1/bibles/63097d2a0a2f7db3-01/chapters/PSA.66
  Saved: psalms_66.xml
  Fetching Psalms chapter 67...
  Requesting URL: https://rest.api.bible/v1/bibles/63097d2a0a2f7db3-01/chapters/PSA.67
  Saved: psalms_67.xml
  Fetching Psalms chapter 68...
  Requesting URL: https://rest.api.bible/v1/bibles/63097d2a0a2f7db3-01/chapters/PSA.68
  Saved: psalms_68.xml
  Fetching Psalms chapter 69...
  Requesting URL: https://rest.api.bible/v1/bibles/63097d2a0a2f7db3-01/chapters/PSA.69
  Saved: psalms_69.xml
  Fetching Psalms chapter 70...
  Requesting URL: https://rest.api.bible/v1/bibles/63097d2a0a2f7db3-01/chapters/PSA.70
  Saved: psalms_70.xml
  Fetching Psalms chapter 71...
  Requesting URL: https://rest.api.bible/v1/bibles/63097d2a0a2f7db3-01/chapters/PSA.71
  Saved: psalms_71.xml
  Fetching Psalms chapter 72...
  Requesting URL: https://rest.api.bible/v1/bibles/63097d2a0a2f7db3-01/chapters/PSA.72
  Saved: psalms_72.xml
  Fetching Psalms chapter 73...
  Requesting URL: https://rest.api.bible/v1/bibles/63097d2a0a2f7db3-01/chapters/PSA.73
  Saved: psalms_73.xml
  Fetching Psalms chapter 74...
  Requesting URL: https://rest.api.bible/v1/bibles/63097d2a0a2f7db3-01/chapters/PSA.74
  Saved: psalms_74.xml
  Fetching Psalms chapter 75...
  Requesting URL: https://rest.api.bible/v1/bibles/63097d2a0a2f7db3-01/chapters/PSA.75
  Saved: psalms_75.xml
  Fetching Psalms chapter 76...
  Requesting URL: https://rest.api.bible/v1/bibles/63097d2a0a2f7db3-01/chapters/PSA.76
  Saved: psalms_76.xml
  Fetching Psalms chapter 77...
  Requesting URL: https://rest.api.bible/v1/bibles/63097d2a0a2f7db3-01/chapters/PSA.77
  Saved: psalms_77.xml
  Fetching Psalms chapter 78...
  Requesting URL: https://rest.api.bible/v1/bibles/63097d2a0a2f7db3-01/chapters/PSA.78
  Saved: psalms_78.xml
  Fetching Psalms chapter 79...
  Requesting URL: https://rest.api.bible/v1/bibles/63097d2a0a2f7db3-01/chapters/PSA.79
  Saved: psalms_79.xml
  Fetching Psalms chapter 80...
  Requesting URL: https://rest.api.bible/v1/bibles/63097d2a0a2f7db3-01/chapters/PSA.80
  Saved: psalms_80.xml
  Fetching Psalms chapter 81...
  Requesting URL: https://rest.api.bible/v1/bibles/63097d2a0a2f7db3-01/chapters/PSA.81
  Saved: psalms_81.xml
  Fetching Psalms chapter 82...
  Requesting URL: https://rest.api.bible/v1/bibles/63097d2a0a2f7db3-01/chapters/PSA.82
  Saved: psalms_82.xml
  Fetching Psalms chapter 83...
  Requesting URL: https://rest.api.bible/v1/bibles/63097d2a0a2f7db3-01/chapters/PSA.83
  Saved: psalms_83.xml
  Fetching Psalms chapter 84...
  Requesting URL: https://rest.api.bible/v1/bibles/63097d2a0a2f7db3-01/chapters/PSA.84
  Saved: psalms_84.xml
  Fetching Psalms chapter 85...
  Requesting URL: https://rest.api.bible/v1/bibles/63097d2a0a2f7db3-01/chapters/PSA.85
  Saved: psalms_85.xml
  Fetching Psalms chapter 86...
  Requesting URL: https://rest.api.bible/v1/bibles/63097d2a0a2f7db3-01/chapters/PSA.86
  Saved: psalms_86.xml
  Fetching Psalms chapter 87...
  Requesting URL: https://rest.api.bible/v1/bibles/63097d2a0a2f7db3-01/chapters/PSA.87
  Saved: psalms_87.xml
  Fetching Psalms chapter 88...
  Requesting URL: https://rest.api.bible/v1/bibles/63097d2a0a2f7db3-01/chapters/PSA.88
  Saved: psalms_88.xml
  Fetching Psalms chapter 89...
  Requesting URL: https://rest.api.bible/v1/bibles/63097d2a0a2f7db3-01/chapters/PSA.89
  Saved: psalms_89.xml
  Fetching Psalms chapter 90...
  Requesting URL: https://rest.api.bible/v1/bibles/63097d2a0a2f7db3-01/chapters/PSA.90
  Saved: psalms_90.xml
  Fetching Psalms chapter 91...
  Requesting URL: https://rest.api.bible/v1/bibles/63097d2a0a2f7db3-01/chapters/PSA.91
  Saved: psalms_91.xml
  Fetching Psalms chapter 92...
  Requesting URL: https://rest.api.bible/v1/bibles/63097d2a0a2f7db3-01/chapters/PSA.92
  Saved: psalms_92.xml
  Fetching Psalms chapter 93...
  Requesting URL: https://rest.api.bible/v1/bibles/63097d2a0a2f7db3-01/chapters/PSA.93
  Saved: psalms_93.xml
  Fetching Psalms chapter 94...
  Requesting URL: https://rest.api.bible/v1/bibles/63097d2a0a2f7db3-01/chapters/PSA.94
  Saved: psalms_94.xml
  Fetching Psalms chapter 95...
  Requesting URL: https://rest.api.bible/v1/bibles/63097d2a0a2f7db3-01/chapters/PSA.95
  Saved: psalms_95.xml
  Fetching Psalms chapter 96...
  Requesting URL: https://rest.api.bible/v1/bibles/63097d2a0a2f7db3-01/chapters/PSA.96
  Saved: psalms_96.xml
  Fetching Psalms chapter 97...
  Requesting URL: https://rest.api.bible/v1/bibles/63097d2a0a2f7db3-01/chapters/PSA.97
  Saved: psalms_97.xml
  Fetching Psalms chapter 98...
  Requesting URL: https://rest.api.bible/v1/bibles/63097d2a0a2f7db3-01/chapters/PSA.98
  Saved: psalms_98.xml
  Fetching Psalms chapter 99...
  Requesting URL: https://rest.api.bible/v1/bibles/63097d2a0a2f7db3-01/chapters/PSA.99
  Saved: psalms_99.xml
  Fetching Psalms chapter 100...
  Requesting URL: https://rest.api.bible/v1/bibles/63097d2a0a2f7db3-01/chapters/PSA.100
  Saved: psalms_100.xml
  Fetching Psalms chapter 101...
  Requesting URL: https://rest.api.bible/v1/bibles/63097d2a0a2f7db3-01/chapters/PSA.101
  Saved: psalms_101.xml
  Fetching Psalms chapter 102...
  Requesting URL: https://rest.api.bible/v1/bibles/63097d2a0a2f7db3-01/chapters/PSA.102
  Saved: psalms_102.xml
  Fetching Psalms chapter 103...
  Requesting URL: https://rest.api.bible/v1/bibles/63097d2a0a2f7db3-01/chapters/PSA.103
  Saved: psalms_103.xml
  Fetching Psalms chapter 104...
  Requesting URL: https://rest.api.bible/v1/bibles/63097d2a0a2f7db3-01/chapters/PSA.104
  Saved: psalms_104.xml
  Fetching Psalms chapter 105...
  Requesting URL: https://rest.api.bible/v1/bibles/63097d2a0a2f7db3-01/chapters/PSA.105
  Saved: psalms_105.xml
  Fetching Psalms chapter 106...
  Requesting URL: https://rest.api.bible/v1/bibles/63097d2a0a2f7db3-01/chapters/PSA.106
  Saved: psalms_106.xml
  Fetching Psalms chapter 107...
  Requesting URL: https://rest.api.bible/v1/bibles/63097d2a0a2f7db3-01/chapters/PSA.107
  Saved: psalms_107.xml
  Fetching Psalms chapter 108...
  Requesting URL: https://rest.api.bible/v1/bibles/63097d2a0a2f7db3-01/chapters/PSA.108
  Saved: psalms_108.xml
  Fetching Psalms chapter 109...
  Requesting URL: https://rest.api.bible/v1/bibles/63097d2a0a2f7db3-01/chapters/PSA.109
  Saved: psalms_109.xml
  Fetching Psalms chapter 110...
  Requesting URL: https://rest.api.bible/v1/bibles/63097d2a0a2f7db3-01/chapters/PSA.110
  Saved: psalms_110.xml
  Fetching Psalms chapter 111...
  Requesting URL: https://rest.api.bible/v1/bibles/63097d2a0a2f7db3-01/chapters/PSA.111
  Saved: psalms_111.xml
  Fetching Psalms chapter 112...
  Requesting URL: https://rest.api.bible/v1/bibles/63097d2a0a2f7db3-01/chapters/PSA.112
  Saved: psalms_112.xml
  Fetching Psalms chapter 113...
  Requesting URL: https://rest.api.bible/v1/bibles/63097d2a0a2f7db3-01/chapters/PSA.113
  Saved: psalms_113.xml
  Fetching Psalms chapter 114...
  Requesting URL: https://rest.api.bible/v1/bibles/63097d2a0a2f7db3-01/chapters/PSA.114
  Saved: psalms_114.xml
  Fetching Psalms chapter 115...
  Requesting URL: https://rest.api.bible/v1/bibles/63097d2a0a2f7db3-01/chapters/PSA.115
  Saved: psalms_115.xml
  Fetching Psalms chapter 116...
  Requesting URL: https://rest.api.bible/v1/bibles/63097d2a0a2f7db3-01/chapters/PSA.116
  Saved: psalms_116.xml
  Fetching Psalms chapter 117...
  Requesting URL: https://rest.api.bible/v1/bibles/63097d2a0a2f7db3-01/chapters/PSA.117
  Saved: psalms_117.xml
  Fetching Psalms chapter 118...
  Requesting URL: https://rest.api.bible/v1/bibles/63097d2a0a2f7db3-01/chapters/PSA.118
  Saved: psalms_118.xml
  Fetching Psalms chapter 119...
  Requesting URL: https://rest.api.bible/v1/bibles/63097d2a0a2f7db3-01/chapters/PSA.119
  Saved: psalms_119.xml
  Fetching Psalms chapter 120...
  Requesting URL: https://rest.api.bible/v1/bibles/63097d2a0a2f7db3-01/chapters/PSA.120
  Saved: psalms_120.xml
  Fetching Psalms chapter 121...
  Requesting URL: https://rest.api.bible/v1/bibles/63097d2a0a2f7db3-01/chapters/PSA.121
  Saved: psalms_121.xml
  Fetching Psalms chapter 122...
  Requesting URL: https://rest.api.bible/v1/bibles/63097d2a0a2f7db3-01/chapters/PSA.122
  Saved: psalms_122.xml
  Fetching Psalms chapter 123...
  Requesting URL: https://rest.api.bible/v1/bibles/63097d2a0a2f7db3-01/chapters/PSA.123
  Saved: psalms_123.xml
  Fetching Psalms chapter 124...
  Requesting URL: https://rest.api.bible/v1/bibles/63097d2a0a2f7db3-01/chapters/PSA.124
  Saved: psalms_124.xml
  Fetching Psalms chapter 125...
  Requesting URL: https://rest.api.bible/v1/bibles/63097d2a0a2f7db3-01/chapters/PSA.125
  Saved: psalms_125.xml
  Fetching Psalms chapter 126...
  Requesting URL: https://rest.api.bible/v1/bibles/63097d2a0a2f7db3-01/chapters/PSA.126
  Saved: psalms_126.xml
  Fetching Psalms chapter 127...
  Requesting URL: https://rest.api.bible/v1/bibles/63097d2a0a2f7db3-01/chapters/PSA.127
  Saved: psalms_127.xml
  Fetching Psalms chapter 128...
  Requesting URL: https://rest.api.bible/v1/bibles/63097d2a0a2f7db3-01/chapters/PSA.128
  Saved: psalms_128.xml
  Fetching Psalms chapter 129...
  Requesting URL: https://rest.api.bible/v1/bibles/63097d2a0a2f7db3-01/chapters/PSA.129
  Saved: psalms_129.xml
  Fetching Psalms chapter 130...
  Requesting URL: https://rest.api.bible/v1/bibles/63097d2a0a2f7db3-01/chapters/PSA.130
  Saved: psalms_130.xml
  Fetching Psalms chapter 131...
  Requesting URL: https://rest.api.bible/v1/bibles/63097d2a0a2f7db3-01/chapters/PSA.131
  Saved: psalms_131.xml
  Fetching Psalms chapter 132...
  Requesting URL: https://rest.api.bible/v1/bibles/63097d2a0a2f7db3-01/chapters/PSA.132
  Saved: psalms_132.xml
  Fetching Psalms chapter 133...
  Requesting URL: https://rest.api.bible/v1/bibles/63097d2a0a2f7db3-01/chapters/PSA.133
  Saved: psalms_133.xml
  Fetching Psalms chapter 134...
  Requesting URL: https://rest.api.bible/v1/bibles/63097d2a0a2f7db3-01/chapters/PSA.134
  Saved: psalms_134.xml
  Fetching Psalms chapter 135...
  Requesting URL: https://rest.api.bible/v1/bibles/63097d2a0a2f7db3-01/chapters/PSA.135
  Saved: psalms_135.xml
  Fetching Psalms chapter 136...
  Requesting URL: https://rest.api.bible/v1/bibles/63097d2a0a2f7db3-01/chapters/PSA.136
  Saved: psalms_136.xml
  Fetching Psalms chapter 137...
  Requesting URL: https://rest.api.bible/v1/bibles/63097d2a0a2f7db3-01/chapters/PSA.137
  Saved: psalms_137.xml
  Fetching Psalms chapter 138...
  Requesting URL: https://rest.api.bible/v1/bibles/63097d2a0a2f7db3-01/chapters/PSA.138
  Saved: psalms_138.xml
  Fetching Psalms chapter 139...
  Requesting URL: https://rest.api.bible/v1/bibles/63097d2a0a2f7db3-01/chapters/PSA.139
  Saved: psalms_139.xml
  Fetching Psalms chapter 140...
  Requesting URL: https://rest.api.bible/v1/bibles/63097d2a0a2f7db3-01/chapters/PSA.140
  Saved: psalms_140.xml
  Fetching Psalms chapter 141...
  Requesting URL: https://rest.api.bible/v1/bibles/63097d2a0a2f7db3-01/chapters/PSA.141
  Saved: psalms_141.xml
  Fetching Psalms chapter 142...
  Requesting URL: https://rest.api.bible/v1/bibles/63097d2a0a2f7db3-01/chapters/PSA.142
  Saved: psalms_142.xml
  Fetching Psalms chapter 143...
  Requesting URL: https://rest.api.bible/v1/bibles/63097d2a0a2f7db3-01/chapters/PSA.143
  Saved: psalms_143.xml
  Fetching Psalms chapter 144...
  Requesting URL: https://rest.api.bible/v1/bibles/63097d2a0a2f7db3-01/chapters/PSA.144
  Saved: psalms_144.xml
  Fetching Psalms chapter 145...
  Requesting URL: https://rest.api.bible/v1/bibles/63097d2a0a2f7db3-01/chapters/PSA.145
  Saved: psalms_145.xml
  Fetching Psalms chapter 146...
  Requesting URL: https://rest.api.bible/v1/bibles/63097d2a0a2f7db3-01/chapters/PSA.146
  Saved: psalms_146.xml
  Fetching Psalms chapter 147...
  Requesting URL: https://rest.api.bible/v1/bibles/63097d2a0a2f7db3-01/chapters/PSA.147
  Saved: psalms_147.xml
  Fetching Psalms chapter 148...
  Requesting URL: https://rest.api.bible/v1/bibles/63097d2a0a2f7db3-01/chapters/PSA.148
  Saved: psalms_148.xml
  Fetching Psalms chapter 149...
  Requesting URL: https://rest.api.bible/v1/bibles/63097d2a0a2f7db3-01/chapters/PSA.149
  Saved: psalms_149.xml
  Fetching Psalms chapter 150...
  Requesting URL: https://rest.api.bible/v1/bibles/63097d2a0a2f7db3-01/chapters/PSA.150
  Saved: psalms_150.xml

Processing Proverbs for NKJV...
  Fetching Proverbs chapter 1...
  Requesting URL: https://rest.api.bible/v1/bibles/63097d2a0a2f7db3-01/chapters/PRO.1
  Saved: proverbs_1.xml
  Fetching Proverbs chapter 2...
  Requesting URL: https://rest.api.bible/v1/bibles/63097d2a0a2f7db3-01/chapters/PRO.2
  Saved: proverbs_2.xml
  Fetching Proverbs chapter 3...
  Requesting URL: https://rest.api.bible/v1/bibles/63097d2a0a2f7db3-01/chapters/PRO.3
  Saved: proverbs_3.xml
  Fetching Proverbs chapter 4...
  Requesting URL: https://rest.api.bible/v1/bibles/63097d2a0a2f7db3-01/chapters/PRO.4
  Saved: proverbs_4.xml
  Fetching Proverbs chapter 5...
  Requesting URL: https://rest.api.bible/v1/bibles/63097d2a0a2f7db3-01/chapters/PRO.5
  Saved: proverbs_5.xml
  Fetching Proverbs chapter 6...
  Requesting URL: https://rest.api.bible/v1/bibles/63097d2a0a2f7db3-01/chapters/PRO.6
  Saved: proverbs_6.xml
  Fetching Proverbs chapter 7...
  Requesting URL: https://rest.api.bible/v1/bibles/63097d2a0a2f7db3-01/chapters/PRO.7
  Saved: proverbs_7.xml
  Fetching Proverbs chapter 8...
  Requesting URL: https://rest.api.bible/v1/bibles/63097d2a0a2f7db3-01/chapters/PRO.8
  Saved: proverbs_8.xml
  Fetching Proverbs chapter 9...
  Requesting URL: https://rest.api.bible/v1/bibles/63097d2a0a2f7db3-01/chapters/PRO.9
  Saved: proverbs_9.xml
  Fetching Proverbs chapter 10...
  Requesting URL: https://rest.api.bible/v1/bibles/63097d2a0a2f7db3-01/chapters/PRO.10
  Saved: proverbs_10.xml
  Fetching Proverbs chapter 11...
  Requesting URL: https://rest.api.bible/v1/bibles/63097d2a0a2f7db3-01/chapters/PRO.11
  Saved: proverbs_11.xml
  Fetching Proverbs chapter 12...
  Requesting URL: https://rest.api.bible/v1/bibles/63097d2a0a2f7db3-01/chapters/PRO.12
  Saved: proverbs_12.xml
  Fetching Proverbs chapter 13...
  Requesting URL: https://rest.api.bible/v1/bibles/63097d2a0a2f7db3-01/chapters/PRO.13
  Saved: proverbs_13.xml
  Fetching Proverbs chapter 14...
  Requesting URL: https://rest.api.bible/v1/bibles/63097d2a0a2f7db3-01/chapters/PRO.14
  Saved: proverbs_14.xml
  Fetching Proverbs chapter 15...
  Requesting URL: https://rest.api.bible/v1/bibles/63097d2a0a2f7db3-01/chapters/PRO.15
  Saved: proverbs_15.xml
  Fetching Proverbs chapter 16...
  Requesting URL: https://rest.api.bible/v1/bibles/63097d2a0a2f7db3-01/chapters/PRO.16
  Saved: proverbs_16.xml
  Fetching Proverbs chapter 17...
  Requesting URL: https://rest.api.bible/v1/bibles/63097d2a0a2f7db3-01/chapters/PRO.17
  Saved: proverbs_17.xml
  Fetching Proverbs chapter 18...
  Requesting URL: https://rest.api.bible/v1/bibles/63097d2a0a2f7db3-01/chapters/PRO.18
  Saved: proverbs_18.xml
  Fetching Proverbs chapter 19...
  Requesting URL: https://rest.api.bible/v1/bibles/63097d2a0a2f7db3-01/chapters/PRO.19
  Saved: proverbs_19.xml
  Fetching Proverbs chapter 20...
  Requesting URL: https://rest.api.bible/v1/bibles/63097d2a0a2f7db3-01/chapters/PRO.20
  Saved: proverbs_20.xml
  Fetching Proverbs chapter 21...
  Requesting URL: https://rest.api.bible/v1/bibles/63097d2a0a2f7db3-01/chapters/PRO.21
  Saved: proverbs_21.xml
  Fetching Proverbs chapter 22...
  Requesting URL: https://rest.api.bible/v1/bibles/63097d2a0a2f7db3-01/chapters/PRO.22
  Saved: proverbs_22.xml
  Fetching Proverbs chapter 23...
  Requesting URL: https://rest.api.bible/v1/bibles/63097d2a0a2f7db3-01/chapters/PRO.23
  Saved: proverbs_23.xml
  Fetching Proverbs chapter 24...
  Requesting URL: https://rest.api.bible/v1/bibles/63097d2a0a2f7db3-01/chapters/PRO.24
  Saved: proverbs_24.xml
  Fetching Proverbs chapter 25...
  Requesting URL: https://rest.api.bible/v1/bibles/63097d2a0a2f7db3-01/chapters/PRO.25
  Saved: proverbs_25.xml
  Fetching Proverbs chapter 26...
  Requesting URL: https://rest.api.bible/v1/bibles/63097d2a0a2f7db3-01/chapters/PRO.26
  Saved: proverbs_26.xml
  Fetching Proverbs chapter 27...
  Requesting URL: https://rest.api.bible/v1/bibles/63097d2a0a2f7db3-01/chapters/PRO.27
  Saved: proverbs_27.xml
  Fetching Proverbs chapter 28...
  Requesting URL: https://rest.api.bible/v1/bibles/63097d2a0a2f7db3-01/chapters/PRO.28
  Saved: proverbs_28.xml
  Fetching Proverbs chapter 29...
  Requesting URL: https://rest.api.bible/v1/bibles/63097d2a0a2f7db3-01/chapters/PRO.29
  Saved: proverbs_29.xml
  Fetching Proverbs chapter 30...
  Requesting URL: https://rest.api.bible/v1/bibles/63097d2a0a2f7db3-01/chapters/PRO.30
  Saved: proverbs_30.xml
  Fetching Proverbs chapter 31...
  Requesting URL: https://rest.api.bible/v1/bibles/63097d2a0a2f7db3-01/chapters/PRO.31
  Saved: proverbs_31.xml

Processing Ecclesiastes for NKJV...
  Fetching Ecclesiastes chapter 1...
  Requesting URL: https://rest.api.bible/v1/bibles/63097d2a0a2f7db3-01/chapters/ECC.1
  Saved: ecclesiastes_1.xml
  Fetching Ecclesiastes chapter 2...
  Requesting URL: https://rest.api.bible/v1/bibles/63097d2a0a2f7db3-01/chapters/ECC.2
  Saved: ecclesiastes_2.xml
  Fetching Ecclesiastes chapter 3...
  Requesting URL: https://rest.api.bible/v1/bibles/63097d2a0a2f7db3-01/chapters/ECC.3
  Saved: ecclesiastes_3.xml
  Fetching Ecclesiastes chapter 4...
  Requesting URL: https://rest.api.bible/v1/bibles/63097d2a0a2f7db3-01/chapters/ECC.4
  Saved: ecclesiastes_4.xml
  Fetching Ecclesiastes chapter 5...
  Requesting URL: https://rest.api.bible/v1/bibles/63097d2a0a2f7db3-01/chapters/ECC.5
  Saved: ecclesiastes_5.xml
  Fetching Ecclesiastes chapter 6...
  Requesting URL: https://rest.api.bible/v1/bibles/63097d2a0a2f7db3-01/chapters/ECC.6
  Saved: ecclesiastes_6.xml
  Fetching Ecclesiastes chapter 7...
  Requesting URL: https://rest.api.bible/v1/bibles/63097d2a0a2f7db3-01/chapters/ECC.7
  Saved: ecclesiastes_7.xml
  Fetching Ecclesiastes chapter 8...
  Requesting URL: https://rest.api.bible/v1/bibles/63097d2a0a2f7db3-01/chapters/ECC.8
  Saved: ecclesiastes_8.xml
  Fetching Ecclesiastes chapter 9...
  Requesting URL: https://rest.api.bible/v1/bibles/63097d2a0a2f7db3-01/chapters/ECC.9
  Saved: ecclesiastes_9.xml
  Fetching Ecclesiastes chapter 10...
  Requesting URL: https://rest.api.bible/v1/bibles/63097d2a0a2f7db3-01/chapters/ECC.10
  Saved: ecclesiastes_10.xml
  Fetching Ecclesiastes chapter 11...
  Requesting URL: https://rest.api.bible/v1/bibles/63097d2a0a2f7db3-01/chapters/ECC.11
  Saved: ecclesiastes_11.xml
  Fetching Ecclesiastes chapter 12...
  Requesting URL: https://rest.api.bible/v1/bibles/63097d2a0a2f7db3-01/chapters/ECC.12
  Saved: ecclesiastes_12.xml

Processing Song of Solomon for NKJV...
  Fetching Song of Solomon chapter 1...
  Requesting URL: https://rest.api.bible/v1/bibles/63097d2a0a2f7db3-01/chapters/SNG.1
  Saved: song_of_solomon_1.xml
  Fetching Song of Solomon chapter 2...
  Requesting URL: https://rest.api.bible/v1/bibles/63097d2a0a2f7db3-01/chapters/SNG.2
  Saved: song_of_solomon_2.xml
  Fetching Song of Solomon chapter 3...
  Requesting URL: https://rest.api.bible/v1/bibles/63097d2a0a2f7db3-01/chapters/SNG.3
  Saved: song_of_solomon_3.xml
  Fetching Song of Solomon chapter 4...
  Requesting URL: https://rest.api.bible/v1/bibles/63097d2a0a2f7db3-01/chapters/SNG.4
  Saved: song_of_solomon_4.xml
  Fetching Song of Solomon chapter 5...
  Requesting URL: https://rest.api.bible/v1/bibles/63097d2a0a2f7db3-01/chapters/SNG.5
  Saved: song_of_solomon_5.xml
  Fetching Song of Solomon chapter 6...
  Requesting URL: https://rest.api.bible/v1/bibles/63097d2a0a2f7db3-01/chapters/SNG.6
  Saved: song_of_solomon_6.xml
  Fetching Song of Solomon chapter 7...
  Requesting URL: https://rest.api.bible/v1/bibles/63097d2a0a2f7db3-01/chapters/SNG.7
  Saved: song_of_solomon_7.xml
  Fetching Song of Solomon chapter 8...
  Requesting URL: https://rest.api.bible/v1/bibles/63097d2a0a2f7db3-01/chapters/SNG.8
  Saved: song_of_solomon_8.xml

Processing Isaiah for NKJV...
  Fetching Isaiah chapter 1...
  Requesting URL: https://rest.api.bible/v1/bibles/63097d2a0a2f7db3-01/chapters/ISA.1
  Saved: isaiah_1.xml
  Fetching Isaiah chapter 2...
  Requesting URL: https://rest.api.bible/v1/bibles/63097d2a0a2f7db3-01/chapters/ISA.2
  Saved: isaiah_2.xml
  Fetching Isaiah chapter 3...
  Requesting URL: https://rest.api.bible/v1/bibles/63097d2a0a2f7db3-01/chapters/ISA.3
  Saved: isaiah_3.xml
  Fetching Isaiah chapter 4...
  Requesting URL: https://rest.api.bible/v1/bibles/63097d2a0a2f7db3-01/chapters/ISA.4
  Saved: isaiah_4.xml
  Fetching Isaiah chapter 5...
  Requesting URL: https://rest.api.bible/v1/bibles/63097d2a0a2f7db3-01/chapters/ISA.5
  Saved: isaiah_5.xml
  Fetching Isaiah chapter 6...
  Requesting URL: https://rest.api.bible/v1/bibles/63097d2a0a2f7db3-01/chapters/ISA.6
  Saved: isaiah_6.xml
  Fetching Isaiah chapter 7...
  Requesting URL: https://rest.api.bible/v1/bibles/63097d2a0a2f7db3-01/chapters/ISA.7
  Saved: isaiah_7.xml
  Fetching Isaiah chapter 8...
  Requesting URL: https://rest.api.bible/v1/bibles/63097d2a0a2f7db3-01/chapters/ISA.8
  Saved: isaiah_8.xml
  Fetching Isaiah chapter 9...
  Requesting URL: https://rest.api.bible/v1/bibles/63097d2a0a2f7db3-01/chapters/ISA.9
  Saved: isaiah_9.xml
  Fetching Isaiah chapter 10...
  Requesting URL: https://rest.api.bible/v1/bibles/63097d2a0a2f7db3-01/chapters/ISA.10
  Saved: isaiah_10.xml
  Fetching Isaiah chapter 11...
  Requesting URL: https://rest.api.bible/v1/bibles/63097d2a0a2f7db3-01/chapters/ISA.11
  Saved: isaiah_11.xml
  Fetching Isaiah chapter 12...
  Requesting URL: https://rest.api.bible/v1/bibles/63097d2a0a2f7db3-01/chapters/ISA.12
  Saved: isaiah_12.xml
  Fetching Isaiah chapter 13...
  Requesting URL: https://rest.api.bible/v1/bibles/63097d2a0a2f7db3-01/chapters/ISA.13
  Saved: isaiah_13.xml
  Fetching Isaiah chapter 14...
  Requesting URL: https://rest.api.bible/v1/bibles/63097d2a0a2f7db3-01/chapters/ISA.14
  Saved: isaiah_14.xml
  Fetching Isaiah chapter 15...
  Requesting URL: https://rest.api.bible/v1/bibles/63097d2a0a2f7db3-01/chapters/ISA.15
  Saved: isaiah_15.xml
  Fetching Isaiah chapter 16...
  Requesting URL: https://rest.api.bible/v1/bibles/63097d2a0a2f7db3-01/chapters/ISA.16
  Saved: isaiah_16.xml
  Fetching Isaiah chapter 17...
  Requesting URL: https://rest.api.bible/v1/bibles/63097d2a0a2f7db3-01/chapters/ISA.17
  Saved: isaiah_17.xml
  Fetching Isaiah chapter 18...
  Requesting URL: https://rest.api.bible/v1/bibles/63097d2a0a2f7db3-01/chapters/ISA.18
  Saved: isaiah_18.xml
  Fetching Isaiah chapter 19...
  Requesting URL: https://rest.api.bible/v1/bibles/63097d2a0a2f7db3-01/chapters/ISA.19
  Saved: isaiah_19.xml
  Fetching Isaiah chapter 20...
  Requesting URL: https://rest.api.bible/v1/bibles/63097d2a0a2f7db3-01/chapters/ISA.20
  Saved: isaiah_20.xml
  Fetching Isaiah chapter 21...
  Requesting URL: https://rest.api.bible/v1/bibles/63097d2a0a2f7db3-01/chapters/ISA.21
  Saved: isaiah_21.xml
  Fetching Isaiah chapter 22...
  Requesting URL: https://rest.api.bible/v1/bibles/63097d2a0a2f7db3-01/chapters/ISA.22
  Saved: isaiah_22.xml
  Fetching Isaiah chapter 23...
  Requesting URL: https://rest.api.bible/v1/bibles/63097d2a0a2f7db3-01/chapters/ISA.23
  Saved: isaiah_23.xml
  Fetching Isaiah chapter 24...
  Requesting URL: https://rest.api.bible/v1/bibles/63097d2a0a2f7db3-01/chapters/ISA.24
  Saved: isaiah_24.xml
  Fetching Isaiah chapter 25...
  Requesting URL: https://rest.api.bible/v1/bibles/63097d2a0a2f7db3-01/chapters/ISA.25
  Saved: isaiah_25.xml
  Fetching Isaiah chapter 26...
  Requesting URL: https://rest.api.bible/v1/bibles/63097d2a0a2f7db3-01/chapters/ISA.26
  Saved: isaiah_26.xml
  Fetching Isaiah chapter 27...
  Requesting URL: https://rest.api.bible/v1/bibles/63097d2a0a2f7db3-01/chapters/ISA.27
  Saved: isaiah_27.xml
  Fetching Isaiah chapter 28...
  Requesting URL: https://rest.api.bible/v1/bibles/63097d2a0a2f7db3-01/chapters/ISA.28
  Saved: isaiah_28.xml
  Fetching Isaiah chapter 29...
  Requesting URL: https://rest.api.bible/v1/bibles/63097d2a0a2f7db3-01/chapters/ISA.29
  Saved: isaiah_29.xml
  Fetching Isaiah chapter 30...
  Requesting URL: https://rest.api.bible/v1/bibles/63097d2a0a2f7db3-01/chapters/ISA.30
  Saved: isaiah_30.xml
  Fetching Isaiah chapter 31...
  Requesting URL: https://rest.api.bible/v1/bibles/63097d2a0a2f7db3-01/chapters/ISA.31
  Saved: isaiah_31.xml
  Fetching Isaiah chapter 32...
  Requesting URL: https://rest.api.bible/v1/bibles/63097d2a0a2f7db3-01/chapters/ISA.32
  Saved: isaiah_32.xml
  Fetching Isaiah chapter 33...
  Requesting URL: https://rest.api.bible/v1/bibles/63097d2a0a2f7db3-01/chapters/ISA.33
  Saved: isaiah_33.xml
  Fetching Isaiah chapter 34...
  Requesting URL: https://rest.api.bible/v1/bibles/63097d2a0a2f7db3-01/chapters/ISA.34
  Saved: isaiah_34.xml
  Fetching Isaiah chapter 35...
  Requesting URL: https://rest.api.bible/v1/bibles/63097d2a0a2f7db3-01/chapters/ISA.35
  Saved: isaiah_35.xml
  Fetching Isaiah chapter 36...
  Requesting URL: https://rest.api.bible/v1/bibles/63097d2a0a2f7db3-01/chapters/ISA.36
  Saved: isaiah_36.xml
  Fetching Isaiah chapter 37...
  Requesting URL: https://rest.api.bible/v1/bibles/63097d2a0a2f7db3-01/chapters/ISA.37
  Saved: isaiah_37.xml
  Fetching Isaiah chapter 38...
  Requesting URL: https://rest.api.bible/v1/bibles/63097d2a0a2f7db3-01/chapters/ISA.38
  Saved: isaiah_38.xml
  Fetching Isaiah chapter 39...
  Requesting URL: https://rest.api.bible/v1/bibles/63097d2a0a2f7db3-01/chapters/ISA.39
  Saved: isaiah_39.xml
  Fetching Isaiah chapter 40...
  Requesting URL: https://rest.api.bible/v1/bibles/63097d2a0a2f7db3-01/chapters/ISA.40
  Saved: isaiah_40.xml
  Fetching Isaiah chapter 41...
  Requesting URL: https://rest.api.bible/v1/bibles/63097d2a0a2f7db3-01/chapters/ISA.41
  Saved: isaiah_41.xml
  Fetching Isaiah chapter 42...
  Requesting URL: https://rest.api.bible/v1/bibles/63097d2a0a2f7db3-01/chapters/ISA.42
  Saved: isaiah_42.xml
  Fetching Isaiah chapter 43...
  Requesting URL: https://rest.api.bible/v1/bibles/63097d2a0a2f7db3-01/chapters/ISA.43
  Saved: isaiah_43.xml
  Fetching Isaiah chapter 44...
  Requesting URL: https://rest.api.bible/v1/bibles/63097d2a0a2f7db3-01/chapters/ISA.44
  Saved: isaiah_44.xml
  Fetching Isaiah chapter 45...
  Requesting URL: https://rest.api.bible/v1/bibles/63097d2a0a2f7db3-01/chapters/ISA.45
  Saved: isaiah_45.xml
  Fetching Isaiah chapter 46...
  Requesting URL: https://rest.api.bible/v1/bibles/63097d2a0a2f7db3-01/chapters/ISA.46
  Saved: isaiah_46.xml
  Fetching Isaiah chapter 47...
  Requesting URL: https://rest.api.bible/v1/bibles/63097d2a0a2f7db3-01/chapters/ISA.47
  Saved: isaiah_47.xml
  Fetching Isaiah chapter 48...
  Requesting URL: https://rest.api.bible/v1/bibles/63097d2a0a2f7db3-01/chapters/ISA.48
  Saved: isaiah_48.xml
  Fetching Isaiah chapter 49...
  Requesting URL: https://rest.api.bible/v1/bibles/63097d2a0a2f7db3-01/chapters/ISA.49
  Saved: isaiah_49.xml
  Fetching Isaiah chapter 50...
  Requesting URL: https://rest.api.bible/v1/bibles/63097d2a0a2f7db3-01/chapters/ISA.50
  Saved: isaiah_50.xml
  Fetching Isaiah chapter 51...
  Requesting URL: https://rest.api.bible/v1/bibles/63097d2a0a2f7db3-01/chapters/ISA.51
  Saved: isaiah_51.xml
  Fetching Isaiah chapter 52...
  Requesting URL: https://rest.api.bible/v1/bibles/63097d2a0a2f7db3-01/chapters/ISA.52
  Saved: isaiah_52.xml
  Fetching Isaiah chapter 53...
  Requesting URL: https://rest.api.bible/v1/bibles/63097d2a0a2f7db3-01/chapters/ISA.53
  Saved: isaiah_53.xml
  Fetching Isaiah chapter 54...
  Requesting URL: https://rest.api.bible/v1/bibles/63097d2a0a2f7db3-01/chapters/ISA.54
  Saved: isaiah_54.xml
  Fetching Isaiah chapter 55...
  Requesting URL: https://rest.api.bible/v1/bibles/63097d2a0a2f7db3-01/chapters/ISA.55
  Saved: isaiah_55.xml
  Fetching Isaiah chapter 56...
  Requesting URL: https://rest.api.bible/v1/bibles/63097d2a0a2f7db3-01/chapters/ISA.56
  Saved: isaiah_56.xml
  Fetching Isaiah chapter 57...
  Requesting URL: https://rest.api.bible/v1/bibles/63097d2a0a2f7db3-01/chapters/ISA.57
  Saved: isaiah_57.xml
  Fetching Isaiah chapter 58...
  Requesting URL: https://rest.api.bible/v1/bibles/63097d2a0a2f7db3-01/chapters/ISA.58
  Saved: isaiah_58.xml
  Fetching Isaiah chapter 59...
  Requesting URL: https://rest.api.bible/v1/bibles/63097d2a0a2f7db3-01/chapters/ISA.59
  Saved: isaiah_59.xml
  Fetching Isaiah chapter 60...
  Requesting URL: https://rest.api.bible/v1/bibles/63097d2a0a2f7db3-01/chapters/ISA.60
  Saved: isaiah_60.xml
  Fetching Isaiah chapter 61...
  Requesting URL: https://rest.api.bible/v1/bibles/63097d2a0a2f7db3-01/chapters/ISA.61
  Saved: isaiah_61.xml
  Fetching Isaiah chapter 62...
  Requesting URL: https://rest.api.bible/v1/bibles/63097d2a0a2f7db3-01/chapters/ISA.62
  Saved: isaiah_62.xml
  Fetching Isaiah chapter 63...
  Requesting URL: https://rest.api.bible/v1/bibles/63097d2a0a2f7db3-01/chapters/ISA.63
  Saved: isaiah_63.xml
  Fetching Isaiah chapter 64...
  Requesting URL: https://rest.api.bible/v1/bibles/63097d2a0a2f7db3-01/chapters/ISA.64
  Saved: isaiah_64.xml
  Fetching Isaiah chapter 65...
  Requesting URL: https://rest.api.bible/v1/bibles/63097d2a0a2f7db3-01/chapters/ISA.65
  Saved: isaiah_65.xml
  Fetching Isaiah chapter 66...
  Requesting URL: https://rest.api.bible/v1/bibles/63097d2a0a2f7db3-01/chapters/ISA.66
  Saved: isaiah_66.xml

Processing Jeremiah for NKJV...
  Fetching Jeremiah chapter 1...
  Requesting URL: https://rest.api.bible/v1/bibles/63097d2a0a2f7db3-01/chapters/JER.1
  Saved: jeremiah_1.xml
  Fetching Jeremiah chapter 2...
  Requesting URL: https://rest.api.bible/v1/bibles/63097d2a0a2f7db3-01/chapters/JER.2
  Saved: jeremiah_2.xml
  Fetching Jeremiah chapter 3...
  Requesting URL: https://rest.api.bible/v1/bibles/63097d2a0a2f7db3-01/chapters/JER.3
  Saved: jeremiah_3.xml
  Fetching Jeremiah chapter 4...
  Requesting URL: https://rest.api.bible/v1/bibles/63097d2a0a2f7db3-01/chapters/JER.4
  Saved: jeremiah_4.xml
  Fetching Jeremiah chapter 5...
  Requesting URL: https://rest.api.bible/v1/bibles/63097d2a0a2f7db3-01/chapters/JER.5
  Saved: jeremiah_5.xml
  Fetching Jeremiah chapter 6...
  Requesting URL: https://rest.api.bible/v1/bibles/63097d2a0a2f7db3-01/chapters/JER.6
  Saved: jeremiah_6.xml
  Fetching Jeremiah chapter 7...
  Requesting URL: https://rest.api.bible/v1/bibles/63097d2a0a2f7db3-01/chapters/JER.7
  Saved: jeremiah_7.xml
  Fetching Jeremiah chapter 8...
  Requesting URL: https://rest.api.bible/v1/bibles/63097d2a0a2f7db3-01/chapters/JER.8
  Saved: jeremiah_8.xml
  Fetching Jeremiah chapter 9...
  Requesting URL: https://rest.api.bible/v1/bibles/63097d2a0a2f7db3-01/chapters/JER.9
  Saved: jeremiah_9.xml
  Fetching Jeremiah chapter 10...
  Requesting URL: https://rest.api.bible/v1/bibles/63097d2a0a2f7db3-01/chapters/JER.10
  Saved: jeremiah_10.xml
  Fetching Jeremiah chapter 11...
  Requesting URL: https://rest.api.bible/v1/bibles/63097d2a0a2f7db3-01/chapters/JER.11
  Saved: jeremiah_11.xml
  Fetching Jeremiah chapter 12...
  Requesting URL: https://rest.api.bible/v1/bibles/63097d2a0a2f7db3-01/chapters/JER.12
  Saved: jeremiah_12.xml
  Fetching Jeremiah chapter 13...
  Requesting URL: https://rest.api.bible/v1/bibles/63097d2a0a2f7db3-01/chapters/JER.13
  Saved: jeremiah_13.xml
  Fetching Jeremiah chapter 14...
  Requesting URL: https://rest.api.bible/v1/bibles/63097d2a0a2f7db3-01/chapters/JER.14
  Saved: jeremiah_14.xml
  Fetching Jeremiah chapter 15...
  Requesting URL: https://rest.api.bible/v1/bibles/63097d2a0a2f7db3-01/chapters/JER.15
  Saved: jeremiah_15.xml
  Fetching Jeremiah chapter 16...
  Requesting URL: https://rest.api.bible/v1/bibles/63097d2a0a2f7db3-01/chapters/JER.16
  Saved: jeremiah_16.xml
  Fetching Jeremiah chapter 17...
  Requesting URL: https://rest.api.bible/v1/bibles/63097d2a0a2f7db3-01/chapters/JER.17
  Saved: jeremiah_17.xml
  Fetching Jeremiah chapter 18...
  Requesting URL: https://rest.api.bible/v1/bibles/63097d2a0a2f7db3-01/chapters/JER.18
  Saved: jeremiah_18.xml
  Fetching Jeremiah chapter 19...
  Requesting URL: https://rest.api.bible/v1/bibles/63097d2a0a2f7db3-01/chapters/JER.19
  Saved: jeremiah_19.xml
  Fetching Jeremiah chapter 20...
  Requesting URL: https://rest.api.bible/v1/bibles/63097d2a0a2f7db3-01/chapters/JER.20
  Saved: jeremiah_20.xml
  Fetching Jeremiah chapter 21...
  Requesting URL: https://rest.api.bible/v1/bibles/63097d2a0a2f7db3-01/chapters/JER.21
  Saved: jeremiah_21.xml
  Fetching Jeremiah chapter 22...
  Requesting URL: https://rest.api.bible/v1/bibles/63097d2a0a2f7db3-01/chapters/JER.22
  Saved: jeremiah_22.xml
  Fetching Jeremiah chapter 23...
  Requesting URL: https://rest.api.bible/v1/bibles/63097d2a0a2f7db3-01/chapters/JER.23
  Saved: jeremiah_23.xml
  Fetching Jeremiah chapter 24...
  Requesting URL: https://rest.api.bible/v1/bibles/63097d2a0a2f7db3-01/chapters/JER.24
  Saved: jeremiah_24.xml
  Fetching Jeremiah chapter 25...
  Requesting URL: https://rest.api.bible/v1/bibles/63097d2a0a2f7db3-01/chapters/JER.25
  Saved: jeremiah_25.xml
  Fetching Jeremiah chapter 26...
  Requesting URL: https://rest.api.bible/v1/bibles/63097d2a0a2f7db3-01/chapters/JER.26
  Saved: jeremiah_26.xml
  Fetching Jeremiah chapter 27...
  Requesting URL: https://rest.api.bible/v1/bibles/63097d2a0a2f7db3-01/chapters/JER.27
  Saved: jeremiah_27.xml
  Fetching Jeremiah chapter 28...
  Requesting URL: https://rest.api.bible/v1/bibles/63097d2a0a2f7db3-01/chapters/JER.28
  Saved: jeremiah_28.xml
  Fetching Jeremiah chapter 29...
  Requesting URL: https://rest.api.bible/v1/bibles/63097d2a0a2f7db3-01/chapters/JER.29
  Saved: jeremiah_29.xml
  Fetching Jeremiah chapter 30...
  Requesting URL: https://rest.api.bible/v1/bibles/63097d2a0a2f7db3-01/chapters/JER.30
  Saved: jeremiah_30.xml
  Fetching Jeremiah chapter 31...
  Requesting URL: https://rest.api.bible/v1/bibles/63097d2a0a2f7db3-01/chapters/JER.31
  Saved: jeremiah_31.xml
  Fetching Jeremiah chapter 32...
  Requesting URL: https://rest.api.bible/v1/bibles/63097d2a0a2f7db3-01/chapters/JER.32
  Saved: jeremiah_32.xml
  Fetching Jeremiah chapter 33...
  Requesting URL: https://rest.api.bible/v1/bibles/63097d2a0a2f7db3-01/chapters/JER.33
  Saved: jeremiah_33.xml
  Fetching Jeremiah chapter 34...
  Requesting URL: https://rest.api.bible/v1/bibles/63097d2a0a2f7db3-01/chapters/JER.34
  Saved: jeremiah_34.xml
  Fetching Jeremiah chapter 35...
  Requesting URL: https://rest.api.bible/v1/bibles/63097d2a0a2f7db3-01/chapters/JER.35
  Saved: jeremiah_35.xml
  Fetching Jeremiah chapter 36...
  Requesting URL: https://rest.api.bible/v1/bibles/63097d2a0a2f7db3-01/chapters/JER.36
  Saved: jeremiah_36.xml
  Fetching Jeremiah chapter 37...
  Requesting URL: https://rest.api.bible/v1/bibles/63097d2a0a2f7db3-01/chapters/JER.37
  Saved: jeremiah_37.xml
  Fetching Jeremiah chapter 38...
  Requesting URL: https://rest.api.bible/v1/bibles/63097d2a0a2f7db3-01/chapters/JER.38
  Saved: jeremiah_38.xml
  Fetching Jeremiah chapter 39...
  Requesting URL: https://rest.api.bible/v1/bibles/63097d2a0a2f7db3-01/chapters/JER.39
  Saved: jeremiah_39.xml
  Fetching Jeremiah chapter 40...
  Requesting URL: https://rest.api.bible/v1/bibles/63097d2a0a2f7db3-01/chapters/JER.40
  Saved: jeremiah_40.xml
  Fetching Jeremiah chapter 41...
  Requesting URL: https://rest.api.bible/v1/bibles/63097d2a0a2f7db3-01/chapters/JER.41
  Saved: jeremiah_41.xml
  Fetching Jeremiah chapter 42...
  Requesting URL: https://rest.api.bible/v1/bibles/63097d2a0a2f7db3-01/chapters/JER.42
  Saved: jeremiah_42.xml
  Fetching Jeremiah chapter 43...
  Requesting URL: https://rest.api.bible/v1/bibles/63097d2a0a2f7db3-01/chapters/JER.43
  Saved: jeremiah_43.xml
  Fetching Jeremiah chapter 44...
  Requesting URL: https://rest.api.bible/v1/bibles/63097d2a0a2f7db3-01/chapters/JER.44
  Saved: jeremiah_44.xml
  Fetching Jeremiah chapter 45...
  Requesting URL: https://rest.api.bible/v1/bibles/63097d2a0a2f7db3-01/chapters/JER.45
  Saved: jeremiah_45.xml
  Fetching Jeremiah chapter 46...
  Requesting URL: https://rest.api.bible/v1/bibles/63097d2a0a2f7db3-01/chapters/JER.46
  Saved: jeremiah_46.xml
  Fetching Jeremiah chapter 47...
  Requesting URL: https://rest.api.bible/v1/bibles/63097d2a0a2f7db3-01/chapters/JER.47
  Saved: jeremiah_47.xml
  Fetching Jeremiah chapter 48...
  Requesting URL: https://rest.api.bible/v1/bibles/63097d2a0a2f7db3-01/chapters/JER.48
  Saved: jeremiah_48.xml
  Fetching Jeremiah chapter 49...
  Requesting URL: https://rest.api.bible/v1/bibles/63097d2a0a2f7db3-01/chapters/JER.49
  Saved: jeremiah_49.xml
  Fetching Jeremiah chapter 50...
  Requesting URL: https://rest.api.bible/v1/bibles/63097d2a0a2f7db3-01/chapters/JER.50
  Saved: jeremiah_50.xml
  Fetching Jeremiah chapter 51...
  Requesting URL: https://rest.api.bible/v1/bibles/63097d2a0a2f7db3-01/chapters/JER.51
  Saved: jeremiah_51.xml
  Fetching Jeremiah chapter 52...
  Requesting URL: https://rest.api.bible/v1/bibles/63097d2a0a2f7db3-01/chapters/JER.52
  Saved: jeremiah_52.xml

Processing Lamentations for NKJV...
  Fetching Lamentations chapter 1...
  Requesting URL: https://rest.api.bible/v1/bibles/63097d2a0a2f7db3-01/chapters/LAM.1
  Saved: lamentations_1.xml
  Fetching Lamentations chapter 2...
  Requesting URL: https://rest.api.bible/v1/bibles/63097d2a0a2f7db3-01/chapters/LAM.2
  Saved: lamentations_2.xml
  Fetching Lamentations chapter 3...
  Requesting URL: https://rest.api.bible/v1/bibles/63097d2a0a2f7db3-01/chapters/LAM.3
  Saved: lamentations_3.xml
  Fetching Lamentations chapter 4...
  Requesting URL: https://rest.api.bible/v1/bibles/63097d2a0a2f7db3-01/chapters/LAM.4
  Saved: lamentations_4.xml
  Fetching Lamentations chapter 5...
  Requesting URL: https://rest.api.bible/v1/bibles/63097d2a0a2f7db3-01/chapters/LAM.5
  Saved: lamentations_5.xml

Processing Ezekiel for NKJV...
  Fetching Ezekiel chapter 1...
  Requesting URL: https://rest.api.bible/v1/bibles/63097d2a0a2f7db3-01/chapters/EZK.1
  Saved: ezekiel_1.xml
  Fetching Ezekiel chapter 2...
  Requesting URL: https://rest.api.bible/v1/bibles/63097d2a0a2f7db3-01/chapters/EZK.2
  Saved: ezekiel_2.xml
  Fetching Ezekiel chapter 3...
  Requesting URL: https://rest.api.bible/v1/bibles/63097d2a0a2f7db3-01/chapters/EZK.3
  Saved: ezekiel_3.xml
  Fetching Ezekiel chapter 4...
  Requesting URL: https://rest.api.bible/v1/bibles/63097d2a0a2f7db3-01/chapters/EZK.4
  Saved: ezekiel_4.xml
  Fetching Ezekiel chapter 5...
  Requesting URL: https://rest.api.bible/v1/bibles/63097d2a0a2f7db3-01/chapters/EZK.5
  Saved: ezekiel_5.xml
  Fetching Ezekiel chapter 6...
  Requesting URL: https://rest.api.bible/v1/bibles/63097d2a0a2f7db3-01/chapters/EZK.6
  Saved: ezekiel_6.xml
  Fetching Ezekiel chapter 7...
  Requesting URL: https://rest.api.bible/v1/bibles/63097d2a0a2f7db3-01/chapters/EZK.7
  Saved: ezekiel_7.xml
  Fetching Ezekiel chapter 8...
  Requesting URL: https://rest.api.bible/v1/bibles/63097d2a0a2f7db3-01/chapters/EZK.8
  Saved: ezekiel_8.xml
  Fetching Ezekiel chapter 9...
  Requesting URL: https://rest.api.bible/v1/bibles/63097d2a0a2f7db3-01/chapters/EZK.9
  Saved: ezekiel_9.xml
  Fetching Ezekiel chapter 10...
  Requesting URL: https://rest.api.bible/v1/bibles/63097d2a0a2f7db3-01/chapters/EZK.10
  Saved: ezekiel_10.xml
  Fetching Ezekiel chapter 11...
  Requesting URL: https://rest.api.bible/v1/bibles/63097d2a0a2f7db3-01/chapters/EZK.11
  Saved: ezekiel_11.xml
  Fetching Ezekiel chapter 12...
  Requesting URL: https://rest.api.bible/v1/bibles/63097d2a0a2f7db3-01/chapters/EZK.12
Error: API.Bible returned status code 502
Response: <html>
<head><title>502 Bad Gateway</title></head>
<body>
<center><h1>502 Bad Gateway</h1></center>
<hr><center>nginx</center>
</body>
</html>

  Failed to fetch content for Ezekiel 12
  Fetching Ezekiel chapter 13...
  Requesting URL: https://rest.api.bible/v1/bibles/63097d2a0a2f7db3-01/chapters/EZK.13
  Saved: ezekiel_13.xml
  Fetching Ezekiel chapter 14...
  Requesting URL: https://rest.api.bible/v1/bibles/63097d2a0a2f7db3-01/chapters/EZK.14
  Saved: ezekiel_14.xml
  Fetching Ezekiel chapter 15...
  Requesting URL: https://rest.api.bible/v1/bibles/63097d2a0a2f7db3-01/chapters/EZK.15
  Saved: ezekiel_15.xml
  Fetching Ezekiel chapter 16...
  Requesting URL: https://rest.api.bible/v1/bibles/63097d2a0a2f7db3-01/chapters/EZK.16
  Saved: ezekiel_16.xml
  Fetching Ezekiel chapter 17...
  Requesting URL: https://rest.api.bible/v1/bibles/63097d2a0a2f7db3-01/chapters/EZK.17
  Saved: ezekiel_17.xml
  Fetching Ezekiel chapter 18...
  Requesting URL: https://rest.api.bible/v1/bibles/63097d2a0a2f7db3-01/chapters/EZK.18
  Saved: ezekiel_18.xml
  Fetching Ezekiel chapter 19...
  Requesting URL: https://rest.api.bible/v1/bibles/63097d2a0a2f7db3-01/chapters/EZK.19
  Saved: ezekiel_19.xml
  Fetching Ezekiel chapter 20...
  Requesting URL: https://rest.api.bible/v1/bibles/63097d2a0a2f7db3-01/chapters/EZK.20
  Saved: ezekiel_20.xml
  Fetching Ezekiel chapter 21...
  Requesting URL: https://rest.api.bible/v1/bibles/63097d2a0a2f7db3-01/chapters/EZK.21
  Saved: ezekiel_21.xml
  Fetching Ezekiel chapter 22...
  Requesting URL: https://rest.api.bible/v1/bibles/63097d2a0a2f7db3-01/chapters/EZK.22
  Saved: ezekiel_22.xml
  Fetching Ezekiel chapter 23...
  Requesting URL: https://rest.api.bible/v1/bibles/63097d2a0a2f7db3-01/chapters/EZK.23
  Saved: ezekiel_23.xml
  Fetching Ezekiel chapter 24...
  Requesting URL: https://rest.api.bible/v1/bibles/63097d2a0a2f7db3-01/chapters/EZK.24
  Saved: ezekiel_24.xml
  Fetching Ezekiel chapter 25...
  Requesting URL: https://rest.api.bible/v1/bibles/63097d2a0a2f7db3-01/chapters/EZK.25
  Saved: ezekiel_25.xml
  Fetching Ezekiel chapter 26...
  Requesting URL: https://rest.api.bible/v1/bibles/63097d2a0a2f7db3-01/chapters/EZK.26
  Saved: ezekiel_26.xml
  Fetching Ezekiel chapter 27...
  Requesting URL: https://rest.api.bible/v1/bibles/63097d2a0a2f7db3-01/chapters/EZK.27
  Saved: ezekiel_27.xml
  Fetching Ezekiel chapter 28...
  Requesting URL: https://rest.api.bible/v1/bibles/63097d2a0a2f7db3-01/chapters/EZK.28
  Saved: ezekiel_28.xml
  Fetching Ezekiel chapter 29...
  Requesting URL: https://rest.api.bible/v1/bibles/63097d2a0a2f7db3-01/chapters/EZK.29
  Saved: ezekiel_29.xml
  Fetching Ezekiel chapter 30...
  Requesting URL: https://rest.api.bible/v1/bibles/63097d2a0a2f7db3-01/chapters/EZK.30
  Saved: ezekiel_30.xml
  Fetching Ezekiel chapter 31...
  Requesting URL: https://rest.api.bible/v1/bibles/63097d2a0a2f7db3-01/chapters/EZK.31
  Saved: ezekiel_31.xml
  Fetching Ezekiel chapter 32...
  Requesting URL: https://rest.api.bible/v1/bibles/63097d2a0a2f7db3-01/chapters/EZK.32
  Saved: ezekiel_32.xml
  Fetching Ezekiel chapter 33...
  Requesting URL: https://rest.api.bible/v1/bibles/63097d2a0a2f7db3-01/chapters/EZK.33
  Saved: ezekiel_33.xml
  Fetching Ezekiel chapter 34...
  Requesting URL: https://rest.api.bible/v1/bibles/63097d2a0a2f7db3-01/chapters/EZK.34
  Saved: ezekiel_34.xml
  Fetching Ezekiel chapter 35...
  Requesting URL: https://rest.api.bible/v1/bibles/63097d2a0a2f7db3-01/chapters/EZK.35
  Saved: ezekiel_35.xml
  Fetching Ezekiel chapter 36...
  Requesting URL: https://rest.api.bible/v1/bibles/63097d2a0a2f7db3-01/chapters/EZK.36
  Saved: ezekiel_36.xml
  Fetching Ezekiel chapter 37...
  Requesting URL: https://rest.api.bible/v1/bibles/63097d2a0a2f7db3-01/chapters/EZK.37
  Saved: ezekiel_37.xml
  Fetching Ezekiel chapter 38...
  Requesting URL: https://rest.api.bible/v1/bibles/63097d2a0a2f7db3-01/chapters/EZK.38
  Saved: ezekiel_38.xml
  Fetching Ezekiel chapter 39...
  Requesting URL: https://rest.api.bible/v1/bibles/63097d2a0a2f7db3-01/chapters/EZK.39
  Saved: ezekiel_39.xml
  Fetching Ezekiel chapter 40...
  Requesting URL: https://rest.api.bible/v1/bibles/63097d2a0a2f7db3-01/chapters/EZK.40
  Saved: ezekiel_40.xml
  Fetching Ezekiel chapter 41...
  Requesting URL: https://rest.api.bible/v1/bibles/63097d2a0a2f7db3-01/chapters/EZK.41
  Saved: ezekiel_41.xml
  Fetching Ezekiel chapter 42...
  Requesting URL: https://rest.api.bible/v1/bibles/63097d2a0a2f7db3-01/chapters/EZK.42
  Saved: ezekiel_42.xml
  Fetching Ezekiel chapter 43...
  Requesting URL: https://rest.api.bible/v1/bibles/63097d2a0a2f7db3-01/chapters/EZK.43
  Saved: ezekiel_43.xml
  Fetching Ezekiel chapter 44...
  Requesting URL: https://rest.api.bible/v1/bibles/63097d2a0a2f7db3-01/chapters/EZK.44
  Saved: ezekiel_44.xml
  Fetching Ezekiel chapter 45...
  Requesting URL: https://rest.api.bible/v1/bibles/63097d2a0a2f7db3-01/chapters/EZK.45
  Saved: ezekiel_45.xml
  Fetching Ezekiel chapter 46...
  Requesting URL: https://rest.api.bible/v1/bibles/63097d2a0a2f7db3-01/chapters/EZK.46
  Saved: ezekiel_46.xml
  Fetching Ezekiel chapter 47...
  Requesting URL: https://rest.api.bible/v1/bibles/63097d2a0a2f7db3-01/chapters/EZK.47
  Saved: ezekiel_47.xml
  Fetching Ezekiel chapter 48...
  Requesting URL: https://rest.api.bible/v1/bibles/63097d2a0a2f7db3-01/chapters/EZK.48
  Saved: ezekiel_48.xml

Processing Daniel for NKJV...
  Fetching Daniel chapter 1...
  Requesting URL: https://rest.api.bible/v1/bibles/63097d2a0a2f7db3-01/chapters/DAN.1
  Saved: daniel_1.xml
  Fetching Daniel chapter 2...
  Requesting URL: https://rest.api.bible/v1/bibles/63097d2a0a2f7db3-01/chapters/DAN.2
  Saved: daniel_2.xml
  Fetching Daniel chapter 3...
  Requesting URL: https://rest.api.bible/v1/bibles/63097d2a0a2f7db3-01/chapters/DAN.3
  Saved: daniel_3.xml
  Fetching Daniel chapter 4...
  Requesting URL: https://rest.api.bible/v1/bibles/63097d2a0a2f7db3-01/chapters/DAN.4
  Saved: daniel_4.xml
  Fetching Daniel chapter 5...
  Requesting URL: https://rest.api.bible/v1/bibles/63097d2a0a2f7db3-01/chapters/DAN.5
  Saved: daniel_5.xml
  Fetching Daniel chapter 6...
  Requesting URL: https://rest.api.bible/v1/bibles/63097d2a0a2f7db3-01/chapters/DAN.6
  Saved: daniel_6.xml
  Fetching Daniel chapter 7...
  Requesting URL: https://rest.api.bible/v1/bibles/63097d2a0a2f7db3-01/chapters/DAN.7
  Saved: daniel_7.xml
  Fetching Daniel chapter 8...
  Requesting URL: https://rest.api.bible/v1/bibles/63097d2a0a2f7db3-01/chapters/DAN.8
  Saved: daniel_8.xml
  Fetching Daniel chapter 9...
  Requesting URL: https://rest.api.bible/v1/bibles/63097d2a0a2f7db3-01/chapters/DAN.9
  Saved: daniel_9.xml
  Fetching Daniel chapter 10...
  Requesting URL: https://rest.api.bible/v1/bibles/63097d2a0a2f7db3-01/chapters/DAN.10
  Saved: daniel_10.xml
  Fetching Daniel chapter 11...
  Requesting URL: https://rest.api.bible/v1/bibles/63097d2a0a2f7db3-01/chapters/DAN.11
  Saved: daniel_11.xml
  Fetching Daniel chapter 12...
  Requesting URL: https://rest.api.bible/v1/bibles/63097d2a0a2f7db3-01/chapters/DAN.12
  Saved: daniel_12.xml

Processing Hosea for NKJV...
  Fetching Hosea chapter 1...
  Requesting URL: https://rest.api.bible/v1/bibles/63097d2a0a2f7db3-01/chapters/HOS.1
  Saved: hosea_1.xml
  Fetching Hosea chapter 2...
  Requesting URL: https://rest.api.bible/v1/bibles/63097d2a0a2f7db3-01/chapters/HOS.2
  Saved: hosea_2.xml
  Fetching Hosea chapter 3...
  Requesting URL: https://rest.api.bible/v1/bibles/63097d2a0a2f7db3-01/chapters/HOS.3
  Saved: hosea_3.xml
  Fetching Hosea chapter 4...
  Requesting URL: https://rest.api.bible/v1/bibles/63097d2a0a2f7db3-01/chapters/HOS.4
  Saved: hosea_4.xml
  Fetching Hosea chapter 5...
  Requesting URL: https://rest.api.bible/v1/bibles/63097d2a0a2f7db3-01/chapters/HOS.5
  Saved: hosea_5.xml
  Fetching Hosea chapter 6...
  Requesting URL: https://rest.api.bible/v1/bibles/63097d2a0a2f7db3-01/chapters/HOS.6
  Saved: hosea_6.xml
  Fetching Hosea chapter 7...
  Requesting URL: https://rest.api.bible/v1/bibles/63097d2a0a2f7db3-01/chapters/HOS.7
  Saved: hosea_7.xml
  Fetching Hosea chapter 8...
  Requesting URL: https://rest.api.bible/v1/bibles/63097d2a0a2f7db3-01/chapters/HOS.8
  Saved: hosea_8.xml
  Fetching Hosea chapter 9...
  Requesting URL: https://rest.api.bible/v1/bibles/63097d2a0a2f7db3-01/chapters/HOS.9
  Saved: hosea_9.xml
  Fetching Hosea chapter 10...
  Requesting URL: https://rest.api.bible/v1/bibles/63097d2a0a2f7db3-01/chapters/HOS.10
  Saved: hosea_10.xml
  Fetching Hosea chapter 11...
  Requesting URL: https://rest.api.bible/v1/bibles/63097d2a0a2f7db3-01/chapters/HOS.11
  Saved: hosea_11.xml
  Fetching Hosea chapter 12...
  Requesting URL: https://rest.api.bible/v1/bibles/63097d2a0a2f7db3-01/chapters/HOS.12
  Saved: hosea_12.xml
  Fetching Hosea chapter 13...
  Requesting URL: https://rest.api.bible/v1/bibles/63097d2a0a2f7db3-01/chapters/HOS.13
  Saved: hosea_13.xml
  Fetching Hosea chapter 14...
  Requesting URL: https://rest.api.bible/v1/bibles/63097d2a0a2f7db3-01/chapters/HOS.14
  Saved: hosea_14.xml

Processing Joel for NKJV...
  Fetching Joel chapter 1...
  Requesting URL: https://rest.api.bible/v1/bibles/63097d2a0a2f7db3-01/chapters/JOL.1
  Saved: joel_1.xml
  Fetching Joel chapter 2...
  Requesting URL: https://rest.api.bible/v1/bibles/63097d2a0a2f7db3-01/chapters/JOL.2
  Saved: joel_2.xml
  Fetching Joel chapter 3...
  Requesting URL: https://rest.api.bible/v1/bibles/63097d2a0a2f7db3-01/chapters/JOL.3
  Saved: joel_3.xml

Processing Amos for NKJV...
  Fetching Amos chapter 1...
  Requesting URL: https://rest.api.bible/v1/bibles/63097d2a0a2f7db3-01/chapters/AMO.1
  Saved: amos_1.xml
  Fetching Amos chapter 2...
  Requesting URL: https://rest.api.bible/v1/bibles/63097d2a0a2f7db3-01/chapters/AMO.2
  Saved: amos_2.xml
  Fetching Amos chapter 3...
  Requesting URL: https://rest.api.bible/v1/bibles/63097d2a0a2f7db3-01/chapters/AMO.3
  Saved: amos_3.xml
  Fetching Amos chapter 4...
  Requesting URL: https://rest.api.bible/v1/bibles/63097d2a0a2f7db3-01/chapters/AMO.4
  Saved: amos_4.xml
  Fetching Amos chapter 5...
  Requesting URL: https://rest.api.bible/v1/bibles/63097d2a0a2f7db3-01/chapters/AMO.5
  Saved: amos_5.xml
  Fetching Amos chapter 6...
  Requesting URL: https://rest.api.bible/v1/bibles/63097d2a0a2f7db3-01/chapters/AMO.6
  Saved: amos_6.xml
  Fetching Amos chapter 7...
  Requesting URL: https://rest.api.bible/v1/bibles/63097d2a0a2f7db3-01/chapters/AMO.7
  Saved: amos_7.xml
  Fetching Amos chapter 8...
  Requesting URL: https://rest.api.bible/v1/bibles/63097d2a0a2f7db3-01/chapters/AMO.8
  Saved: amos_8.xml
  Fetching Amos chapter 9...
  Requesting URL: https://rest.api.bible/v1/bibles/63097d2a0a2f7db3-01/chapters/AMO.9
  Saved: amos_9.xml

Processing Obadiah for NKJV...
  Fetching Obadiah chapter 1...
  Requesting URL: https://rest.api.bible/v1/bibles/63097d2a0a2f7db3-01/chapters/OBA.1
  Saved: obadiah_1.xml

Processing Jonah for NKJV...
  Fetching Jonah chapter 1...
  Requesting URL: https://rest.api.bible/v1/bibles/63097d2a0a2f7db3-01/chapters/JON.1
  Saved: jonah_1.xml
  Fetching Jonah chapter 2...
  Requesting URL: https://rest.api.bible/v1/bibles/63097d2a0a2f7db3-01/chapters/JON.2
  Saved: jonah_2.xml
  Fetching Jonah chapter 3...
  Requesting URL: https://rest.api.bible/v1/bibles/63097d2a0a2f7db3-01/chapters/JON.3
  Saved: jonah_3.xml
  Fetching Jonah chapter 4...
  Requesting URL: https://rest.api.bible/v1/bibles/63097d2a0a2f7db3-01/chapters/JON.4
  Saved: jonah_4.xml

Processing Micah for NKJV...
  Fetching Micah chapter 1...
  Requesting URL: https://rest.api.bible/v1/bibles/63097d2a0a2f7db3-01/chapters/MIC.1
  Saved: micah_1.xml
  Fetching Micah chapter 2...
  Requesting URL: https://rest.api.bible/v1/bibles/63097d2a0a2f7db3-01/chapters/MIC.2
  Saved: micah_2.xml
  Fetching Micah chapter 3...
  Requesting URL: https://rest.api.bible/v1/bibles/63097d2a0a2f7db3-01/chapters/MIC.3
  Saved: micah_3.xml
  Fetching Micah chapter 4...
  Requesting URL: https://rest.api.bible/v1/bibles/63097d2a0a2f7db3-01/chapters/MIC.4
  Saved: micah_4.xml
  Fetching Micah chapter 5...
  Requesting URL: https://rest.api.bible/v1/bibles/63097d2a0a2f7db3-01/chapters/MIC.5
  Saved: micah_5.xml
  Fetching Micah chapter 6...
  Requesting URL: https://rest.api.bible/v1/bibles/63097d2a0a2f7db3-01/chapters/MIC.6
  Saved: micah_6.xml
  Fetching Micah chapter 7...
  Requesting URL: https://rest.api.bible/v1/bibles/63097d2a0a2f7db3-01/chapters/MIC.7
  Saved: micah_7.xml

Processing Nahum for NKJV...
  Fetching Nahum chapter 1...
  Requesting URL: https://rest.api.bible/v1/bibles/63097d2a0a2f7db3-01/chapters/NAH.1
Error: API.Bible returned status code 404
Response: {"statusCode":404,"error":"Not Found","message":"We couldn't find a chapter that matched the provided chapterId and bibleId."}
  Failed to fetch content for Nahum 1
  Fetching Nahum chapter 2...
  Requesting URL: https://rest.api.bible/v1/bibles/63097d2a0a2f7db3-01/chapters/NAH.2
Error: API.Bible returned status code 404
Response: {"statusCode":404,"error":"Not Found","message":"We couldn't find a chapter that matched the provided chapterId and bibleId."}
  Failed to fetch content for Nahum 2
  Fetching Nahum chapter 3...
  Requesting URL: https://rest.api.bible/v1/bibles/63097d2a0a2f7db3-01/chapters/NAH.3
Error: API.Bible returned status code 404
Response: {"statusCode":404,"error":"Not Found","message":"We couldn't find a chapter that matched the provided chapterId and bibleId."}
  Failed to fetch content for Nahum 3

Processing Habakkuk for NKJV...
  Fetching Habakkuk chapter 1...
  Requesting URL: https://rest.api.bible/v1/bibles/63097d2a0a2f7db3-01/chapters/HAB.1
  Saved: habakkuk_1.xml
  Fetching Habakkuk chapter 2...
  Requesting URL: https://rest.api.bible/v1/bibles/63097d2a0a2f7db3-01/chapters/HAB.2
  Saved: habakkuk_2.xml
  Fetching Habakkuk chapter 3...
  Requesting URL: https://rest.api.bible/v1/bibles/63097d2a0a2f7db3-01/chapters/HAB.3
  Saved: habakkuk_3.xml

Processing Zephaniah for NKJV...
  Fetching Zephaniah chapter 1...
  Requesting URL: https://rest.api.bible/v1/bibles/63097d2a0a2f7db3-01/chapters/ZEP.1
  Saved: zephaniah_1.xml
  Fetching Zephaniah chapter 2...
  Requesting URL: https://rest.api.bible/v1/bibles/63097d2a0a2f7db3-01/chapters/ZEP.2
  Saved: zephaniah_2.xml
  Fetching Zephaniah chapter 3...
  Requesting URL: https://rest.api.bible/v1/bibles/63097d2a0a2f7db3-01/chapters/ZEP.3
  Saved: zephaniah_3.xml

Processing Haggai for NKJV...
  Fetching Haggai chapter 1...
  Requesting URL: https://rest.api.bible/v1/bibles/63097d2a0a2f7db3-01/chapters/HAG.1
  Saved: haggai_1.xml
  Fetching Haggai chapter 2...
  Requesting URL: https://rest.api.bible/v1/bibles/63097d2a0a2f7db3-01/chapters/HAG.2
  Saved: haggai_2.xml

Processing Zechariah for NKJV...
  Fetching Zechariah chapter 1...
  Requesting URL: https://rest.api.bible/v1/bibles/63097d2a0a2f7db3-01/chapters/ZEC.1
  Saved: zechariah_1.xml
  Fetching Zechariah chapter 2...
  Requesting URL: https://rest.api.bible/v1/bibles/63097d2a0a2f7db3-01/chapters/ZEC.2
  Saved: zechariah_2.xml
  Fetching Zechariah chapter 3...
  Requesting URL: https://rest.api.bible/v1/bibles/63097d2a0a2f7db3-01/chapters/ZEC.3
  Saved: zechariah_3.xml
  Fetching Zechariah chapter 4...
  Requesting URL: https://rest.api.bible/v1/bibles/63097d2a0a2f7db3-01/chapters/ZEC.4
  Saved: zechariah_4.xml
  Fetching Zechariah chapter 5...
  Requesting URL: https://rest.api.bible/v1/bibles/63097d2a0a2f7db3-01/chapters/ZEC.5
  Saved: zechariah_5.xml
  Fetching Zechariah chapter 6...
  Requesting URL: https://rest.api.bible/v1/bibles/63097d2a0a2f7db3-01/chapters/ZEC.6
  Saved: zechariah_6.xml
  Fetching Zechariah chapter 7...
  Requesting URL: https://rest.api.bible/v1/bibles/63097d2a0a2f7db3-01/chapters/ZEC.7
  Saved: zechariah_7.xml
  Fetching Zechariah chapter 8...
  Requesting URL: https://rest.api.bible/v1/bibles/63097d2a0a2f7db3-01/chapters/ZEC.8
  Saved: zechariah_8.xml
  Fetching Zechariah chapter 9...
  Requesting URL: https://rest.api.bible/v1/bibles/63097d2a0a2f7db3-01/chapters/ZEC.9
  Saved: zechariah_9.xml
  Fetching Zechariah chapter 10...
  Requesting URL: https://rest.api.bible/v1/bibles/63097d2a0a2f7db3-01/chapters/ZEC.10
  Saved: zechariah_10.xml
  Fetching Zechariah chapter 11...
  Requesting URL: https://rest.api.bible/v1/bibles/63097d2a0a2f7db3-01/chapters/ZEC.11
  Saved: zechariah_11.xml
  Fetching Zechariah chapter 12...
  Requesting URL: https://rest.api.bible/v1/bibles/63097d2a0a2f7db3-01/chapters/ZEC.12
  Saved: zechariah_12.xml
  Fetching Zechariah chapter 13...
  Requesting URL: https://rest.api.bible/v1/bibles/63097d2a0a2f7db3-01/chapters/ZEC.13
  Saved: zechariah_13.xml
  Fetching Zechariah chapter 14...
  Requesting URL: https://rest.api.bible/v1/bibles/63097d2a0a2f7db3-01/chapters/ZEC.14
  Saved: zechariah_14.xml

Processing Malachi for NKJV...
  Fetching Malachi chapter 1...
  Requesting URL: https://rest.api.bible/v1/bibles/63097d2a0a2f7db3-01/chapters/MAL.1
  Saved: malachi_1.xml
  Fetching Malachi chapter 2...
  Requesting URL: https://rest.api.bible/v1/bibles/63097d2a0a2f7db3-01/chapters/MAL.2
  Saved: malachi_2.xml
  Fetching Malachi chapter 3...
  Requesting URL: https://rest.api.bible/v1/bibles/63097d2a0a2f7db3-01/chapters/MAL.3
  Saved: malachi_3.xml
  Fetching Malachi chapter 4...
  Requesting URL: https://rest.api.bible/v1/bibles/63097d2a0a2f7db3-01/chapters/MAL.4
  Saved: malachi_4.xml

Processing Matthew for NKJV...
  Fetching Matthew chapter 1...
  Requesting URL: https://rest.api.bible/v1/bibles/63097d2a0a2f7db3-01/chapters/MAT.1
  Saved: matthew_1.xml
  Fetching Matthew chapter 2...
  Requesting URL: https://rest.api.bible/v1/bibles/63097d2a0a2f7db3-01/chapters/MAT.2
  Saved: matthew_2.xml
  Fetching Matthew chapter 3...
  Requesting URL: https://rest.api.bible/v1/bibles/63097d2a0a2f7db3-01/chapters/MAT.3
  Saved: matthew_3.xml
  Fetching Matthew chapter 4...
  Requesting URL: https://rest.api.bible/v1/bibles/63097d2a0a2f7db3-01/chapters/MAT.4
  Saved: matthew_4.xml
  Fetching Matthew chapter 5...
  Requesting URL: https://rest.api.bible/v1/bibles/63097d2a0a2f7db3-01/chapters/MAT.5
  Saved: matthew_5.xml
  Fetching Matthew chapter 6...
  Requesting URL: https://rest.api.bible/v1/bibles/63097d2a0a2f7db3-01/chapters/MAT.6
  Saved: matthew_6.xml
  Fetching Matthew chapter 7...
  Requesting URL: https://rest.api.bible/v1/bibles/63097d2a0a2f7db3-01/chapters/MAT.7
  Saved: matthew_7.xml
  Fetching Matthew chapter 8...
  Requesting URL: https://rest.api.bible/v1/bibles/63097d2a0a2f7db3-01/chapters/MAT.8
  Saved: matthew_8.xml
  Fetching Matthew chapter 9...
  Requesting URL: https://rest.api.bible/v1/bibles/63097d2a0a2f7db3-01/chapters/MAT.9
  Saved: matthew_9.xml
  Fetching Matthew chapter 10...
  Requesting URL: https://rest.api.bible/v1/bibles/63097d2a0a2f7db3-01/chapters/MAT.10
  Saved: matthew_10.xml
  Fetching Matthew chapter 11...
  Requesting URL: https://rest.api.bible/v1/bibles/63097d2a0a2f7db3-01/chapters/MAT.11
  Saved: matthew_11.xml
  Fetching Matthew chapter 12...
  Requesting URL: https://rest.api.bible/v1/bibles/63097d2a0a2f7db3-01/chapters/MAT.12
  Saved: matthew_12.xml
  Fetching Matthew chapter 13...
  Requesting URL: https://rest.api.bible/v1/bibles/63097d2a0a2f7db3-01/chapters/MAT.13
  Saved: matthew_13.xml
  Fetching Matthew chapter 14...
  Requesting URL: https://rest.api.bible/v1/bibles/63097d2a0a2f7db3-01/chapters/MAT.14
  Saved: matthew_14.xml
  Fetching Matthew chapter 15...
  Requesting URL: https://rest.api.bible/v1/bibles/63097d2a0a2f7db3-01/chapters/MAT.15
  Saved: matthew_15.xml
  Fetching Matthew chapter 16...
  Requesting URL: https://rest.api.bible/v1/bibles/63097d2a0a2f7db3-01/chapters/MAT.16
  Saved: matthew_16.xml
  Fetching Matthew chapter 17...
  Requesting URL: https://rest.api.bible/v1/bibles/63097d2a0a2f7db3-01/chapters/MAT.17
  Saved: matthew_17.xml
  Fetching Matthew chapter 18...
  Requesting URL: https://rest.api.bible/v1/bibles/63097d2a0a2f7db3-01/chapters/MAT.18
  Saved: matthew_18.xml
  Fetching Matthew chapter 19...
  Requesting URL: https://rest.api.bible/v1/bibles/63097d2a0a2f7db3-01/chapters/MAT.19
  Saved: matthew_19.xml
  Fetching Matthew chapter 20...
  Requesting URL: https://rest.api.bible/v1/bibles/63097d2a0a2f7db3-01/chapters/MAT.20
  Saved: matthew_20.xml
  Fetching Matthew chapter 21...
  Requesting URL: https://rest.api.bible/v1/bibles/63097d2a0a2f7db3-01/chapters/MAT.21
  Saved: matthew_21.xml
  Fetching Matthew chapter 22...
  Requesting URL: https://rest.api.bible/v1/bibles/63097d2a0a2f7db3-01/chapters/MAT.22
  Saved: matthew_22.xml
  Fetching Matthew chapter 23...
  Requesting URL: https://rest.api.bible/v1/bibles/63097d2a0a2f7db3-01/chapters/MAT.23
  Saved: matthew_23.xml
  Fetching Matthew chapter 24...
  Requesting URL: https://rest.api.bible/v1/bibles/63097d2a0a2f7db3-01/chapters/MAT.24
  Saved: matthew_24.xml
  Fetching Matthew chapter 25...
  Requesting URL: https://rest.api.bible/v1/bibles/63097d2a0a2f7db3-01/chapters/MAT.25
  Saved: matthew_25.xml
  Fetching Matthew chapter 26...
  Requesting URL: https://rest.api.bible/v1/bibles/63097d2a0a2f7db3-01/chapters/MAT.26
  Saved: matthew_26.xml
  Fetching Matthew chapter 27...
  Requesting URL: https://rest.api.bible/v1/bibles/63097d2a0a2f7db3-01/chapters/MAT.27
  Saved: matthew_27.xml
  Fetching Matthew chapter 28...
  Requesting URL: https://rest.api.bible/v1/bibles/63097d2a0a2f7db3-01/chapters/MAT.28
  Saved: matthew_28.xml

Processing Mark for NKJV...
  Fetching Mark chapter 1...
  Requesting URL: https://rest.api.bible/v1/bibles/63097d2a0a2f7db3-01/chapters/MRK.1
  Saved: mark_1.xml
  Fetching Mark chapter 2...
  Requesting URL: https://rest.api.bible/v1/bibles/63097d2a0a2f7db3-01/chapters/MRK.2
  Saved: mark_2.xml
  Fetching Mark chapter 3...
  Requesting URL: https://rest.api.bible/v1/bibles/63097d2a0a2f7db3-01/chapters/MRK.3
  Saved: mark_3.xml
  Fetching Mark chapter 4...
  Requesting URL: https://rest.api.bible/v1/bibles/63097d2a0a2f7db3-01/chapters/MRK.4
  Saved: mark_4.xml
  Fetching Mark chapter 5...
  Requesting URL: https://rest.api.bible/v1/bibles/63097d2a0a2f7db3-01/chapters/MRK.5
  Saved: mark_5.xml
  Fetching Mark chapter 6...
  Requesting URL: https://rest.api.bible/v1/bibles/63097d2a0a2f7db3-01/chapters/MRK.6
  Saved: mark_6.xml
  Fetching Mark chapter 7...
  Requesting URL: https://rest.api.bible/v1/bibles/63097d2a0a2f7db3-01/chapters/MRK.7
  Saved: mark_7.xml
  Fetching Mark chapter 8...
  Requesting URL: https://rest.api.bible/v1/bibles/63097d2a0a2f7db3-01/chapters/MRK.8
  Saved: mark_8.xml
  Fetching Mark chapter 9...
  Requesting URL: https://rest.api.bible/v1/bibles/63097d2a0a2f7db3-01/chapters/MRK.9
  Saved: mark_9.xml
  Fetching Mark chapter 10...
  Requesting URL: https://rest.api.bible/v1/bibles/63097d2a0a2f7db3-01/chapters/MRK.10
  Saved: mark_10.xml
  Fetching Mark chapter 11...
  Requesting URL: https://rest.api.bible/v1/bibles/63097d2a0a2f7db3-01/chapters/MRK.11
  Saved: mark_11.xml
  Fetching Mark chapter 12...
  Requesting URL: https://rest.api.bible/v1/bibles/63097d2a0a2f7db3-01/chapters/MRK.12
  Saved: mark_12.xml
  Fetching Mark chapter 13...
  Requesting URL: https://rest.api.bible/v1/bibles/63097d2a0a2f7db3-01/chapters/MRK.13
  Saved: mark_13.xml
  Fetching Mark chapter 14...
  Requesting URL: https://rest.api.bible/v1/bibles/63097d2a0a2f7db3-01/chapters/MRK.14
  Saved: mark_14.xml
  Fetching Mark chapter 15...
  Requesting URL: https://rest.api.bible/v1/bibles/63097d2a0a2f7db3-01/chapters/MRK.15
  Saved: mark_15.xml
  Fetching Mark chapter 16...
  Requesting URL: https://rest.api.bible/v1/bibles/63097d2a0a2f7db3-01/chapters/MRK.16
  Saved: mark_16.xml

Processing Luke for NKJV...
  Fetching Luke chapter 1...
  Requesting URL: https://rest.api.bible/v1/bibles/63097d2a0a2f7db3-01/chapters/LUK.1
  Saved: luke_1.xml
  Fetching Luke chapter 2...
  Requesting URL: https://rest.api.bible/v1/bibles/63097d2a0a2f7db3-01/chapters/LUK.2
  Saved: luke_2.xml
  Fetching Luke chapter 3...
  Requesting URL: https://rest.api.bible/v1/bibles/63097d2a0a2f7db3-01/chapters/LUK.3
  Saved: luke_3.xml
  Fetching Luke chapter 4...
  Requesting URL: https://rest.api.bible/v1/bibles/63097d2a0a2f7db3-01/chapters/LUK.4
  Saved: luke_4.xml
  Fetching Luke chapter 5...
  Requesting URL: https://rest.api.bible/v1/bibles/63097d2a0a2f7db3-01/chapters/LUK.5
  Saved: luke_5.xml
  Fetching Luke chapter 6...
  Requesting URL: https://rest.api.bible/v1/bibles/63097d2a0a2f7db3-01/chapters/LUK.6
  Saved: luke_6.xml
  Fetching Luke chapter 7...
  Requesting URL: https://rest.api.bible/v1/bibles/63097d2a0a2f7db3-01/chapters/LUK.7
  Saved: luke_7.xml
  Fetching Luke chapter 8...
  Requesting URL: https://rest.api.bible/v1/bibles/63097d2a0a2f7db3-01/chapters/LUK.8
  Saved: luke_8.xml
  Fetching Luke chapter 9...
  Requesting URL: https://rest.api.bible/v1/bibles/63097d2a0a2f7db3-01/chapters/LUK.9
  Saved: luke_9.xml
  Fetching Luke chapter 10...
  Requesting URL: https://rest.api.bible/v1/bibles/63097d2a0a2f7db3-01/chapters/LUK.10
  Saved: luke_10.xml
  Fetching Luke chapter 11...
  Requesting URL: https://rest.api.bible/v1/bibles/63097d2a0a2f7db3-01/chapters/LUK.11
  Saved: luke_11.xml
  Fetching Luke chapter 12...
  Requesting URL: https://rest.api.bible/v1/bibles/63097d2a0a2f7db3-01/chapters/LUK.12
  Saved: luke_12.xml
  Fetching Luke chapter 13...
  Requesting URL: https://rest.api.bible/v1/bibles/63097d2a0a2f7db3-01/chapters/LUK.13
  Saved: luke_13.xml
  Fetching Luke chapter 14...
  Requesting URL: https://rest.api.bible/v1/bibles/63097d2a0a2f7db3-01/chapters/LUK.14
  Saved: luke_14.xml
  Fetching Luke chapter 15...
  Requesting URL: https://rest.api.bible/v1/bibles/63097d2a0a2f7db3-01/chapters/LUK.15
  Saved: luke_15.xml
  Fetching Luke chapter 16...
  Requesting URL: https://rest.api.bible/v1/bibles/63097d2a0a2f7db3-01/chapters/LUK.16
  Saved: luke_16.xml
  Fetching Luke chapter 17...
  Requesting URL: https://rest.api.bible/v1/bibles/63097d2a0a2f7db3-01/chapters/LUK.17
  Saved: luke_17.xml
  Fetching Luke chapter 18...
  Requesting URL: https://rest.api.bible/v1/bibles/63097d2a0a2f7db3-01/chapters/LUK.18
  Saved: luke_18.xml
  Fetching Luke chapter 19...
  Requesting URL: https://rest.api.bible/v1/bibles/63097d2a0a2f7db3-01/chapters/LUK.19
  Saved: luke_19.xml
  Fetching Luke chapter 20...
  Requesting URL: https://rest.api.bible/v1/bibles/63097d2a0a2f7db3-01/chapters/LUK.20
  Saved: luke_20.xml
  Fetching Luke chapter 21...
  Requesting URL: https://rest.api.bible/v1/bibles/63097d2a0a2f7db3-01/chapters/LUK.21
  Saved: luke_21.xml
  Fetching Luke chapter 22...
  Requesting URL: https://rest.api.bible/v1/bibles/63097d2a0a2f7db3-01/chapters/LUK.22
  Saved: luke_22.xml
  Fetching Luke chapter 23...
  Requesting URL: https://rest.api.bible/v1/bibles/63097d2a0a2f7db3-01/chapters/LUK.23
  Saved: luke_23.xml
  Fetching Luke chapter 24...
  Requesting URL: https://rest.api.bible/v1/bibles/63097d2a0a2f7db3-01/chapters/LUK.24
  Saved: luke_24.xml

Processing John for NKJV...
  Fetching John chapter 1...
  Requesting URL: https://rest.api.bible/v1/bibles/63097d2a0a2f7db3-01/chapters/JHN.1
  Saved: john_1.xml
  Fetching John chapter 2...
  Requesting URL: https://rest.api.bible/v1/bibles/63097d2a0a2f7db3-01/chapters/JHN.2
  Saved: john_2.xml
  Fetching John chapter 3...
  Requesting URL: https://rest.api.bible/v1/bibles/63097d2a0a2f7db3-01/chapters/JHN.3
  Saved: john_3.xml
  Fetching John chapter 4...
  Requesting URL: https://rest.api.bible/v1/bibles/63097d2a0a2f7db3-01/chapters/JHN.4
  Saved: john_4.xml
  Fetching John chapter 5...
  Requesting URL: https://rest.api.bible/v1/bibles/63097d2a0a2f7db3-01/chapters/JHN.5
  Saved: john_5.xml
  Fetching John chapter 6...
  Requesting URL: https://rest.api.bible/v1/bibles/63097d2a0a2f7db3-01/chapters/JHN.6
  Saved: john_6.xml
  Fetching John chapter 7...
  Requesting URL: https://rest.api.bible/v1/bibles/63097d2a0a2f7db3-01/chapters/JHN.7
  Saved: john_7.xml
  Fetching John chapter 8...
  Requesting URL: https://rest.api.bible/v1/bibles/63097d2a0a2f7db3-01/chapters/JHN.8
  Saved: john_8.xml
  Fetching John chapter 9...
  Requesting URL: https://rest.api.bible/v1/bibles/63097d2a0a2f7db3-01/chapters/JHN.9
  Saved: john_9.xml
  Fetching John chapter 10...
  Requesting URL: https://rest.api.bible/v1/bibles/63097d2a0a2f7db3-01/chapters/JHN.10
  Saved: john_10.xml
  Fetching John chapter 11...
  Requesting URL: https://rest.api.bible/v1/bibles/63097d2a0a2f7db3-01/chapters/JHN.11
  Saved: john_11.xml
  Fetching John chapter 12...
  Requesting URL: https://rest.api.bible/v1/bibles/63097d2a0a2f7db3-01/chapters/JHN.12
  Saved: john_12.xml
  Fetching John chapter 13...
  Requesting URL: https://rest.api.bible/v1/bibles/63097d2a0a2f7db3-01/chapters/JHN.13
  Saved: john_13.xml
  Fetching John chapter 14...
  Requesting URL: https://rest.api.bible/v1/bibles/63097d2a0a2f7db3-01/chapters/JHN.14
  Saved: john_14.xml
  Fetching John chapter 15...
  Requesting URL: https://rest.api.bible/v1/bibles/63097d2a0a2f7db3-01/chapters/JHN.15
  Saved: john_15.xml
  Fetching John chapter 16...
  Requesting URL: https://rest.api.bible/v1/bibles/63097d2a0a2f7db3-01/chapters/JHN.16
  Saved: john_16.xml
  Fetching John chapter 17...
  Requesting URL: https://rest.api.bible/v1/bibles/63097d2a0a2f7db3-01/chapters/JHN.17
  Saved: john_17.xml
  Fetching John chapter 18...
  Requesting URL: https://rest.api.bible/v1/bibles/63097d2a0a2f7db3-01/chapters/JHN.18
  Saved: john_18.xml
  Fetching John chapter 19...
  Requesting URL: https://rest.api.bible/v1/bibles/63097d2a0a2f7db3-01/chapters/JHN.19
  Saved: john_19.xml
  Fetching John chapter 20...
  Requesting URL: https://rest.api.bible/v1/bibles/63097d2a0a2f7db3-01/chapters/JHN.20
  Saved: john_20.xml
  Fetching John chapter 21...
  Requesting URL: https://rest.api.bible/v1/bibles/63097d2a0a2f7db3-01/chapters/JHN.21
  Saved: john_21.xml

Processing Acts for NKJV...
  Fetching Acts chapter 1...
  Requesting URL: https://rest.api.bible/v1/bibles/63097d2a0a2f7db3-01/chapters/ACT.1
  Saved: acts_1.xml
  Fetching Acts chapter 2...
  Requesting URL: https://rest.api.bible/v1/bibles/63097d2a0a2f7db3-01/chapters/ACT.2
  Saved: acts_2.xml
  Fetching Acts chapter 3...
  Requesting URL: https://rest.api.bible/v1/bibles/63097d2a0a2f7db3-01/chapters/ACT.3
  Saved: acts_3.xml
  Fetching Acts chapter 4...
  Requesting URL: https://rest.api.bible/v1/bibles/63097d2a0a2f7db3-01/chapters/ACT.4
  Saved: acts_4.xml
  Fetching Acts chapter 5...
  Requesting URL: https://rest.api.bible/v1/bibles/63097d2a0a2f7db3-01/chapters/ACT.5
  Saved: acts_5.xml
  Fetching Acts chapter 6...
  Requesting URL: https://rest.api.bible/v1/bibles/63097d2a0a2f7db3-01/chapters/ACT.6
  Saved: acts_6.xml
  Fetching Acts chapter 7...
  Requesting URL: https://rest.api.bible/v1/bibles/63097d2a0a2f7db3-01/chapters/ACT.7
  Saved: acts_7.xml
  Fetching Acts chapter 8...
  Requesting URL: https://rest.api.bible/v1/bibles/63097d2a0a2f7db3-01/chapters/ACT.8
  Saved: acts_8.xml
  Fetching Acts chapter 9...
  Requesting URL: https://rest.api.bible/v1/bibles/63097d2a0a2f7db3-01/chapters/ACT.9
  Saved: acts_9.xml
  Fetching Acts chapter 10...
  Requesting URL: https://rest.api.bible/v1/bibles/63097d2a0a2f7db3-01/chapters/ACT.10
  Saved: acts_10.xml
  Fetching Acts chapter 11...
  Requesting URL: https://rest.api.bible/v1/bibles/63097d2a0a2f7db3-01/chapters/ACT.11
  Saved: acts_11.xml
  Fetching Acts chapter 12...
  Requesting URL: https://rest.api.bible/v1/bibles/63097d2a0a2f7db3-01/chapters/ACT.12
  Saved: acts_12.xml
  Fetching Acts chapter 13...
  Requesting URL: https://rest.api.bible/v1/bibles/63097d2a0a2f7db3-01/chapters/ACT.13
  Saved: acts_13.xml
  Fetching Acts chapter 14...
  Requesting URL: https://rest.api.bible/v1/bibles/63097d2a0a2f7db3-01/chapters/ACT.14
  Saved: acts_14.xml
  Fetching Acts chapter 15...
  Requesting URL: https://rest.api.bible/v1/bibles/63097d2a0a2f7db3-01/chapters/ACT.15
  Saved: acts_15.xml
  Fetching Acts chapter 16...
  Requesting URL: https://rest.api.bible/v1/bibles/63097d2a0a2f7db3-01/chapters/ACT.16
  Saved: acts_16.xml
  Fetching Acts chapter 17...
  Requesting URL: https://rest.api.bible/v1/bibles/63097d2a0a2f7db3-01/chapters/ACT.17
  Saved: acts_17.xml
  Fetching Acts chapter 18...
  Requesting URL: https://rest.api.bible/v1/bibles/63097d2a0a2f7db3-01/chapters/ACT.18
  Saved: acts_18.xml
  Fetching Acts chapter 19...
  Requesting URL: https://rest.api.bible/v1/bibles/63097d2a0a2f7db3-01/chapters/ACT.19
  Saved: acts_19.xml
  Fetching Acts chapter 20...
  Requesting URL: https://rest.api.bible/v1/bibles/63097d2a0a2f7db3-01/chapters/ACT.20
  Saved: acts_20.xml
  Fetching Acts chapter 21...
  Requesting URL: https://rest.api.bible/v1/bibles/63097d2a0a2f7db3-01/chapters/ACT.21
  Saved: acts_21.xml
  Fetching Acts chapter 22...
  Requesting URL: https://rest.api.bible/v1/bibles/63097d2a0a2f7db3-01/chapters/ACT.22
  Saved: acts_22.xml
  Fetching Acts chapter 23...
  Requesting URL: https://rest.api.bible/v1/bibles/63097d2a0a2f7db3-01/chapters/ACT.23
  Saved: acts_23.xml
  Fetching Acts chapter 24...
  Requesting URL: https://rest.api.bible/v1/bibles/63097d2a0a2f7db3-01/chapters/ACT.24
  Saved: acts_24.xml
  Fetching Acts chapter 25...
  Requesting URL: https://rest.api.bible/v1/bibles/63097d2a0a2f7db3-01/chapters/ACT.25
  Saved: acts_25.xml
  Fetching Acts chapter 26...
  Requesting URL: https://rest.api.bible/v1/bibles/63097d2a0a2f7db3-01/chapters/ACT.26
  Saved: acts_26.xml
  Fetching Acts chapter 27...
  Requesting URL: https://rest.api.bible/v1/bibles/63097d2a0a2f7db3-01/chapters/ACT.27
  Saved: acts_27.xml
  Fetching Acts chapter 28...
  Requesting URL: https://rest.api.bible/v1/bibles/63097d2a0a2f7db3-01/chapters/ACT.28
  Saved: acts_28.xml

Processing Romans for NKJV...
  Fetching Romans chapter 1...
  Requesting URL: https://rest.api.bible/v1/bibles/63097d2a0a2f7db3-01/chapters/ROM.1
  Saved: romans_1.xml
  Fetching Romans chapter 2...
  Requesting URL: https://rest.api.bible/v1/bibles/63097d2a0a2f7db3-01/chapters/ROM.2
  Saved: romans_2.xml
  Fetching Romans chapter 3...
  Requesting URL: https://rest.api.bible/v1/bibles/63097d2a0a2f7db3-01/chapters/ROM.3
  Saved: romans_3.xml
  Fetching Romans chapter 4...
  Requesting URL: https://rest.api.bible/v1/bibles/63097d2a0a2f7db3-01/chapters/ROM.4
  Saved: romans_4.xml
  Fetching Romans chapter 5...
  Requesting URL: https://rest.api.bible/v1/bibles/63097d2a0a2f7db3-01/chapters/ROM.5
  Saved: romans_5.xml
  Fetching Romans chapter 6...
  Requesting URL: https://rest.api.bible/v1/bibles/63097d2a0a2f7db3-01/chapters/ROM.6
  Saved: romans_6.xml
  Fetching Romans chapter 7...
  Requesting URL: https://rest.api.bible/v1/bibles/63097d2a0a2f7db3-01/chapters/ROM.7
  Saved: romans_7.xml
  Fetching Romans chapter 8...
  Requesting URL: https://rest.api.bible/v1/bibles/63097d2a0a2f7db3-01/chapters/ROM.8
  Saved: romans_8.xml
  Fetching Romans chapter 9...
  Requesting URL: https://rest.api.bible/v1/bibles/63097d2a0a2f7db3-01/chapters/ROM.9
  Saved: romans_9.xml
  Fetching Romans chapter 10...
  Requesting URL: https://rest.api.bible/v1/bibles/63097d2a0a2f7db3-01/chapters/ROM.10
  Saved: romans_10.xml
  Fetching Romans chapter 11...
  Requesting URL: https://rest.api.bible/v1/bibles/63097d2a0a2f7db3-01/chapters/ROM.11
  Saved: romans_11.xml
  Fetching Romans chapter 12...
  Requesting URL: https://rest.api.bible/v1/bibles/63097d2a0a2f7db3-01/chapters/ROM.12
  Saved: romans_12.xml
  Fetching Romans chapter 13...
  Requesting URL: https://rest.api.bible/v1/bibles/63097d2a0a2f7db3-01/chapters/ROM.13
  Saved: romans_13.xml
  Fetching Romans chapter 14...
  Requesting URL: https://rest.api.bible/v1/bibles/63097d2a0a2f7db3-01/chapters/ROM.14
  Saved: romans_14.xml
  Fetching Romans chapter 15...
  Requesting URL: https://rest.api.bible/v1/bibles/63097d2a0a2f7db3-01/chapters/ROM.15
  Saved: romans_15.xml
  Fetching Romans chapter 16...
  Requesting URL: https://rest.api.bible/v1/bibles/63097d2a0a2f7db3-01/chapters/ROM.16
  Saved: romans_16.xml

Processing 1 Corinthians for NKJV...
  Fetching 1 Corinthians chapter 1...
  Requesting URL: https://rest.api.bible/v1/bibles/63097d2a0a2f7db3-01/chapters/1CO.1
  Saved: 1_corinthians_1.xml
  Fetching 1 Corinthians chapter 2...
  Requesting URL: https://rest.api.bible/v1/bibles/63097d2a0a2f7db3-01/chapters/1CO.2
  Saved: 1_corinthians_2.xml
  Fetching 1 Corinthians chapter 3...
  Requesting URL: https://rest.api.bible/v1/bibles/63097d2a0a2f7db3-01/chapters/1CO.3
  Saved: 1_corinthians_3.xml
  Fetching 1 Corinthians chapter 4...
  Requesting URL: https://rest.api.bible/v1/bibles/63097d2a0a2f7db3-01/chapters/1CO.4
  Saved: 1_corinthians_4.xml
  Fetching 1 Corinthians chapter 5...
  Requesting URL: https://rest.api.bible/v1/bibles/63097d2a0a2f7db3-01/chapters/1CO.5
  Saved: 1_corinthians_5.xml
  Fetching 1 Corinthians chapter 6...
  Requesting URL: https://rest.api.bible/v1/bibles/63097d2a0a2f7db3-01/chapters/1CO.6
  Saved: 1_corinthians_6.xml
  Fetching 1 Corinthians chapter 7...
  Requesting URL: https://rest.api.bible/v1/bibles/63097d2a0a2f7db3-01/chapters/1CO.7
  Saved: 1_corinthians_7.xml
  Fetching 1 Corinthians chapter 8...
  Requesting URL: https://rest.api.bible/v1/bibles/63097d2a0a2f7db3-01/chapters/1CO.8
  Saved: 1_corinthians_8.xml
  Fetching 1 Corinthians chapter 9...
  Requesting URL: https://rest.api.bible/v1/bibles/63097d2a0a2f7db3-01/chapters/1CO.9
  Saved: 1_corinthians_9.xml
  Fetching 1 Corinthians chapter 10...
  Requesting URL: https://rest.api.bible/v1/bibles/63097d2a0a2f7db3-01/chapters/1CO.10
  Saved: 1_corinthians_10.xml
  Fetching 1 Corinthians chapter 11...
  Requesting URL: https://rest.api.bible/v1/bibles/63097d2a0a2f7db3-01/chapters/1CO.11
  Saved: 1_corinthians_11.xml
  Fetching 1 Corinthians chapter 12...
  Requesting URL: https://rest.api.bible/v1/bibles/63097d2a0a2f7db3-01/chapters/1CO.12
  Saved: 1_corinthians_12.xml
  Fetching 1 Corinthians chapter 13...
  Requesting URL: https://rest.api.bible/v1/bibles/63097d2a0a2f7db3-01/chapters/1CO.13
  Saved: 1_corinthians_13.xml
  Fetching 1 Corinthians chapter 14...
  Requesting URL: https://rest.api.bible/v1/bibles/63097d2a0a2f7db3-01/chapters/1CO.14
  Saved: 1_corinthians_14.xml
  Fetching 1 Corinthians chapter 15...
  Requesting URL: https://rest.api.bible/v1/bibles/63097d2a0a2f7db3-01/chapters/1CO.15
  Saved: 1_corinthians_15.xml
  Fetching 1 Corinthians chapter 16...
  Requesting URL: https://rest.api.bible/v1/bibles/63097d2a0a2f7db3-01/chapters/1CO.16
  Saved: 1_corinthians_16.xml

Processing 2 Corinthians for NKJV...
  Fetching 2 Corinthians chapter 1...
  Requesting URL: https://rest.api.bible/v1/bibles/63097d2a0a2f7db3-01/chapters/2CO.1
  Saved: 2_corinthians_1.xml
  Fetching 2 Corinthians chapter 2...
  Requesting URL: https://rest.api.bible/v1/bibles/63097d2a0a2f7db3-01/chapters/2CO.2
  Saved: 2_corinthians_2.xml
  Fetching 2 Corinthians chapter 3...
  Requesting URL: https://rest.api.bible/v1/bibles/63097d2a0a2f7db3-01/chapters/2CO.3
  Saved: 2_corinthians_3.xml
  Fetching 2 Corinthians chapter 4...
  Requesting URL: https://rest.api.bible/v1/bibles/63097d2a0a2f7db3-01/chapters/2CO.4
  Saved: 2_corinthians_4.xml
  Fetching 2 Corinthians chapter 5...
  Requesting URL: https://rest.api.bible/v1/bibles/63097d2a0a2f7db3-01/chapters/2CO.5
  Saved: 2_corinthians_5.xml
  Fetching 2 Corinthians chapter 6...
  Requesting URL: https://rest.api.bible/v1/bibles/63097d2a0a2f7db3-01/chapters/2CO.6
  Saved: 2_corinthians_6.xml
  Fetching 2 Corinthians chapter 7...
  Requesting URL: https://rest.api.bible/v1/bibles/63097d2a0a2f7db3-01/chapters/2CO.7
  Saved: 2_corinthians_7.xml
  Fetching 2 Corinthians chapter 8...
  Requesting URL: https://rest.api.bible/v1/bibles/63097d2a0a2f7db3-01/chapters/2CO.8
  Saved: 2_corinthians_8.xml
  Fetching 2 Corinthians chapter 9...
  Requesting URL: https://rest.api.bible/v1/bibles/63097d2a0a2f7db3-01/chapters/2CO.9
  Saved: 2_corinthians_9.xml
  Fetching 2 Corinthians chapter 10...
  Requesting URL: https://rest.api.bible/v1/bibles/63097d2a0a2f7db3-01/chapters/2CO.10
  Saved: 2_corinthians_10.xml
  Fetching 2 Corinthians chapter 11...
  Requesting URL: https://rest.api.bible/v1/bibles/63097d2a0a2f7db3-01/chapters/2CO.11
  Saved: 2_corinthians_11.xml
  Fetching 2 Corinthians chapter 12...
  Requesting URL: https://rest.api.bible/v1/bibles/63097d2a0a2f7db3-01/chapters/2CO.12
  Saved: 2_corinthians_12.xml
  Fetching 2 Corinthians chapter 13...
  Requesting URL: https://rest.api.bible/v1/bibles/63097d2a0a2f7db3-01/chapters/2CO.13
  Saved: 2_corinthians_13.xml

Processing Galatians for NKJV...
  Fetching Galatians chapter 1...
  Requesting URL: https://rest.api.bible/v1/bibles/63097d2a0a2f7db3-01/chapters/GAL.1
  Saved: galatians_1.xml
  Fetching Galatians chapter 2...
  Requesting URL: https://rest.api.bible/v1/bibles/63097d2a0a2f7db3-01/chapters/GAL.2
  Saved: galatians_2.xml
  Fetching Galatians chapter 3...
  Requesting URL: https://rest.api.bible/v1/bibles/63097d2a0a2f7db3-01/chapters/GAL.3
  Saved: galatians_3.xml
  Fetching Galatians chapter 4...
  Requesting URL: https://rest.api.bible/v1/bibles/63097d2a0a2f7db3-01/chapters/GAL.4
  Saved: galatians_4.xml
  Fetching Galatians chapter 5...
  Requesting URL: https://rest.api.bible/v1/bibles/63097d2a0a2f7db3-01/chapters/GAL.5
  Saved: galatians_5.xml
  Fetching Galatians chapter 6...
  Requesting URL: https://rest.api.bible/v1/bibles/63097d2a0a2f7db3-01/chapters/GAL.6
  Saved: galatians_6.xml

Processing Ephesians for NKJV...
  Fetching Ephesians chapter 1...
  Requesting URL: https://rest.api.bible/v1/bibles/63097d2a0a2f7db3-01/chapters/EPH.1
  Saved: ephesians_1.xml
  Fetching Ephesians chapter 2...
  Requesting URL: https://rest.api.bible/v1/bibles/63097d2a0a2f7db3-01/chapters/EPH.2
  Saved: ephesians_2.xml
  Fetching Ephesians chapter 3...
  Requesting URL: https://rest.api.bible/v1/bibles/63097d2a0a2f7db3-01/chapters/EPH.3
  Saved: ephesians_3.xml
  Fetching Ephesians chapter 4...
  Requesting URL: https://rest.api.bible/v1/bibles/63097d2a0a2f7db3-01/chapters/EPH.4
  Saved: ephesians_4.xml
  Fetching Ephesians chapter 5...
  Requesting URL: https://rest.api.bible/v1/bibles/63097d2a0a2f7db3-01/chapters/EPH.5
  Saved: ephesians_5.xml
  Fetching Ephesians chapter 6...
  Requesting URL: https://rest.api.bible/v1/bibles/63097d2a0a2f7db3-01/chapters/EPH.6
  Saved: ephesians_6.xml

Processing Philippians for NKJV...
  Fetching Philippians chapter 1...
  Requesting URL: https://rest.api.bible/v1/bibles/63097d2a0a2f7db3-01/chapters/PHP.1
  Saved: philippians_1.xml
  Fetching Philippians chapter 2...
  Requesting URL: https://rest.api.bible/v1/bibles/63097d2a0a2f7db3-01/chapters/PHP.2
  Saved: philippians_2.xml
  Fetching Philippians chapter 3...
  Requesting URL: https://rest.api.bible/v1/bibles/63097d2a0a2f7db3-01/chapters/PHP.3
  Saved: philippians_3.xml
  Fetching Philippians chapter 4...
  Requesting URL: https://rest.api.bible/v1/bibles/63097d2a0a2f7db3-01/chapters/PHP.4
  Saved: philippians_4.xml

Processing Colossians for NKJV...
  Fetching Colossians chapter 1...
  Requesting URL: https://rest.api.bible/v1/bibles/63097d2a0a2f7db3-01/chapters/COL.1
  Saved: colossians_1.xml
  Fetching Colossians chapter 2...
  Requesting URL: https://rest.api.bible/v1/bibles/63097d2a0a2f7db3-01/chapters/COL.2
  Saved: colossians_2.xml
  Fetching Colossians chapter 3...
  Requesting URL: https://rest.api.bible/v1/bibles/63097d2a0a2f7db3-01/chapters/COL.3
  Saved: colossians_3.xml
  Fetching Colossians chapter 4...
  Requesting URL: https://rest.api.bible/v1/bibles/63097d2a0a2f7db3-01/chapters/COL.4
  Saved: colossians_4.xml

Processing 1 Thessalonians for NKJV...
  Fetching 1 Thessalonians chapter 1...
  Requesting URL: https://rest.api.bible/v1/bibles/63097d2a0a2f7db3-01/chapters/1TH.1
  Saved: 1_thessalonians_1.xml
  Fetching 1 Thessalonians chapter 2...
  Requesting URL: https://rest.api.bible/v1/bibles/63097d2a0a2f7db3-01/chapters/1TH.2
  Saved: 1_thessalonians_2.xml
  Fetching 1 Thessalonians chapter 3...
  Requesting URL: https://rest.api.bible/v1/bibles/63097d2a0a2f7db3-01/chapters/1TH.3
  Saved: 1_thessalonians_3.xml
  Fetching 1 Thessalonians chapter 4...
  Requesting URL: https://rest.api.bible/v1/bibles/63097d2a0a2f7db3-01/chapters/1TH.4
  Saved: 1_thessalonians_4.xml
  Fetching 1 Thessalonians chapter 5...
  Requesting URL: https://rest.api.bible/v1/bibles/63097d2a0a2f7db3-01/chapters/1TH.5
  Saved: 1_thessalonians_5.xml

Processing 2 Thessalonians for NKJV...
  Fetching 2 Thessalonians chapter 1...
  Requesting URL: https://rest.api.bible/v1/bibles/63097d2a0a2f7db3-01/chapters/2TH.1
  Saved: 2_thessalonians_1.xml
  Fetching 2 Thessalonians chapter 2...
  Requesting URL: https://rest.api.bible/v1/bibles/63097d2a0a2f7db3-01/chapters/2TH.2
  Saved: 2_thessalonians_2.xml
  Fetching 2 Thessalonians chapter 3...
  Requesting URL: https://rest.api.bible/v1/bibles/63097d2a0a2f7db3-01/chapters/2TH.3
  Saved: 2_thessalonians_3.xml

Processing 1 Timothy for NKJV...
  Fetching 1 Timothy chapter 1...
  Requesting URL: https://rest.api.bible/v1/bibles/63097d2a0a2f7db3-01/chapters/1TI.1
  Saved: 1_timothy_1.xml
  Fetching 1 Timothy chapter 2...
  Requesting URL: https://rest.api.bible/v1/bibles/63097d2a0a2f7db3-01/chapters/1TI.2
  Saved: 1_timothy_2.xml
  Fetching 1 Timothy chapter 3...
  Requesting URL: https://rest.api.bible/v1/bibles/63097d2a0a2f7db3-01/chapters/1TI.3
  Saved: 1_timothy_3.xml
  Fetching 1 Timothy chapter 4...
  Requesting URL: https://rest.api.bible/v1/bibles/63097d2a0a2f7db3-01/chapters/1TI.4
  Saved: 1_timothy_4.xml
  Fetching 1 Timothy chapter 5...
  Requesting URL: https://rest.api.bible/v1/bibles/63097d2a0a2f7db3-01/chapters/1TI.5
  Saved: 1_timothy_5.xml
  Fetching 1 Timothy chapter 6...
  Requesting URL: https://rest.api.bible/v1/bibles/63097d2a0a2f7db3-01/chapters/1TI.6
  Saved: 1_timothy_6.xml

Processing 2 Timothy for NKJV...
  Fetching 2 Timothy chapter 1...
  Requesting URL: https://rest.api.bible/v1/bibles/63097d2a0a2f7db3-01/chapters/2TI.1
  Saved: 2_timothy_1.xml
  Fetching 2 Timothy chapter 2...
  Requesting URL: https://rest.api.bible/v1/bibles/63097d2a0a2f7db3-01/chapters/2TI.2
  Saved: 2_timothy_2.xml
  Fetching 2 Timothy chapter 3...
  Requesting URL: https://rest.api.bible/v1/bibles/63097d2a0a2f7db3-01/chapters/2TI.3
  Saved: 2_timothy_3.xml
  Fetching 2 Timothy chapter 4...
  Requesting URL: https://rest.api.bible/v1/bibles/63097d2a0a2f7db3-01/chapters/2TI.4
  Saved: 2_timothy_4.xml

Processing Titus for NKJV...
  Fetching Titus chapter 1...
  Requesting URL: https://rest.api.bible/v1/bibles/63097d2a0a2f7db3-01/chapters/TIT.1
  Saved: titus_1.xml
  Fetching Titus chapter 2...
  Requesting URL: https://rest.api.bible/v1/bibles/63097d2a0a2f7db3-01/chapters/TIT.2
  Saved: titus_2.xml
  Fetching Titus chapter 3...
  Requesting URL: https://rest.api.bible/v1/bibles/63097d2a0a2f7db3-01/chapters/TIT.3
  Saved: titus_3.xml

Processing Philemon for NKJV...
  Fetching Philemon chapter 1...
  Requesting URL: https://rest.api.bible/v1/bibles/63097d2a0a2f7db3-01/chapters/PHM.1
  Saved: philemon_1.xml

Processing Hebrews for NKJV...
  Fetching Hebrews chapter 1...
  Requesting URL: https://rest.api.bible/v1/bibles/63097d2a0a2f7db3-01/chapters/HEB.1
  Saved: hebrews_1.xml
  Fetching Hebrews chapter 2...
  Requesting URL: https://rest.api.bible/v1/bibles/63097d2a0a2f7db3-01/chapters/HEB.2
  Saved: hebrews_2.xml
  Fetching Hebrews chapter 3...
  Requesting URL: https://rest.api.bible/v1/bibles/63097d2a0a2f7db3-01/chapters/HEB.3
  Saved: hebrews_3.xml
  Fetching Hebrews chapter 4...
  Requesting URL: https://rest.api.bible/v1/bibles/63097d2a0a2f7db3-01/chapters/HEB.4
  Saved: hebrews_4.xml
  Fetching Hebrews chapter 5...
  Requesting URL: https://rest.api.bible/v1/bibles/63097d2a0a2f7db3-01/chapters/HEB.5
  Saved: hebrews_5.xml
  Fetching Hebrews chapter 6...
  Requesting URL: https://rest.api.bible/v1/bibles/63097d2a0a2f7db3-01/chapters/HEB.6
  Saved: hebrews_6.xml
  Fetching Hebrews chapter 7...
  Requesting URL: https://rest.api.bible/v1/bibles/63097d2a0a2f7db3-01/chapters/HEB.7
  Saved: hebrews_7.xml
  Fetching Hebrews chapter 8...
  Requesting URL: https://rest.api.bible/v1/bibles/63097d2a0a2f7db3-01/chapters/HEB.8
  Saved: hebrews_8.xml
  Fetching Hebrews chapter 9...
  Requesting URL: https://rest.api.bible/v1/bibles/63097d2a0a2f7db3-01/chapters/HEB.9
  Saved: hebrews_9.xml
  Fetching Hebrews chapter 10...
  Requesting URL: https://rest.api.bible/v1/bibles/63097d2a0a2f7db3-01/chapters/HEB.10
  Saved: hebrews_10.xml
  Fetching Hebrews chapter 11...
  Requesting URL: https://rest.api.bible/v1/bibles/63097d2a0a2f7db3-01/chapters/HEB.11
  Saved: hebrews_11.xml
  Fetching Hebrews chapter 12...
  Requesting URL: https://rest.api.bible/v1/bibles/63097d2a0a2f7db3-01/chapters/HEB.12
  Saved: hebrews_12.xml
  Fetching Hebrews chapter 13...
  Requesting URL: https://rest.api.bible/v1/bibles/63097d2a0a2f7db3-01/chapters/HEB.13
  Saved: hebrews_13.xml

Processing James for NKJV...
  Fetching James chapter 1...
  Requesting URL: https://rest.api.bible/v1/bibles/63097d2a0a2f7db3-01/chapters/JAS.1
  Saved: james_1.xml
  Fetching James chapter 2...
  Requesting URL: https://rest.api.bible/v1/bibles/63097d2a0a2f7db3-01/chapters/JAS.2
  Saved: james_2.xml
  Fetching James chapter 3...
  Requesting URL: https://rest.api.bible/v1/bibles/63097d2a0a2f7db3-01/chapters/JAS.3
  Saved: james_3.xml
  Fetching James chapter 4...
  Requesting URL: https://rest.api.bible/v1/bibles/63097d2a0a2f7db3-01/chapters/JAS.4
  Saved: james_4.xml
  Fetching James chapter 5...
  Requesting URL: https://rest.api.bible/v1/bibles/63097d2a0a2f7db3-01/chapters/JAS.5
  Saved: james_5.xml

Processing 1 Peter for NKJV...
  Fetching 1 Peter chapter 1...
  Requesting URL: https://rest.api.bible/v1/bibles/63097d2a0a2f7db3-01/chapters/1PE.1
  Saved: 1_peter_1.xml
  Fetching 1 Peter chapter 2...
  Requesting URL: https://rest.api.bible/v1/bibles/63097d2a0a2f7db3-01/chapters/1PE.2
  Saved: 1_peter_2.xml
  Fetching 1 Peter chapter 3...
  Requesting URL: https://rest.api.bible/v1/bibles/63097d2a0a2f7db3-01/chapters/1PE.3
  Saved: 1_peter_3.xml
  Fetching 1 Peter chapter 4...
  Requesting URL: https://rest.api.bible/v1/bibles/63097d2a0a2f7db3-01/chapters/1PE.4
  Saved: 1_peter_4.xml
  Fetching 1 Peter chapter 5...
  Requesting URL: https://rest.api.bible/v1/bibles/63097d2a0a2f7db3-01/chapters/1PE.5
  Saved: 1_peter_5.xml

Processing 2 Peter for NKJV...
  Fetching 2 Peter chapter 1...
  Requesting URL: https://rest.api.bible/v1/bibles/63097d2a0a2f7db3-01/chapters/2PE.1
  Saved: 2_peter_1.xml
  Fetching 2 Peter chapter 2...
  Requesting URL: https://rest.api.bible/v1/bibles/63097d2a0a2f7db3-01/chapters/2PE.2
  Saved: 2_peter_2.xml
  Fetching 2 Peter chapter 3...
  Requesting URL: https://rest.api.bible/v1/bibles/63097d2a0a2f7db3-01/chapters/2PE.3
  Saved: 2_peter_3.xml

Processing 1 John for NKJV...
  Fetching 1 John chapter 1...
  Requesting URL: https://rest.api.bible/v1/bibles/63097d2a0a2f7db3-01/chapters/1JN.1
  Saved: 1_john_1.xml
  Fetching 1 John chapter 2...
  Requesting URL: https://rest.api.bible/v1/bibles/63097d2a0a2f7db3-01/chapters/1JN.2
  Saved: 1_john_2.xml
  Fetching 1 John chapter 3...
  Requesting URL: https://rest.api.bible/v1/bibles/63097d2a0a2f7db3-01/chapters/1JN.3
  Saved: 1_john_3.xml
  Fetching 1 John chapter 4...
  Requesting URL: https://rest.api.bible/v1/bibles/63097d2a0a2f7db3-01/chapters/1JN.4
  Saved: 1_john_4.xml
  Fetching 1 John chapter 5...
  Requesting URL: https://rest.api.bible/v1/bibles/63097d2a0a2f7db3-01/chapters/1JN.5
  Saved: 1_john_5.xml

Processing 2 John for NKJV...
  Fetching 2 John chapter 1...
  Requesting URL: https://rest.api.bible/v1/bibles/63097d2a0a2f7db3-01/chapters/2JN.1
  Saved: 2_john_1.xml

Processing 3 John for NKJV...
  Fetching 3 John chapter 1...
  Requesting URL: https://rest.api.bible/v1/bibles/63097d2a0a2f7db3-01/chapters/3JN.1
  Saved: 3_john_1.xml

Processing Jude for NKJV...
  Fetching Jude chapter 1...
  Requesting URL: https://rest.api.bible/v1/bibles/63097d2a0a2f7db3-01/chapters/JUD.1
  Saved: jude_1.xml

Processing Revelation for NKJV...
  Fetching Revelation chapter 1...
  Requesting URL: https://rest.api.bible/v1/bibles/63097d2a0a2f7db3-01/chapters/REV.1
  Saved: revelation_1.xml
  Fetching Revelation chapter 2...
  Requesting URL: https://rest.api.bible/v1/bibles/63097d2a0a2f7db3-01/chapters/REV.2
  Saved: revelation_2.xml
  Fetching Revelation chapter 3...
  Requesting URL: https://rest.api.bible/v1/bibles/63097d2a0a2f7db3-01/chapters/REV.3
  Saved: revelation_3.xml
  Fetching Revelation chapter 4...
  Requesting URL: https://rest.api.bible/v1/bibles/63097d2a0a2f7db3-01/chapters/REV.4
  Saved: revelation_4.xml
  Fetching Revelation chapter 5...
  Requesting URL: https://rest.api.bible/v1/bibles/63097d2a0a2f7db3-01/chapters/REV.5
  Saved: revelation_5.xml
  Fetching Revelation chapter 6...
  Requesting URL: https://rest.api.bible/v1/bibles/63097d2a0a2f7db3-01/chapters/REV.6
  Saved: revelation_6.xml
  Fetching Revelation chapter 7...
  Requesting URL: https://rest.api.bible/v1/bibles/63097d2a0a2f7db3-01/chapters/REV.7
  Saved: revelation_7.xml
  Fetching Revelation chapter 8...
  Requesting URL: https://rest.api.bible/v1/bibles/63097d2a0a2f7db3-01/chapters/REV.8
  Saved: revelation_8.xml
  Fetching Revelation chapter 9...
  Requesting URL: https://rest.api.bible/v1/bibles/63097d2a0a2f7db3-01/chapters/REV.9
  Saved: revelation_9.xml
  Fetching Revelation chapter 10...
  Requesting URL: https://rest.api.bible/v1/bibles/63097d2a0a2f7db3-01/chapters/REV.10
  Saved: revelation_10.xml
  Fetching Revelation chapter 11...
  Requesting URL: https://rest.api.bible/v1/bibles/63097d2a0a2f7db3-01/chapters/REV.11
  Saved: revelation_11.xml
  Fetching Revelation chapter 12...
  Requesting URL: https://rest.api.bible/v1/bibles/63097d2a0a2f7db3-01/chapters/REV.12
  Saved: revelation_12.xml
  Fetching Revelation chapter 13...
  Requesting URL: https://rest.api.bible/v1/bibles/63097d2a0a2f7db3-01/chapters/REV.13
  Saved: revelation_13.xml
  Fetching Revelation chapter 14...
  Requesting URL: https://rest.api.bible/v1/bibles/63097d2a0a2f7db3-01/chapters/REV.14
  Saved: revelation_14.xml
  Fetching Revelation chapter 15...
  Requesting URL: https://rest.api.bible/v1/bibles/63097d2a0a2f7db3-01/chapters/REV.15
  Saved: revelation_15.xml
  Fetching Revelation chapter 16...
  Requesting URL: https://rest.api.bible/v1/bibles/63097d2a0a2f7db3-01/chapters/REV.16
  Saved: revelation_16.xml
  Fetching Revelation chapter 17...
  Requesting URL: https://rest.api.bible/v1/bibles/63097d2a0a2f7db3-01/chapters/REV.17
  Saved: revelation_17.xml
  Fetching Revelation chapter 18...
  Requesting URL: https://rest.api.bible/v1/bibles/63097d2a0a2f7db3-01/chapters/REV.18
  Saved: revelation_18.xml
  Fetching Revelation chapter 19...
  Requesting URL: https://rest.api.bible/v1/bibles/63097d2a0a2f7db3-01/chapters/REV.19
  Saved: revelation_19.xml
  Fetching Revelation chapter 20...
  Requesting URL: https://rest.api.bible/v1/bibles/63097d2a0a2f7db3-01/chapters/REV.20
  Saved: revelation_20.xml
  Fetching Revelation chapter 21...
  Requesting URL: https://rest.api.bible/v1/bibles/63097d2a0a2f7db3-01/chapters/REV.21
  Saved: revelation_21.xml
  Fetching Revelation chapter 22...
  Requesting URL: https://rest.api.bible/v1/bibles/63097d2a0a2f7db3-01/chapters/REV.22
  Saved: revelation_22.xml

Fetching metadata for AMP...
  Amplified Bible
  Copyright: Amplified® Bible Copyright © 2015 by The Lockman Foundation, La Habra, CA 90631 All rights reserved....

Processing Genesis for AMP...
  Fetching Genesis chapter 1...
  Requesting URL: https://rest.api.bible/v1/bibles/a81b73293d3080c9-01/chapters/GEN.1
  Saved: genesis_1.xml
  Fetching Genesis chapter 2...
  Requesting URL: https://rest.api.bible/v1/bibles/a81b73293d3080c9-01/chapters/GEN.2
  Saved: genesis_2.xml
  Fetching Genesis chapter 3...
  Requesting URL: https://rest.api.bible/v1/bibles/a81b73293d3080c9-01/chapters/GEN.3
  Saved: genesis_3.xml
  Fetching Genesis chapter 4...
  Requesting URL: https://rest.api.bible/v1/bibles/a81b73293d3080c9-01/chapters/GEN.4
  Saved: genesis_4.xml
  Fetching Genesis chapter 5...
  Requesting URL: https://rest.api.bible/v1/bibles/a81b73293d3080c9-01/chapters/GEN.5
  Saved: genesis_5.xml
  Fetching Genesis chapter 6...
  Requesting URL: https://rest.api.bible/v1/bibles/a81b73293d3080c9-01/chapters/GEN.6
  Saved: genesis_6.xml
  Fetching Genesis chapter 7...
  Requesting URL: https://rest.api.bible/v1/bibles/a81b73293d3080c9-01/chapters/GEN.7
  Saved: genesis_7.xml
  Fetching Genesis chapter 8...
  Requesting URL: https://rest.api.bible/v1/bibles/a81b73293d3080c9-01/chapters/GEN.8
  Saved: genesis_8.xml
  Fetching Genesis chapter 9...
  Requesting URL: https://rest.api.bible/v1/bibles/a81b73293d3080c9-01/chapters/GEN.9
  Saved: genesis_9.xml
  Fetching Genesis chapter 10...
  Requesting URL: https://rest.api.bible/v1/bibles/a81b73293d3080c9-01/chapters/GEN.10
  Saved: genesis_10.xml
  Fetching Genesis chapter 11...
  Requesting URL: https://rest.api.bible/v1/bibles/a81b73293d3080c9-01/chapters/GEN.11
  Saved: genesis_11.xml
  Fetching Genesis chapter 12...
  Requesting URL: https://rest.api.bible/v1/bibles/a81b73293d3080c9-01/chapters/GEN.12
  Saved: genesis_12.xml
  Fetching Genesis chapter 13...
  Requesting URL: https://rest.api.bible/v1/bibles/a81b73293d3080c9-01/chapters/GEN.13
  Saved: genesis_13.xml
  Fetching Genesis chapter 14...
  Requesting URL: https://rest.api.bible/v1/bibles/a81b73293d3080c9-01/chapters/GEN.14
  Saved: genesis_14.xml
  Fetching Genesis chapter 15...
  Requesting URL: https://rest.api.bible/v1/bibles/a81b73293d3080c9-01/chapters/GEN.15
  Saved: genesis_15.xml
  Fetching Genesis chapter 16...
  Requesting URL: https://rest.api.bible/v1/bibles/a81b73293d3080c9-01/chapters/GEN.16
  Saved: genesis_16.xml
  Fetching Genesis chapter 17...
  Requesting URL: https://rest.api.bible/v1/bibles/a81b73293d3080c9-01/chapters/GEN.17
  Saved: genesis_17.xml
  Fetching Genesis chapter 18...
  Requesting URL: https://rest.api.bible/v1/bibles/a81b73293d3080c9-01/chapters/GEN.18
  Saved: genesis_18.xml
  Fetching Genesis chapter 19...
  Requesting URL: https://rest.api.bible/v1/bibles/a81b73293d3080c9-01/chapters/GEN.19
  Saved: genesis_19.xml
  Fetching Genesis chapter 20...
  Requesting URL: https://rest.api.bible/v1/bibles/a81b73293d3080c9-01/chapters/GEN.20
  Saved: genesis_20.xml
  Fetching Genesis chapter 21...
  Requesting URL: https://rest.api.bible/v1/bibles/a81b73293d3080c9-01/chapters/GEN.21
  Saved: genesis_21.xml
  Fetching Genesis chapter 22...
  Requesting URL: https://rest.api.bible/v1/bibles/a81b73293d3080c9-01/chapters/GEN.22
  Saved: genesis_22.xml
  Fetching Genesis chapter 23...
  Requesting URL: https://rest.api.bible/v1/bibles/a81b73293d3080c9-01/chapters/GEN.23
  Saved: genesis_23.xml
  Fetching Genesis chapter 24...
  Requesting URL: https://rest.api.bible/v1/bibles/a81b73293d3080c9-01/chapters/GEN.24
  Saved: genesis_24.xml
  Fetching Genesis chapter 25...
  Requesting URL: https://rest.api.bible/v1/bibles/a81b73293d3080c9-01/chapters/GEN.25
  Saved: genesis_25.xml
  Fetching Genesis chapter 26...
  Requesting URL: https://rest.api.bible/v1/bibles/a81b73293d3080c9-01/chapters/GEN.26
  Saved: genesis_26.xml
  Fetching Genesis chapter 27...
  Requesting URL: https://rest.api.bible/v1/bibles/a81b73293d3080c9-01/chapters/GEN.27
  Saved: genesis_27.xml
  Fetching Genesis chapter 28...
  Requesting URL: https://rest.api.bible/v1/bibles/a81b73293d3080c9-01/chapters/GEN.28
  Saved: genesis_28.xml
  Fetching Genesis chapter 29...
  Requesting URL: https://rest.api.bible/v1/bibles/a81b73293d3080c9-01/chapters/GEN.29
  Saved: genesis_29.xml
  Fetching Genesis chapter 30...
  Requesting URL: https://rest.api.bible/v1/bibles/a81b73293d3080c9-01/chapters/GEN.30
  Saved: genesis_30.xml
  Fetching Genesis chapter 31...
  Requesting URL: https://rest.api.bible/v1/bibles/a81b73293d3080c9-01/chapters/GEN.31
  Saved: genesis_31.xml
  Fetching Genesis chapter 32...
  Requesting URL: https://rest.api.bible/v1/bibles/a81b73293d3080c9-01/chapters/GEN.32
  Saved: genesis_32.xml
  Fetching Genesis chapter 33...
  Requesting URL: https://rest.api.bible/v1/bibles/a81b73293d3080c9-01/chapters/GEN.33
  Saved: genesis_33.xml
  Fetching Genesis chapter 34...
  Requesting URL: https://rest.api.bible/v1/bibles/a81b73293d3080c9-01/chapters/GEN.34
  Saved: genesis_34.xml
  Fetching Genesis chapter 35...
  Requesting URL: https://rest.api.bible/v1/bibles/a81b73293d3080c9-01/chapters/GEN.35
  Saved: genesis_35.xml
  Fetching Genesis chapter 36...
  Requesting URL: https://rest.api.bible/v1/bibles/a81b73293d3080c9-01/chapters/GEN.36
  Saved: genesis_36.xml
  Fetching Genesis chapter 37...
  Requesting URL: https://rest.api.bible/v1/bibles/a81b73293d3080c9-01/chapters/GEN.37
  Saved: genesis_37.xml
  Fetching Genesis chapter 38...
  Requesting URL: https://rest.api.bible/v1/bibles/a81b73293d3080c9-01/chapters/GEN.38
  Saved: genesis_38.xml
  Fetching Genesis chapter 39...
  Requesting URL: https://rest.api.bible/v1/bibles/a81b73293d3080c9-01/chapters/GEN.39
  Saved: genesis_39.xml
  Fetching Genesis chapter 40...
  Requesting URL: https://rest.api.bible/v1/bibles/a81b73293d3080c9-01/chapters/GEN.40
  Saved: genesis_40.xml
  Fetching Genesis chapter 41...
  Requesting URL: https://rest.api.bible/v1/bibles/a81b73293d3080c9-01/chapters/GEN.41
  Saved: genesis_41.xml
  Fetching Genesis chapter 42...
  Requesting URL: https://rest.api.bible/v1/bibles/a81b73293d3080c9-01/chapters/GEN.42
  Saved: genesis_42.xml
  Fetching Genesis chapter 43...
  Requesting URL: https://rest.api.bible/v1/bibles/a81b73293d3080c9-01/chapters/GEN.43
  Saved: genesis_43.xml
  Fetching Genesis chapter 44...
  Requesting URL: https://rest.api.bible/v1/bibles/a81b73293d3080c9-01/chapters/GEN.44
  Saved: genesis_44.xml
  Fetching Genesis chapter 45...
  Requesting URL: https://rest.api.bible/v1/bibles/a81b73293d3080c9-01/chapters/GEN.45
  Saved: genesis_45.xml
  Fetching Genesis chapter 46...
  Requesting URL: https://rest.api.bible/v1/bibles/a81b73293d3080c9-01/chapters/GEN.46
  Saved: genesis_46.xml
  Fetching Genesis chapter 47...
  Requesting URL: https://rest.api.bible/v1/bibles/a81b73293d3080c9-01/chapters/GEN.47
  Saved: genesis_47.xml
  Fetching Genesis chapter 48...
  Requesting URL: https://rest.api.bible/v1/bibles/a81b73293d3080c9-01/chapters/GEN.48
  Saved: genesis_48.xml
  Fetching Genesis chapter 49...
  Requesting URL: https://rest.api.bible/v1/bibles/a81b73293d3080c9-01/chapters/GEN.49
  Saved: genesis_49.xml
  Fetching Genesis chapter 50...
  Requesting URL: https://rest.api.bible/v1/bibles/a81b73293d3080c9-01/chapters/GEN.50
  Saved: genesis_50.xml

Processing Exodus for AMP...
  Fetching Exodus chapter 1...
  Requesting URL: https://rest.api.bible/v1/bibles/a81b73293d3080c9-01/chapters/EXO.1
  Saved: exodus_1.xml
  Fetching Exodus chapter 2...
  Requesting URL: https://rest.api.bible/v1/bibles/a81b73293d3080c9-01/chapters/EXO.2
  Saved: exodus_2.xml
  Fetching Exodus chapter 3...
  Requesting URL: https://rest.api.bible/v1/bibles/a81b73293d3080c9-01/chapters/EXO.3
  Saved: exodus_3.xml
  Fetching Exodus chapter 4...
  Requesting URL: https://rest.api.bible/v1/bibles/a81b73293d3080c9-01/chapters/EXO.4
  Saved: exodus_4.xml
  Fetching Exodus chapter 5...
  Requesting URL: https://rest.api.bible/v1/bibles/a81b73293d3080c9-01/chapters/EXO.5
  Saved: exodus_5.xml
  Fetching Exodus chapter 6...
  Requesting URL: https://rest.api.bible/v1/bibles/a81b73293d3080c9-01/chapters/EXO.6
  Saved: exodus_6.xml
  Fetching Exodus chapter 7...
  Requesting URL: https://rest.api.bible/v1/bibles/a81b73293d3080c9-01/chapters/EXO.7
  Saved: exodus_7.xml
  Fetching Exodus chapter 8...
  Requesting URL: https://rest.api.bible/v1/bibles/a81b73293d3080c9-01/chapters/EXO.8
  Saved: exodus_8.xml
  Fetching Exodus chapter 9...
  Requesting URL: https://rest.api.bible/v1/bibles/a81b73293d3080c9-01/chapters/EXO.9
  Saved: exodus_9.xml
  Fetching Exodus chapter 10...
  Requesting URL: https://rest.api.bible/v1/bibles/a81b73293d3080c9-01/chapters/EXO.10
  Saved: exodus_10.xml
  Fetching Exodus chapter 11...
  Requesting URL: https://rest.api.bible/v1/bibles/a81b73293d3080c9-01/chapters/EXO.11
  Saved: exodus_11.xml
  Fetching Exodus chapter 12...
  Requesting URL: https://rest.api.bible/v1/bibles/a81b73293d3080c9-01/chapters/EXO.12
  Saved: exodus_12.xml
  Fetching Exodus chapter 13...
  Requesting URL: https://rest.api.bible/v1/bibles/a81b73293d3080c9-01/chapters/EXO.13
  Saved: exodus_13.xml
  Fetching Exodus chapter 14...
  Requesting URL: https://rest.api.bible/v1/bibles/a81b73293d3080c9-01/chapters/EXO.14
  Saved: exodus_14.xml
  Fetching Exodus chapter 15...
  Requesting URL: https://rest.api.bible/v1/bibles/a81b73293d3080c9-01/chapters/EXO.15
  Saved: exodus_15.xml
  Fetching Exodus chapter 16...
  Requesting URL: https://rest.api.bible/v1/bibles/a81b73293d3080c9-01/chapters/EXO.16
  Saved: exodus_16.xml
  Fetching Exodus chapter 17...
  Requesting URL: https://rest.api.bible/v1/bibles/a81b73293d3080c9-01/chapters/EXO.17
  Saved: exodus_17.xml
  Fetching Exodus chapter 18...
  Requesting URL: https://rest.api.bible/v1/bibles/a81b73293d3080c9-01/chapters/EXO.18
  Saved: exodus_18.xml
  Fetching Exodus chapter 19...
  Requesting URL: https://rest.api.bible/v1/bibles/a81b73293d3080c9-01/chapters/EXO.19
  Saved: exodus_19.xml
  Fetching Exodus chapter 20...
  Requesting URL: https://rest.api.bible/v1/bibles/a81b73293d3080c9-01/chapters/EXO.20
  Saved: exodus_20.xml
  Fetching Exodus chapter 21...
  Requesting URL: https://rest.api.bible/v1/bibles/a81b73293d3080c9-01/chapters/EXO.21
  Saved: exodus_21.xml
  Fetching Exodus chapter 22...
  Requesting URL: https://rest.api.bible/v1/bibles/a81b73293d3080c9-01/chapters/EXO.22
  Saved: exodus_22.xml
  Fetching Exodus chapter 23...
  Requesting URL: https://rest.api.bible/v1/bibles/a81b73293d3080c9-01/chapters/EXO.23
  Saved: exodus_23.xml
  Fetching Exodus chapter 24...
  Requesting URL: https://rest.api.bible/v1/bibles/a81b73293d3080c9-01/chapters/EXO.24
  Saved: exodus_24.xml
  Fetching Exodus chapter 25...
  Requesting URL: https://rest.api.bible/v1/bibles/a81b73293d3080c9-01/chapters/EXO.25
  Saved: exodus_25.xml
  Fetching Exodus chapter 26...
  Requesting URL: https://rest.api.bible/v1/bibles/a81b73293d3080c9-01/chapters/EXO.26
  Saved: exodus_26.xml
  Fetching Exodus chapter 27...
  Requesting URL: https://rest.api.bible/v1/bibles/a81b73293d3080c9-01/chapters/EXO.27
  Saved: exodus_27.xml
  Fetching Exodus chapter 28...
  Requesting URL: https://rest.api.bible/v1/bibles/a81b73293d3080c9-01/chapters/EXO.28
  Saved: exodus_28.xml
  Fetching Exodus chapter 29...
  Requesting URL: https://rest.api.bible/v1/bibles/a81b73293d3080c9-01/chapters/EXO.29
  Saved: exodus_29.xml
  Fetching Exodus chapter 30...
  Requesting URL: https://rest.api.bible/v1/bibles/a81b73293d3080c9-01/chapters/EXO.30
  Saved: exodus_30.xml
  Fetching Exodus chapter 31...
  Requesting URL: https://rest.api.bible/v1/bibles/a81b73293d3080c9-01/chapters/EXO.31
  Saved: exodus_31.xml
  Fetching Exodus chapter 32...
  Requesting URL: https://rest.api.bible/v1/bibles/a81b73293d3080c9-01/chapters/EXO.32
  Saved: exodus_32.xml
  Fetching Exodus chapter 33...
  Requesting URL: https://rest.api.bible/v1/bibles/a81b73293d3080c9-01/chapters/EXO.33
  Saved: exodus_33.xml
  Fetching Exodus chapter 34...
  Requesting URL: https://rest.api.bible/v1/bibles/a81b73293d3080c9-01/chapters/EXO.34
  Saved: exodus_34.xml
  Fetching Exodus chapter 35...
  Requesting URL: https://rest.api.bible/v1/bibles/a81b73293d3080c9-01/chapters/EXO.35
  Saved: exodus_35.xml
  Fetching Exodus chapter 36...
  Requesting URL: https://rest.api.bible/v1/bibles/a81b73293d3080c9-01/chapters/EXO.36
  Saved: exodus_36.xml
  Fetching Exodus chapter 37...
  Requesting URL: https://rest.api.bible/v1/bibles/a81b73293d3080c9-01/chapters/EXO.37
  Saved: exodus_37.xml
  Fetching Exodus chapter 38...
  Requesting URL: https://rest.api.bible/v1/bibles/a81b73293d3080c9-01/chapters/EXO.38
  Saved: exodus_38.xml
  Fetching Exodus chapter 39...
  Requesting URL: https://rest.api.bible/v1/bibles/a81b73293d3080c9-01/chapters/EXO.39
  Saved: exodus_39.xml
  Fetching Exodus chapter 40...
  Requesting URL: https://rest.api.bible/v1/bibles/a81b73293d3080c9-01/chapters/EXO.40
  Saved: exodus_40.xml

Processing Leviticus for AMP...
  Fetching Leviticus chapter 1...
  Requesting URL: https://rest.api.bible/v1/bibles/a81b73293d3080c9-01/chapters/LEV.1
  Saved: leviticus_1.xml
  Fetching Leviticus chapter 2...
  Requesting URL: https://rest.api.bible/v1/bibles/a81b73293d3080c9-01/chapters/LEV.2
  Saved: leviticus_2.xml
  Fetching Leviticus chapter 3...
  Requesting URL: https://rest.api.bible/v1/bibles/a81b73293d3080c9-01/chapters/LEV.3
  Saved: leviticus_3.xml
  Fetching Leviticus chapter 4...
  Requesting URL: https://rest.api.bible/v1/bibles/a81b73293d3080c9-01/chapters/LEV.4
  Saved: leviticus_4.xml
  Fetching Leviticus chapter 5...
  Requesting URL: https://rest.api.bible/v1/bibles/a81b73293d3080c9-01/chapters/LEV.5
  Saved: leviticus_5.xml
  Fetching Leviticus chapter 6...
  Requesting URL: https://rest.api.bible/v1/bibles/a81b73293d3080c9-01/chapters/LEV.6
  Saved: leviticus_6.xml
  Fetching Leviticus chapter 7...
  Requesting URL: https://rest.api.bible/v1/bibles/a81b73293d3080c9-01/chapters/LEV.7
  Saved: leviticus_7.xml
  Fetching Leviticus chapter 8...
  Requesting URL: https://rest.api.bible/v1/bibles/a81b73293d3080c9-01/chapters/LEV.8
  Saved: leviticus_8.xml
  Fetching Leviticus chapter 9...
  Requesting URL: https://rest.api.bible/v1/bibles/a81b73293d3080c9-01/chapters/LEV.9
  Saved: leviticus_9.xml
  Fetching Leviticus chapter 10...
  Requesting URL: https://rest.api.bible/v1/bibles/a81b73293d3080c9-01/chapters/LEV.10
  Saved: leviticus_10.xml
  Fetching Leviticus chapter 11...
  Requesting URL: https://rest.api.bible/v1/bibles/a81b73293d3080c9-01/chapters/LEV.11
  Saved: leviticus_11.xml
  Fetching Leviticus chapter 12...
  Requesting URL: https://rest.api.bible/v1/bibles/a81b73293d3080c9-01/chapters/LEV.12
  Saved: leviticus_12.xml
  Fetching Leviticus chapter 13...
  Requesting URL: https://rest.api.bible/v1/bibles/a81b73293d3080c9-01/chapters/LEV.13
  Saved: leviticus_13.xml
  Fetching Leviticus chapter 14...
  Requesting URL: https://rest.api.bible/v1/bibles/a81b73293d3080c9-01/chapters/LEV.14
  Saved: leviticus_14.xml
  Fetching Leviticus chapter 15...
  Requesting URL: https://rest.api.bible/v1/bibles/a81b73293d3080c9-01/chapters/LEV.15
  Saved: leviticus_15.xml
  Fetching Leviticus chapter 16...
  Requesting URL: https://rest.api.bible/v1/bibles/a81b73293d3080c9-01/chapters/LEV.16
  Saved: leviticus_16.xml
  Fetching Leviticus chapter 17...
  Requesting URL: https://rest.api.bible/v1/bibles/a81b73293d3080c9-01/chapters/LEV.17
  Saved: leviticus_17.xml
  Fetching Leviticus chapter 18...
  Requesting URL: https://rest.api.bible/v1/bibles/a81b73293d3080c9-01/chapters/LEV.18
  Saved: leviticus_18.xml
  Fetching Leviticus chapter 19...
  Requesting URL: https://rest.api.bible/v1/bibles/a81b73293d3080c9-01/chapters/LEV.19
  Saved: leviticus_19.xml
  Fetching Leviticus chapter 20...
  Requesting URL: https://rest.api.bible/v1/bibles/a81b73293d3080c9-01/chapters/LEV.20
  Saved: leviticus_20.xml
  Fetching Leviticus chapter 21...
  Requesting URL: https://rest.api.bible/v1/bibles/a81b73293d3080c9-01/chapters/LEV.21
  Saved: leviticus_21.xml
  Fetching Leviticus chapter 22...
  Requesting URL: https://rest.api.bible/v1/bibles/a81b73293d3080c9-01/chapters/LEV.22
  Saved: leviticus_22.xml
  Fetching Leviticus chapter 23...
  Requesting URL: https://rest.api.bible/v1/bibles/a81b73293d3080c9-01/chapters/LEV.23
  Saved: leviticus_23.xml
  Fetching Leviticus chapter 24...
  Requesting URL: https://rest.api.bible/v1/bibles/a81b73293d3080c9-01/chapters/LEV.24
  Saved: leviticus_24.xml
  Fetching Leviticus chapter 25...
  Requesting URL: https://rest.api.bible/v1/bibles/a81b73293d3080c9-01/chapters/LEV.25
  Saved: leviticus_25.xml
  Fetching Leviticus chapter 26...
  Requesting URL: https://rest.api.bible/v1/bibles/a81b73293d3080c9-01/chapters/LEV.26
  Saved: leviticus_26.xml
  Fetching Leviticus chapter 27...
  Requesting URL: https://rest.api.bible/v1/bibles/a81b73293d3080c9-01/chapters/LEV.27
  Saved: leviticus_27.xml

Processing Numbers for AMP...
  Fetching Numbers chapter 1...
  Requesting URL: https://rest.api.bible/v1/bibles/a81b73293d3080c9-01/chapters/NUM.1
  Saved: numbers_1.xml
  Fetching Numbers chapter 2...
  Requesting URL: https://rest.api.bible/v1/bibles/a81b73293d3080c9-01/chapters/NUM.2
  Saved: numbers_2.xml
  Fetching Numbers chapter 3...
  Requesting URL: https://rest.api.bible/v1/bibles/a81b73293d3080c9-01/chapters/NUM.3
  Saved: numbers_3.xml
  Fetching Numbers chapter 4...
  Requesting URL: https://rest.api.bible/v1/bibles/a81b73293d3080c9-01/chapters/NUM.4
  Saved: numbers_4.xml
  Fetching Numbers chapter 5...
  Requesting URL: https://rest.api.bible/v1/bibles/a81b73293d3080c9-01/chapters/NUM.5
  Saved: numbers_5.xml
  Fetching Numbers chapter 6...
  Requesting URL: https://rest.api.bible/v1/bibles/a81b73293d3080c9-01/chapters/NUM.6
  Saved: numbers_6.xml
  Fetching Numbers chapter 7...
  Requesting URL: https://rest.api.bible/v1/bibles/a81b73293d3080c9-01/chapters/NUM.7
  Saved: numbers_7.xml
  Fetching Numbers chapter 8...
  Requesting URL: https://rest.api.bible/v1/bibles/a81b73293d3080c9-01/chapters/NUM.8
  Saved: numbers_8.xml
  Fetching Numbers chapter 9...
  Requesting URL: https://rest.api.bible/v1/bibles/a81b73293d3080c9-01/chapters/NUM.9
  Saved: numbers_9.xml
  Fetching Numbers chapter 10...
  Requesting URL: https://rest.api.bible/v1/bibles/a81b73293d3080c9-01/chapters/NUM.10
  Saved: numbers_10.xml
  Fetching Numbers chapter 11...
  Requesting URL: https://rest.api.bible/v1/bibles/a81b73293d3080c9-01/chapters/NUM.11
  Saved: numbers_11.xml
  Fetching Numbers chapter 12...
  Requesting URL: https://rest.api.bible/v1/bibles/a81b73293d3080c9-01/chapters/NUM.12
  Saved: numbers_12.xml
  Fetching Numbers chapter 13...
  Requesting URL: https://rest.api.bible/v1/bibles/a81b73293d3080c9-01/chapters/NUM.13
  Saved: numbers_13.xml
  Fetching Numbers chapter 14...
  Requesting URL: https://rest.api.bible/v1/bibles/a81b73293d3080c9-01/chapters/NUM.14
  Saved: numbers_14.xml
  Fetching Numbers chapter 15...
  Requesting URL: https://rest.api.bible/v1/bibles/a81b73293d3080c9-01/chapters/NUM.15
  Saved: numbers_15.xml
  Fetching Numbers chapter 16...
  Requesting URL: https://rest.api.bible/v1/bibles/a81b73293d3080c9-01/chapters/NUM.16
  Saved: numbers_16.xml
  Fetching Numbers chapter 17...
  Requesting URL: https://rest.api.bible/v1/bibles/a81b73293d3080c9-01/chapters/NUM.17
  Saved: numbers_17.xml
  Fetching Numbers chapter 18...
  Requesting URL: https://rest.api.bible/v1/bibles/a81b73293d3080c9-01/chapters/NUM.18
  Saved: numbers_18.xml
  Fetching Numbers chapter 19...
  Requesting URL: https://rest.api.bible/v1/bibles/a81b73293d3080c9-01/chapters/NUM.19
  Saved: numbers_19.xml
  Fetching Numbers chapter 20...
  Requesting URL: https://rest.api.bible/v1/bibles/a81b73293d3080c9-01/chapters/NUM.20
  Saved: numbers_20.xml
  Fetching Numbers chapter 21...
  Requesting URL: https://rest.api.bible/v1/bibles/a81b73293d3080c9-01/chapters/NUM.21
  Saved: numbers_21.xml
  Fetching Numbers chapter 22...
  Requesting URL: https://rest.api.bible/v1/bibles/a81b73293d3080c9-01/chapters/NUM.22
  Saved: numbers_22.xml
  Fetching Numbers chapter 23...
  Requesting URL: https://rest.api.bible/v1/bibles/a81b73293d3080c9-01/chapters/NUM.23
  Saved: numbers_23.xml
  Fetching Numbers chapter 24...
  Requesting URL: https://rest.api.bible/v1/bibles/a81b73293d3080c9-01/chapters/NUM.24
  Saved: numbers_24.xml
  Fetching Numbers chapter 25...
  Requesting URL: https://rest.api.bible/v1/bibles/a81b73293d3080c9-01/chapters/NUM.25
  Saved: numbers_25.xml
  Fetching Numbers chapter 26...
  Requesting URL: https://rest.api.bible/v1/bibles/a81b73293d3080c9-01/chapters/NUM.26
  Saved: numbers_26.xml
  Fetching Numbers chapter 27...
  Requesting URL: https://rest.api.bible/v1/bibles/a81b73293d3080c9-01/chapters/NUM.27
  Saved: numbers_27.xml
  Fetching Numbers chapter 28...
  Requesting URL: https://rest.api.bible/v1/bibles/a81b73293d3080c9-01/chapters/NUM.28
  Saved: numbers_28.xml
  Fetching Numbers chapter 29...
  Requesting URL: https://rest.api.bible/v1/bibles/a81b73293d3080c9-01/chapters/NUM.29
  Saved: numbers_29.xml
  Fetching Numbers chapter 30...
  Requesting URL: https://rest.api.bible/v1/bibles/a81b73293d3080c9-01/chapters/NUM.30
  Saved: numbers_30.xml
  Fetching Numbers chapter 31...
  Requesting URL: https://rest.api.bible/v1/bibles/a81b73293d3080c9-01/chapters/NUM.31
  Saved: numbers_31.xml
  Fetching Numbers chapter 32...
  Requesting URL: https://rest.api.bible/v1/bibles/a81b73293d3080c9-01/chapters/NUM.32
  Saved: numbers_32.xml
  Fetching Numbers chapter 33...
  Requesting URL: https://rest.api.bible/v1/bibles/a81b73293d3080c9-01/chapters/NUM.33
  Saved: numbers_33.xml
  Fetching Numbers chapter 34...
  Requesting URL: https://rest.api.bible/v1/bibles/a81b73293d3080c9-01/chapters/NUM.34
  Saved: numbers_34.xml
  Fetching Numbers chapter 35...
  Requesting URL: https://rest.api.bible/v1/bibles/a81b73293d3080c9-01/chapters/NUM.35
  Saved: numbers_35.xml
  Fetching Numbers chapter 36...
  Requesting URL: https://rest.api.bible/v1/bibles/a81b73293d3080c9-01/chapters/NUM.36
  Saved: numbers_36.xml

Processing Deuteronomy for AMP...
  Fetching Deuteronomy chapter 1...
  Requesting URL: https://rest.api.bible/v1/bibles/a81b73293d3080c9-01/chapters/DEU.1
  Saved: deuteronomy_1.xml
  Fetching Deuteronomy chapter 2...
  Requesting URL: https://rest.api.bible/v1/bibles/a81b73293d3080c9-01/chapters/DEU.2
  Saved: deuteronomy_2.xml
  Fetching Deuteronomy chapter 3...
  Requesting URL: https://rest.api.bible/v1/bibles/a81b73293d3080c9-01/chapters/DEU.3
  Saved: deuteronomy_3.xml
  Fetching Deuteronomy chapter 4...
  Requesting URL: https://rest.api.bible/v1/bibles/a81b73293d3080c9-01/chapters/DEU.4
  Saved: deuteronomy_4.xml
  Fetching Deuteronomy chapter 5...
  Requesting URL: https://rest.api.bible/v1/bibles/a81b73293d3080c9-01/chapters/DEU.5
  Saved: deuteronomy_5.xml
  Fetching Deuteronomy chapter 6...
  Requesting URL: https://rest.api.bible/v1/bibles/a81b73293d3080c9-01/chapters/DEU.6
  Saved: deuteronomy_6.xml
  Fetching Deuteronomy chapter 7...
  Requesting URL: https://rest.api.bible/v1/bibles/a81b73293d3080c9-01/chapters/DEU.7
  Saved: deuteronomy_7.xml
  Fetching Deuteronomy chapter 8...
  Requesting URL: https://rest.api.bible/v1/bibles/a81b73293d3080c9-01/chapters/DEU.8
  Saved: deuteronomy_8.xml
  Fetching Deuteronomy chapter 9...
  Requesting URL: https://rest.api.bible/v1/bibles/a81b73293d3080c9-01/chapters/DEU.9
  Saved: deuteronomy_9.xml
  Fetching Deuteronomy chapter 10...
  Requesting URL: https://rest.api.bible/v1/bibles/a81b73293d3080c9-01/chapters/DEU.10
  Saved: deuteronomy_10.xml
  Fetching Deuteronomy chapter 11...
  Requesting URL: https://rest.api.bible/v1/bibles/a81b73293d3080c9-01/chapters/DEU.11
  Saved: deuteronomy_11.xml
  Fetching Deuteronomy chapter 12...
  Requesting URL: https://rest.api.bible/v1/bibles/a81b73293d3080c9-01/chapters/DEU.12
  Saved: deuteronomy_12.xml
  Fetching Deuteronomy chapter 13...
  Requesting URL: https://rest.api.bible/v1/bibles/a81b73293d3080c9-01/chapters/DEU.13
  Saved: deuteronomy_13.xml
  Fetching Deuteronomy chapter 14...
  Requesting URL: https://rest.api.bible/v1/bibles/a81b73293d3080c9-01/chapters/DEU.14
  Saved: deuteronomy_14.xml
  Fetching Deuteronomy chapter 15...
  Requesting URL: https://rest.api.bible/v1/bibles/a81b73293d3080c9-01/chapters/DEU.15
  Saved: deuteronomy_15.xml
  Fetching Deuteronomy chapter 16...
  Requesting URL: https://rest.api.bible/v1/bibles/a81b73293d3080c9-01/chapters/DEU.16
  Saved: deuteronomy_16.xml
  Fetching Deuteronomy chapter 17...
  Requesting URL: https://rest.api.bible/v1/bibles/a81b73293d3080c9-01/chapters/DEU.17
  Saved: deuteronomy_17.xml
  Fetching Deuteronomy chapter 18...
  Requesting URL: https://rest.api.bible/v1/bibles/a81b73293d3080c9-01/chapters/DEU.18
  Saved: deuteronomy_18.xml
  Fetching Deuteronomy chapter 19...
  Requesting URL: https://rest.api.bible/v1/bibles/a81b73293d3080c9-01/chapters/DEU.19
  Saved: deuteronomy_19.xml
  Fetching Deuteronomy chapter 20...
  Requesting URL: https://rest.api.bible/v1/bibles/a81b73293d3080c9-01/chapters/DEU.20
  Saved: deuteronomy_20.xml
  Fetching Deuteronomy chapter 21...
  Requesting URL: https://rest.api.bible/v1/bibles/a81b73293d3080c9-01/chapters/DEU.21
  Saved: deuteronomy_21.xml
  Fetching Deuteronomy chapter 22...
  Requesting URL: https://rest.api.bible/v1/bibles/a81b73293d3080c9-01/chapters/DEU.22
  Saved: deuteronomy_22.xml
  Fetching Deuteronomy chapter 23...
  Requesting URL: https://rest.api.bible/v1/bibles/a81b73293d3080c9-01/chapters/DEU.23
  Saved: deuteronomy_23.xml
  Fetching Deuteronomy chapter 24...
  Requesting URL: https://rest.api.bible/v1/bibles/a81b73293d3080c9-01/chapters/DEU.24
  Saved: deuteronomy_24.xml
  Fetching Deuteronomy chapter 25...
  Requesting URL: https://rest.api.bible/v1/bibles/a81b73293d3080c9-01/chapters/DEU.25
  Saved: deuteronomy_25.xml
  Fetching Deuteronomy chapter 26...
  Requesting URL: https://rest.api.bible/v1/bibles/a81b73293d3080c9-01/chapters/DEU.26
  Saved: deuteronomy_26.xml
  Fetching Deuteronomy chapter 27...
  Requesting URL: https://rest.api.bible/v1/bibles/a81b73293d3080c9-01/chapters/DEU.27
  Saved: deuteronomy_27.xml
  Fetching Deuteronomy chapter 28...
  Requesting URL: https://rest.api.bible/v1/bibles/a81b73293d3080c9-01/chapters/DEU.28
  Saved: deuteronomy_28.xml
  Fetching Deuteronomy chapter 29...
  Requesting URL: https://rest.api.bible/v1/bibles/a81b73293d3080c9-01/chapters/DEU.29
  Saved: deuteronomy_29.xml
  Fetching Deuteronomy chapter 30...
  Requesting URL: https://rest.api.bible/v1/bibles/a81b73293d3080c9-01/chapters/DEU.30
  Saved: deuteronomy_30.xml
  Fetching Deuteronomy chapter 31...
  Requesting URL: https://rest.api.bible/v1/bibles/a81b73293d3080c9-01/chapters/DEU.31
  Saved: deuteronomy_31.xml
  Fetching Deuteronomy chapter 32...
  Requesting URL: https://rest.api.bible/v1/bibles/a81b73293d3080c9-01/chapters/DEU.32
  Saved: deuteronomy_32.xml
  Fetching Deuteronomy chapter 33...
  Requesting URL: https://rest.api.bible/v1/bibles/a81b73293d3080c9-01/chapters/DEU.33
  Saved: deuteronomy_33.xml
  Fetching Deuteronomy chapter 34...
  Requesting URL: https://rest.api.bible/v1/bibles/a81b73293d3080c9-01/chapters/DEU.34
  Saved: deuteronomy_34.xml

Processing Joshua for AMP...
  Fetching Joshua chapter 1...
  Requesting URL: https://rest.api.bible/v1/bibles/a81b73293d3080c9-01/chapters/JOS.1
  Saved: joshua_1.xml
  Fetching Joshua chapter 2...
  Requesting URL: https://rest.api.bible/v1/bibles/a81b73293d3080c9-01/chapters/JOS.2
  Saved: joshua_2.xml
  Fetching Joshua chapter 3...
  Requesting URL: https://rest.api.bible/v1/bibles/a81b73293d3080c9-01/chapters/JOS.3
  Saved: joshua_3.xml
  Fetching Joshua chapter 4...
  Requesting URL: https://rest.api.bible/v1/bibles/a81b73293d3080c9-01/chapters/JOS.4
  Saved: joshua_4.xml
  Fetching Joshua chapter 5...
  Requesting URL: https://rest.api.bible/v1/bibles/a81b73293d3080c9-01/chapters/JOS.5
  Saved: joshua_5.xml
  Fetching Joshua chapter 6...
  Requesting URL: https://rest.api.bible/v1/bibles/a81b73293d3080c9-01/chapters/JOS.6
  Saved: joshua_6.xml
  Fetching Joshua chapter 7...
  Requesting URL: https://rest.api.bible/v1/bibles/a81b73293d3080c9-01/chapters/JOS.7
  Saved: joshua_7.xml
  Fetching Joshua chapter 8...
  Requesting URL: https://rest.api.bible/v1/bibles/a81b73293d3080c9-01/chapters/JOS.8
  Saved: joshua_8.xml
  Fetching Joshua chapter 9...
  Requesting URL: https://rest.api.bible/v1/bibles/a81b73293d3080c9-01/chapters/JOS.9
  Saved: joshua_9.xml
  Fetching Joshua chapter 10...
  Requesting URL: https://rest.api.bible/v1/bibles/a81b73293d3080c9-01/chapters/JOS.10
  Saved: joshua_10.xml
  Fetching Joshua chapter 11...
  Requesting URL: https://rest.api.bible/v1/bibles/a81b73293d3080c9-01/chapters/JOS.11
  Saved: joshua_11.xml
  Fetching Joshua chapter 12...
  Requesting URL: https://rest.api.bible/v1/bibles/a81b73293d3080c9-01/chapters/JOS.12
  Saved: joshua_12.xml
  Fetching Joshua chapter 13...
  Requesting URL: https://rest.api.bible/v1/bibles/a81b73293d3080c9-01/chapters/JOS.13
  Saved: joshua_13.xml
  Fetching Joshua chapter 14...
  Requesting URL: https://rest.api.bible/v1/bibles/a81b73293d3080c9-01/chapters/JOS.14
  Saved: joshua_14.xml
  Fetching Joshua chapter 15...
  Requesting URL: https://rest.api.bible/v1/bibles/a81b73293d3080c9-01/chapters/JOS.15
  Saved: joshua_15.xml
  Fetching Joshua chapter 16...
  Requesting URL: https://rest.api.bible/v1/bibles/a81b73293d3080c9-01/chapters/JOS.16
  Saved: joshua_16.xml
  Fetching Joshua chapter 17...
  Requesting URL: https://rest.api.bible/v1/bibles/a81b73293d3080c9-01/chapters/JOS.17
  Saved: joshua_17.xml
  Fetching Joshua chapter 18...
  Requesting URL: https://rest.api.bible/v1/bibles/a81b73293d3080c9-01/chapters/JOS.18
  Saved: joshua_18.xml
  Fetching Joshua chapter 19...
  Requesting URL: https://rest.api.bible/v1/bibles/a81b73293d3080c9-01/chapters/JOS.19
  Saved: joshua_19.xml
  Fetching Joshua chapter 20...
  Requesting URL: https://rest.api.bible/v1/bibles/a81b73293d3080c9-01/chapters/JOS.20
  Saved: joshua_20.xml
  Fetching Joshua chapter 21...
  Requesting URL: https://rest.api.bible/v1/bibles/a81b73293d3080c9-01/chapters/JOS.21
  Saved: joshua_21.xml
  Fetching Joshua chapter 22...
  Requesting URL: https://rest.api.bible/v1/bibles/a81b73293d3080c9-01/chapters/JOS.22
  Saved: joshua_22.xml
  Fetching Joshua chapter 23...
  Requesting URL: https://rest.api.bible/v1/bibles/a81b73293d3080c9-01/chapters/JOS.23
  Saved: joshua_23.xml
  Fetching Joshua chapter 24...
  Requesting URL: https://rest.api.bible/v1/bibles/a81b73293d3080c9-01/chapters/JOS.24
  Saved: joshua_24.xml

Processing Judges for AMP...
  Fetching Judges chapter 1...
  Requesting URL: https://rest.api.bible/v1/bibles/a81b73293d3080c9-01/chapters/JDG.1
  Saved: judges_1.xml
  Fetching Judges chapter 2...
  Requesting URL: https://rest.api.bible/v1/bibles/a81b73293d3080c9-01/chapters/JDG.2
  Saved: judges_2.xml
  Fetching Judges chapter 3...
  Requesting URL: https://rest.api.bible/v1/bibles/a81b73293d3080c9-01/chapters/JDG.3
  Saved: judges_3.xml
  Fetching Judges chapter 4...
  Requesting URL: https://rest.api.bible/v1/bibles/a81b73293d3080c9-01/chapters/JDG.4
  Saved: judges_4.xml
  Fetching Judges chapter 5...
  Requesting URL: https://rest.api.bible/v1/bibles/a81b73293d3080c9-01/chapters/JDG.5
  Saved: judges_5.xml
  Fetching Judges chapter 6...
  Requesting URL: https://rest.api.bible/v1/bibles/a81b73293d3080c9-01/chapters/JDG.6
  Saved: judges_6.xml
  Fetching Judges chapter 7...
  Requesting URL: https://rest.api.bible/v1/bibles/a81b73293d3080c9-01/chapters/JDG.7
  Saved: judges_7.xml
  Fetching Judges chapter 8...
  Requesting URL: https://rest.api.bible/v1/bibles/a81b73293d3080c9-01/chapters/JDG.8
  Saved: judges_8.xml
  Fetching Judges chapter 9...
  Requesting URL: https://rest.api.bible/v1/bibles/a81b73293d3080c9-01/chapters/JDG.9
  Saved: judges_9.xml
  Fetching Judges chapter 10...
  Requesting URL: https://rest.api.bible/v1/bibles/a81b73293d3080c9-01/chapters/JDG.10
  Saved: judges_10.xml
  Fetching Judges chapter 11...
  Requesting URL: https://rest.api.bible/v1/bibles/a81b73293d3080c9-01/chapters/JDG.11
  Saved: judges_11.xml
  Fetching Judges chapter 12...
  Requesting URL: https://rest.api.bible/v1/bibles/a81b73293d3080c9-01/chapters/JDG.12
  Saved: judges_12.xml
  Fetching Judges chapter 13...
  Requesting URL: https://rest.api.bible/v1/bibles/a81b73293d3080c9-01/chapters/JDG.13
  Saved: judges_13.xml
  Fetching Judges chapter 14...
  Requesting URL: https://rest.api.bible/v1/bibles/a81b73293d3080c9-01/chapters/JDG.14
  Saved: judges_14.xml
  Fetching Judges chapter 15...
  Requesting URL: https://rest.api.bible/v1/bibles/a81b73293d3080c9-01/chapters/JDG.15
  Saved: judges_15.xml
  Fetching Judges chapter 16...
  Requesting URL: https://rest.api.bible/v1/bibles/a81b73293d3080c9-01/chapters/JDG.16
  Saved: judges_16.xml
  Fetching Judges chapter 17...
  Requesting URL: https://rest.api.bible/v1/bibles/a81b73293d3080c9-01/chapters/JDG.17
  Saved: judges_17.xml
  Fetching Judges chapter 18...
  Requesting URL: https://rest.api.bible/v1/bibles/a81b73293d3080c9-01/chapters/JDG.18
  Saved: judges_18.xml
  Fetching Judges chapter 19...
  Requesting URL: https://rest.api.bible/v1/bibles/a81b73293d3080c9-01/chapters/JDG.19
  Saved: judges_19.xml
  Fetching Judges chapter 20...
  Requesting URL: https://rest.api.bible/v1/bibles/a81b73293d3080c9-01/chapters/JDG.20
  Saved: judges_20.xml
  Fetching Judges chapter 21...
  Requesting URL: https://rest.api.bible/v1/bibles/a81b73293d3080c9-01/chapters/JDG.21
  Saved: judges_21.xml

Processing Ruth for AMP...
  Fetching Ruth chapter 1...
  Requesting URL: https://rest.api.bible/v1/bibles/a81b73293d3080c9-01/chapters/RUT.1
  Saved: ruth_1.xml
  Fetching Ruth chapter 2...
  Requesting URL: https://rest.api.bible/v1/bibles/a81b73293d3080c9-01/chapters/RUT.2
  Saved: ruth_2.xml
  Fetching Ruth chapter 3...
  Requesting URL: https://rest.api.bible/v1/bibles/a81b73293d3080c9-01/chapters/RUT.3
  Saved: ruth_3.xml
  Fetching Ruth chapter 4...
  Requesting URL: https://rest.api.bible/v1/bibles/a81b73293d3080c9-01/chapters/RUT.4
  Saved: ruth_4.xml

Processing 1 Samuel for AMP...
  Fetching 1 Samuel chapter 1...
  Requesting URL: https://rest.api.bible/v1/bibles/a81b73293d3080c9-01/chapters/1SA.1
  Saved: 1_samuel_1.xml
  Fetching 1 Samuel chapter 2...
  Requesting URL: https://rest.api.bible/v1/bibles/a81b73293d3080c9-01/chapters/1SA.2
  Saved: 1_samuel_2.xml
  Fetching 1 Samuel chapter 3...
  Requesting URL: https://rest.api.bible/v1/bibles/a81b73293d3080c9-01/chapters/1SA.3
  Saved: 1_samuel_3.xml
  Fetching 1 Samuel chapter 4...
  Requesting URL: https://rest.api.bible/v1/bibles/a81b73293d3080c9-01/chapters/1SA.4
  Saved: 1_samuel_4.xml
  Fetching 1 Samuel chapter 5...
  Requesting URL: https://rest.api.bible/v1/bibles/a81b73293d3080c9-01/chapters/1SA.5
  Saved: 1_samuel_5.xml
  Fetching 1 Samuel chapter 6...
  Requesting URL: https://rest.api.bible/v1/bibles/a81b73293d3080c9-01/chapters/1SA.6
  Saved: 1_samuel_6.xml
  Fetching 1 Samuel chapter 7...
  Requesting URL: https://rest.api.bible/v1/bibles/a81b73293d3080c9-01/chapters/1SA.7
  Saved: 1_samuel_7.xml
  Fetching 1 Samuel chapter 8...
  Requesting URL: https://rest.api.bible/v1/bibles/a81b73293d3080c9-01/chapters/1SA.8
  Saved: 1_samuel_8.xml
  Fetching 1 Samuel chapter 9...
  Requesting URL: https://rest.api.bible/v1/bibles/a81b73293d3080c9-01/chapters/1SA.9
  Saved: 1_samuel_9.xml
  Fetching 1 Samuel chapter 10...
  Requesting URL: https://rest.api.bible/v1/bibles/a81b73293d3080c9-01/chapters/1SA.10
  Saved: 1_samuel_10.xml
  Fetching 1 Samuel chapter 11...
  Requesting URL: https://rest.api.bible/v1/bibles/a81b73293d3080c9-01/chapters/1SA.11
  Saved: 1_samuel_11.xml
  Fetching 1 Samuel chapter 12...
  Requesting URL: https://rest.api.bible/v1/bibles/a81b73293d3080c9-01/chapters/1SA.12
  Saved: 1_samuel_12.xml
  Fetching 1 Samuel chapter 13...
  Requesting URL: https://rest.api.bible/v1/bibles/a81b73293d3080c9-01/chapters/1SA.13
  Saved: 1_samuel_13.xml
  Fetching 1 Samuel chapter 14...
  Requesting URL: https://rest.api.bible/v1/bibles/a81b73293d3080c9-01/chapters/1SA.14
  Saved: 1_samuel_14.xml
  Fetching 1 Samuel chapter 15...
  Requesting URL: https://rest.api.bible/v1/bibles/a81b73293d3080c9-01/chapters/1SA.15
  Saved: 1_samuel_15.xml
  Fetching 1 Samuel chapter 16...
  Requesting URL: https://rest.api.bible/v1/bibles/a81b73293d3080c9-01/chapters/1SA.16
  Saved: 1_samuel_16.xml
  Fetching 1 Samuel chapter 17...
  Requesting URL: https://rest.api.bible/v1/bibles/a81b73293d3080c9-01/chapters/1SA.17
  Saved: 1_samuel_17.xml
  Fetching 1 Samuel chapter 18...
  Requesting URL: https://rest.api.bible/v1/bibles/a81b73293d3080c9-01/chapters/1SA.18
  Saved: 1_samuel_18.xml
  Fetching 1 Samuel chapter 19...
  Requesting URL: https://rest.api.bible/v1/bibles/a81b73293d3080c9-01/chapters/1SA.19
  Saved: 1_samuel_19.xml
  Fetching 1 Samuel chapter 20...
  Requesting URL: https://rest.api.bible/v1/bibles/a81b73293d3080c9-01/chapters/1SA.20
  Saved: 1_samuel_20.xml
  Fetching 1 Samuel chapter 21...
  Requesting URL: https://rest.api.bible/v1/bibles/a81b73293d3080c9-01/chapters/1SA.21
  Saved: 1_samuel_21.xml
  Fetching 1 Samuel chapter 22...
  Requesting URL: https://rest.api.bible/v1/bibles/a81b73293d3080c9-01/chapters/1SA.22
  Saved: 1_samuel_22.xml
  Fetching 1 Samuel chapter 23...
  Requesting URL: https://rest.api.bible/v1/bibles/a81b73293d3080c9-01/chapters/1SA.23
  Saved: 1_samuel_23.xml
  Fetching 1 Samuel chapter 24...
  Requesting URL: https://rest.api.bible/v1/bibles/a81b73293d3080c9-01/chapters/1SA.24
  Saved: 1_samuel_24.xml
  Fetching 1 Samuel chapter 25...
  Requesting URL: https://rest.api.bible/v1/bibles/a81b73293d3080c9-01/chapters/1SA.25
  Saved: 1_samuel_25.xml
  Fetching 1 Samuel chapter 26...
  Requesting URL: https://rest.api.bible/v1/bibles/a81b73293d3080c9-01/chapters/1SA.26
  Saved: 1_samuel_26.xml
  Fetching 1 Samuel chapter 27...
  Requesting URL: https://rest.api.bible/v1/bibles/a81b73293d3080c9-01/chapters/1SA.27
  Saved: 1_samuel_27.xml
  Fetching 1 Samuel chapter 28...
  Requesting URL: https://rest.api.bible/v1/bibles/a81b73293d3080c9-01/chapters/1SA.28
  Saved: 1_samuel_28.xml
  Fetching 1 Samuel chapter 29...
  Requesting URL: https://rest.api.bible/v1/bibles/a81b73293d3080c9-01/chapters/1SA.29
  Saved: 1_samuel_29.xml
  Fetching 1 Samuel chapter 30...
  Requesting URL: https://rest.api.bible/v1/bibles/a81b73293d3080c9-01/chapters/1SA.30
  Saved: 1_samuel_30.xml
  Fetching 1 Samuel chapter 31...
  Requesting URL: https://rest.api.bible/v1/bibles/a81b73293d3080c9-01/chapters/1SA.31
  Saved: 1_samuel_31.xml

Processing 2 Samuel for AMP...
  Fetching 2 Samuel chapter 1...
  Requesting URL: https://rest.api.bible/v1/bibles/a81b73293d3080c9-01/chapters/2SA.1
  Saved: 2_samuel_1.xml
  Fetching 2 Samuel chapter 2...
  Requesting URL: https://rest.api.bible/v1/bibles/a81b73293d3080c9-01/chapters/2SA.2
  Saved: 2_samuel_2.xml
  Fetching 2 Samuel chapter 3...
  Requesting URL: https://rest.api.bible/v1/bibles/a81b73293d3080c9-01/chapters/2SA.3
  Saved: 2_samuel_3.xml
  Fetching 2 Samuel chapter 4...
  Requesting URL: https://rest.api.bible/v1/bibles/a81b73293d3080c9-01/chapters/2SA.4
  Saved: 2_samuel_4.xml
  Fetching 2 Samuel chapter 5...
  Requesting URL: https://rest.api.bible/v1/bibles/a81b73293d3080c9-01/chapters/2SA.5
  Saved: 2_samuel_5.xml
  Fetching 2 Samuel chapter 6...
  Requesting URL: https://rest.api.bible/v1/bibles/a81b73293d3080c9-01/chapters/2SA.6
  Saved: 2_samuel_6.xml
  Fetching 2 Samuel chapter 7...
  Requesting URL: https://rest.api.bible/v1/bibles/a81b73293d3080c9-01/chapters/2SA.7
  Saved: 2_samuel_7.xml
  Fetching 2 Samuel chapter 8...
  Requesting URL: https://rest.api.bible/v1/bibles/a81b73293d3080c9-01/chapters/2SA.8
  Saved: 2_samuel_8.xml
  Fetching 2 Samuel chapter 9...
  Requesting URL: https://rest.api.bible/v1/bibles/a81b73293d3080c9-01/chapters/2SA.9
  Saved: 2_samuel_9.xml
  Fetching 2 Samuel chapter 10...
  Requesting URL: https://rest.api.bible/v1/bibles/a81b73293d3080c9-01/chapters/2SA.10
  Saved: 2_samuel_10.xml
  Fetching 2 Samuel chapter 11...
  Requesting URL: https://rest.api.bible/v1/bibles/a81b73293d3080c9-01/chapters/2SA.11
  Saved: 2_samuel_11.xml
  Fetching 2 Samuel chapter 12...
  Requesting URL: https://rest.api.bible/v1/bibles/a81b73293d3080c9-01/chapters/2SA.12
  Saved: 2_samuel_12.xml
  Fetching 2 Samuel chapter 13...
  Requesting URL: https://rest.api.bible/v1/bibles/a81b73293d3080c9-01/chapters/2SA.13
  Saved: 2_samuel_13.xml
  Fetching 2 Samuel chapter 14...
  Requesting URL: https://rest.api.bible/v1/bibles/a81b73293d3080c9-01/chapters/2SA.14
  Saved: 2_samuel_14.xml
  Fetching 2 Samuel chapter 15...
  Requesting URL: https://rest.api.bible/v1/bibles/a81b73293d3080c9-01/chapters/2SA.15
  Saved: 2_samuel_15.xml
  Fetching 2 Samuel chapter 16...
  Requesting URL: https://rest.api.bible/v1/bibles/a81b73293d3080c9-01/chapters/2SA.16
  Saved: 2_samuel_16.xml
  Fetching 2 Samuel chapter 17...
  Requesting URL: https://rest.api.bible/v1/bibles/a81b73293d3080c9-01/chapters/2SA.17
  Saved: 2_samuel_17.xml
  Fetching 2 Samuel chapter 18...
  Requesting URL: https://rest.api.bible/v1/bibles/a81b73293d3080c9-01/chapters/2SA.18
  Saved: 2_samuel_18.xml
  Fetching 2 Samuel chapter 19...
  Requesting URL: https://rest.api.bible/v1/bibles/a81b73293d3080c9-01/chapters/2SA.19
  Saved: 2_samuel_19.xml
  Fetching 2 Samuel chapter 20...
  Requesting URL: https://rest.api.bible/v1/bibles/a81b73293d3080c9-01/chapters/2SA.20
  Saved: 2_samuel_20.xml
  Fetching 2 Samuel chapter 21...
  Requesting URL: https://rest.api.bible/v1/bibles/a81b73293d3080c9-01/chapters/2SA.21
  Saved: 2_samuel_21.xml
  Fetching 2 Samuel chapter 22...
  Requesting URL: https://rest.api.bible/v1/bibles/a81b73293d3080c9-01/chapters/2SA.22
  Saved: 2_samuel_22.xml
  Fetching 2 Samuel chapter 23...
  Requesting URL: https://rest.api.bible/v1/bibles/a81b73293d3080c9-01/chapters/2SA.23
  Saved: 2_samuel_23.xml
  Fetching 2 Samuel chapter 24...
  Requesting URL: https://rest.api.bible/v1/bibles/a81b73293d3080c9-01/chapters/2SA.24
  Saved: 2_samuel_24.xml

Processing 1 Kings for AMP...
  Fetching 1 Kings chapter 1...
  Requesting URL: https://rest.api.bible/v1/bibles/a81b73293d3080c9-01/chapters/1KI.1
  Saved: 1_kings_1.xml
  Fetching 1 Kings chapter 2...
  Requesting URL: https://rest.api.bible/v1/bibles/a81b73293d3080c9-01/chapters/1KI.2
  Saved: 1_kings_2.xml
  Fetching 1 Kings chapter 3...
  Requesting URL: https://rest.api.bible/v1/bibles/a81b73293d3080c9-01/chapters/1KI.3
  Saved: 1_kings_3.xml
  Fetching 1 Kings chapter 4...
  Requesting URL: https://rest.api.bible/v1/bibles/a81b73293d3080c9-01/chapters/1KI.4
  Saved: 1_kings_4.xml
  Fetching 1 Kings chapter 5...
  Requesting URL: https://rest.api.bible/v1/bibles/a81b73293d3080c9-01/chapters/1KI.5
  Saved: 1_kings_5.xml
  Fetching 1 Kings chapter 6...
  Requesting URL: https://rest.api.bible/v1/bibles/a81b73293d3080c9-01/chapters/1KI.6
  Saved: 1_kings_6.xml
  Fetching 1 Kings chapter 7...
  Requesting URL: https://rest.api.bible/v1/bibles/a81b73293d3080c9-01/chapters/1KI.7
  Saved: 1_kings_7.xml
  Fetching 1 Kings chapter 8...
  Requesting URL: https://rest.api.bible/v1/bibles/a81b73293d3080c9-01/chapters/1KI.8
  Saved: 1_kings_8.xml
  Fetching 1 Kings chapter 9...
  Requesting URL: https://rest.api.bible/v1/bibles/a81b73293d3080c9-01/chapters/1KI.9
  Saved: 1_kings_9.xml
  Fetching 1 Kings chapter 10...
  Requesting URL: https://rest.api.bible/v1/bibles/a81b73293d3080c9-01/chapters/1KI.10
  Saved: 1_kings_10.xml
  Fetching 1 Kings chapter 11...
  Requesting URL: https://rest.api.bible/v1/bibles/a81b73293d3080c9-01/chapters/1KI.11
  Saved: 1_kings_11.xml
  Fetching 1 Kings chapter 12...
  Requesting URL: https://rest.api.bible/v1/bibles/a81b73293d3080c9-01/chapters/1KI.12
  Saved: 1_kings_12.xml
  Fetching 1 Kings chapter 13...
  Requesting URL: https://rest.api.bible/v1/bibles/a81b73293d3080c9-01/chapters/1KI.13
  Saved: 1_kings_13.xml
  Fetching 1 Kings chapter 14...
  Requesting URL: https://rest.api.bible/v1/bibles/a81b73293d3080c9-01/chapters/1KI.14
  Saved: 1_kings_14.xml
  Fetching 1 Kings chapter 15...
  Requesting URL: https://rest.api.bible/v1/bibles/a81b73293d3080c9-01/chapters/1KI.15
  Saved: 1_kings_15.xml
  Fetching 1 Kings chapter 16...
  Requesting URL: https://rest.api.bible/v1/bibles/a81b73293d3080c9-01/chapters/1KI.16
  Saved: 1_kings_16.xml
  Fetching 1 Kings chapter 17...
  Requesting URL: https://rest.api.bible/v1/bibles/a81b73293d3080c9-01/chapters/1KI.17
  Saved: 1_kings_17.xml
  Fetching 1 Kings chapter 18...
  Requesting URL: https://rest.api.bible/v1/bibles/a81b73293d3080c9-01/chapters/1KI.18
  Saved: 1_kings_18.xml
  Fetching 1 Kings chapter 19...
  Requesting URL: https://rest.api.bible/v1/bibles/a81b73293d3080c9-01/chapters/1KI.19
  Saved: 1_kings_19.xml
  Fetching 1 Kings chapter 20...
  Requesting URL: https://rest.api.bible/v1/bibles/a81b73293d3080c9-01/chapters/1KI.20
  Saved: 1_kings_20.xml
  Fetching 1 Kings chapter 21...
  Requesting URL: https://rest.api.bible/v1/bibles/a81b73293d3080c9-01/chapters/1KI.21
  Saved: 1_kings_21.xml
  Fetching 1 Kings chapter 22...
  Requesting URL: https://rest.api.bible/v1/bibles/a81b73293d3080c9-01/chapters/1KI.22
  Saved: 1_kings_22.xml

Processing 2 Kings for AMP...
  Fetching 2 Kings chapter 1...
  Requesting URL: https://rest.api.bible/v1/bibles/a81b73293d3080c9-01/chapters/2KI.1
  Saved: 2_kings_1.xml
  Fetching 2 Kings chapter 2...
  Requesting URL: https://rest.api.bible/v1/bibles/a81b73293d3080c9-01/chapters/2KI.2
  Saved: 2_kings_2.xml
  Fetching 2 Kings chapter 3...
  Requesting URL: https://rest.api.bible/v1/bibles/a81b73293d3080c9-01/chapters/2KI.3
  Saved: 2_kings_3.xml
  Fetching 2 Kings chapter 4...
  Requesting URL: https://rest.api.bible/v1/bibles/a81b73293d3080c9-01/chapters/2KI.4
  Saved: 2_kings_4.xml
  Fetching 2 Kings chapter 5...
  Requesting URL: https://rest.api.bible/v1/bibles/a81b73293d3080c9-01/chapters/2KI.5
  Saved: 2_kings_5.xml
  Fetching 2 Kings chapter 6...
  Requesting URL: https://rest.api.bible/v1/bibles/a81b73293d3080c9-01/chapters/2KI.6
  Saved: 2_kings_6.xml
  Fetching 2 Kings chapter 7...
  Requesting URL: https://rest.api.bible/v1/bibles/a81b73293d3080c9-01/chapters/2KI.7
  Saved: 2_kings_7.xml
  Fetching 2 Kings chapter 8...
  Requesting URL: https://rest.api.bible/v1/bibles/a81b73293d3080c9-01/chapters/2KI.8
  Saved: 2_kings_8.xml
  Fetching 2 Kings chapter 9...
  Requesting URL: https://rest.api.bible/v1/bibles/a81b73293d3080c9-01/chapters/2KI.9
  Saved: 2_kings_9.xml
  Fetching 2 Kings chapter 10...
  Requesting URL: https://rest.api.bible/v1/bibles/a81b73293d3080c9-01/chapters/2KI.10
  Saved: 2_kings_10.xml
  Fetching 2 Kings chapter 11...
  Requesting URL: https://rest.api.bible/v1/bibles/a81b73293d3080c9-01/chapters/2KI.11
  Saved: 2_kings_11.xml
  Fetching 2 Kings chapter 12...
  Requesting URL: https://rest.api.bible/v1/bibles/a81b73293d3080c9-01/chapters/2KI.12
  Saved: 2_kings_12.xml
  Fetching 2 Kings chapter 13...
  Requesting URL: https://rest.api.bible/v1/bibles/a81b73293d3080c9-01/chapters/2KI.13
  Saved: 2_kings_13.xml
  Fetching 2 Kings chapter 14...
  Requesting URL: https://rest.api.bible/v1/bibles/a81b73293d3080c9-01/chapters/2KI.14
  Saved: 2_kings_14.xml
  Fetching 2 Kings chapter 15...
  Requesting URL: https://rest.api.bible/v1/bibles/a81b73293d3080c9-01/chapters/2KI.15
  Saved: 2_kings_15.xml
  Fetching 2 Kings chapter 16...
  Requesting URL: https://rest.api.bible/v1/bibles/a81b73293d3080c9-01/chapters/2KI.16
  Saved: 2_kings_16.xml
  Fetching 2 Kings chapter 17...
  Requesting URL: https://rest.api.bible/v1/bibles/a81b73293d3080c9-01/chapters/2KI.17
  Saved: 2_kings_17.xml
  Fetching 2 Kings chapter 18...
  Requesting URL: https://rest.api.bible/v1/bibles/a81b73293d3080c9-01/chapters/2KI.18
  Saved: 2_kings_18.xml
  Fetching 2 Kings chapter 19...
  Requesting URL: https://rest.api.bible/v1/bibles/a81b73293d3080c9-01/chapters/2KI.19
  Saved: 2_kings_19.xml
  Fetching 2 Kings chapter 20...
  Requesting URL: https://rest.api.bible/v1/bibles/a81b73293d3080c9-01/chapters/2KI.20
  Saved: 2_kings_20.xml
  Fetching 2 Kings chapter 21...
  Requesting URL: https://rest.api.bible/v1/bibles/a81b73293d3080c9-01/chapters/2KI.21
  Saved: 2_kings_21.xml
  Fetching 2 Kings chapter 22...
  Requesting URL: https://rest.api.bible/v1/bibles/a81b73293d3080c9-01/chapters/2KI.22
  Saved: 2_kings_22.xml
  Fetching 2 Kings chapter 23...
  Requesting URL: https://rest.api.bible/v1/bibles/a81b73293d3080c9-01/chapters/2KI.23
  Saved: 2_kings_23.xml
  Fetching 2 Kings chapter 24...
  Requesting URL: https://rest.api.bible/v1/bibles/a81b73293d3080c9-01/chapters/2KI.24
  Saved: 2_kings_24.xml
  Fetching 2 Kings chapter 25...
  Requesting URL: https://rest.api.bible/v1/bibles/a81b73293d3080c9-01/chapters/2KI.25
  Saved: 2_kings_25.xml

Processing 1 Chronicles for AMP...
  Fetching 1 Chronicles chapter 1...
  Requesting URL: https://rest.api.bible/v1/bibles/a81b73293d3080c9-01/chapters/1CH.1
  Saved: 1_chronicles_1.xml
  Fetching 1 Chronicles chapter 2...
  Requesting URL: https://rest.api.bible/v1/bibles/a81b73293d3080c9-01/chapters/1CH.2
  Saved: 1_chronicles_2.xml
  Fetching 1 Chronicles chapter 3...
  Requesting URL: https://rest.api.bible/v1/bibles/a81b73293d3080c9-01/chapters/1CH.3
  Saved: 1_chronicles_3.xml
  Fetching 1 Chronicles chapter 4...
  Requesting URL: https://rest.api.bible/v1/bibles/a81b73293d3080c9-01/chapters/1CH.4
  Saved: 1_chronicles_4.xml
  Fetching 1 Chronicles chapter 5...
  Requesting URL: https://rest.api.bible/v1/bibles/a81b73293d3080c9-01/chapters/1CH.5
  Saved: 1_chronicles_5.xml
  Fetching 1 Chronicles chapter 6...
  Requesting URL: https://rest.api.bible/v1/bibles/a81b73293d3080c9-01/chapters/1CH.6
  Saved: 1_chronicles_6.xml
  Fetching 1 Chronicles chapter 7...
  Requesting URL: https://rest.api.bible/v1/bibles/a81b73293d3080c9-01/chapters/1CH.7
  Saved: 1_chronicles_7.xml
  Fetching 1 Chronicles chapter 8...
  Requesting URL: https://rest.api.bible/v1/bibles/a81b73293d3080c9-01/chapters/1CH.8
  Saved: 1_chronicles_8.xml
  Fetching 1 Chronicles chapter 9...
  Requesting URL: https://rest.api.bible/v1/bibles/a81b73293d3080c9-01/chapters/1CH.9
  Saved: 1_chronicles_9.xml
  Fetching 1 Chronicles chapter 10...
  Requesting URL: https://rest.api.bible/v1/bibles/a81b73293d3080c9-01/chapters/1CH.10
  Saved: 1_chronicles_10.xml
  Fetching 1 Chronicles chapter 11...
  Requesting URL: https://rest.api.bible/v1/bibles/a81b73293d3080c9-01/chapters/1CH.11
  Saved: 1_chronicles_11.xml
  Fetching 1 Chronicles chapter 12...
  Requesting URL: https://rest.api.bible/v1/bibles/a81b73293d3080c9-01/chapters/1CH.12
  Saved: 1_chronicles_12.xml
  Fetching 1 Chronicles chapter 13...
  Requesting URL: https://rest.api.bible/v1/bibles/a81b73293d3080c9-01/chapters/1CH.13
  Saved: 1_chronicles_13.xml
  Fetching 1 Chronicles chapter 14...
  Requesting URL: https://rest.api.bible/v1/bibles/a81b73293d3080c9-01/chapters/1CH.14
  Saved: 1_chronicles_14.xml
  Fetching 1 Chronicles chapter 15...
  Requesting URL: https://rest.api.bible/v1/bibles/a81b73293d3080c9-01/chapters/1CH.15
  Saved: 1_chronicles_15.xml
  Fetching 1 Chronicles chapter 16...
  Requesting URL: https://rest.api.bible/v1/bibles/a81b73293d3080c9-01/chapters/1CH.16
  Saved: 1_chronicles_16.xml
  Fetching 1 Chronicles chapter 17...
  Requesting URL: https://rest.api.bible/v1/bibles/a81b73293d3080c9-01/chapters/1CH.17
  Saved: 1_chronicles_17.xml
  Fetching 1 Chronicles chapter 18...
  Requesting URL: https://rest.api.bible/v1/bibles/a81b73293d3080c9-01/chapters/1CH.18
  Saved: 1_chronicles_18.xml
  Fetching 1 Chronicles chapter 19...
  Requesting URL: https://rest.api.bible/v1/bibles/a81b73293d3080c9-01/chapters/1CH.19
  Saved: 1_chronicles_19.xml
  Fetching 1 Chronicles chapter 20...
  Requesting URL: https://rest.api.bible/v1/bibles/a81b73293d3080c9-01/chapters/1CH.20
  Saved: 1_chronicles_20.xml
  Fetching 1 Chronicles chapter 21...
  Requesting URL: https://rest.api.bible/v1/bibles/a81b73293d3080c9-01/chapters/1CH.21
  Saved: 1_chronicles_21.xml
  Fetching 1 Chronicles chapter 22...
  Requesting URL: https://rest.api.bible/v1/bibles/a81b73293d3080c9-01/chapters/1CH.22
  Saved: 1_chronicles_22.xml
  Fetching 1 Chronicles chapter 23...
  Requesting URL: https://rest.api.bible/v1/bibles/a81b73293d3080c9-01/chapters/1CH.23
  Saved: 1_chronicles_23.xml
  Fetching 1 Chronicles chapter 24...
  Requesting URL: https://rest.api.bible/v1/bibles/a81b73293d3080c9-01/chapters/1CH.24
  Saved: 1_chronicles_24.xml
  Fetching 1 Chronicles chapter 25...
  Requesting URL: https://rest.api.bible/v1/bibles/a81b73293d3080c9-01/chapters/1CH.25
  Saved: 1_chronicles_25.xml
  Fetching 1 Chronicles chapter 26...
  Requesting URL: https://rest.api.bible/v1/bibles/a81b73293d3080c9-01/chapters/1CH.26
  Saved: 1_chronicles_26.xml
  Fetching 1 Chronicles chapter 27...
  Requesting URL: https://rest.api.bible/v1/bibles/a81b73293d3080c9-01/chapters/1CH.27
  Saved: 1_chronicles_27.xml
  Fetching 1 Chronicles chapter 28...
  Requesting URL: https://rest.api.bible/v1/bibles/a81b73293d3080c9-01/chapters/1CH.28
  Saved: 1_chronicles_28.xml
  Fetching 1 Chronicles chapter 29...
  Requesting URL: https://rest.api.bible/v1/bibles/a81b73293d3080c9-01/chapters/1CH.29
  Saved: 1_chronicles_29.xml

Processing 2 Chronicles for AMP...
  Fetching 2 Chronicles chapter 1...
  Requesting URL: https://rest.api.bible/v1/bibles/a81b73293d3080c9-01/chapters/2CH.1
  Saved: 2_chronicles_1.xml
  Fetching 2 Chronicles chapter 2...
  Requesting URL: https://rest.api.bible/v1/bibles/a81b73293d3080c9-01/chapters/2CH.2
  Saved: 2_chronicles_2.xml
  Fetching 2 Chronicles chapter 3...
  Requesting URL: https://rest.api.bible/v1/bibles/a81b73293d3080c9-01/chapters/2CH.3
  Saved: 2_chronicles_3.xml
  Fetching 2 Chronicles chapter 4...
  Requesting URL: https://rest.api.bible/v1/bibles/a81b73293d3080c9-01/chapters/2CH.4
  Saved: 2_chronicles_4.xml
  Fetching 2 Chronicles chapter 5...
  Requesting URL: https://rest.api.bible/v1/bibles/a81b73293d3080c9-01/chapters/2CH.5
  Saved: 2_chronicles_5.xml
  Fetching 2 Chronicles chapter 6...
  Requesting URL: https://rest.api.bible/v1/bibles/a81b73293d3080c9-01/chapters/2CH.6
  Saved: 2_chronicles_6.xml
  Fetching 2 Chronicles chapter 7...
  Requesting URL: https://rest.api.bible/v1/bibles/a81b73293d3080c9-01/chapters/2CH.7
  Saved: 2_chronicles_7.xml
  Fetching 2 Chronicles chapter 8...
  Requesting URL: https://rest.api.bible/v1/bibles/a81b73293d3080c9-01/chapters/2CH.8
  Saved: 2_chronicles_8.xml
  Fetching 2 Chronicles chapter 9...
  Requesting URL: https://rest.api.bible/v1/bibles/a81b73293d3080c9-01/chapters/2CH.9
  Saved: 2_chronicles_9.xml
  Fetching 2 Chronicles chapter 10...
  Requesting URL: https://rest.api.bible/v1/bibles/a81b73293d3080c9-01/chapters/2CH.10
  Saved: 2_chronicles_10.xml
  Fetching 2 Chronicles chapter 11...
  Requesting URL: https://rest.api.bible/v1/bibles/a81b73293d3080c9-01/chapters/2CH.11
  Saved: 2_chronicles_11.xml
  Fetching 2 Chronicles chapter 12...
  Requesting URL: https://rest.api.bible/v1/bibles/a81b73293d3080c9-01/chapters/2CH.12
  Saved: 2_chronicles_12.xml
  Fetching 2 Chronicles chapter 13...
  Requesting URL: https://rest.api.bible/v1/bibles/a81b73293d3080c9-01/chapters/2CH.13
  Saved: 2_chronicles_13.xml
  Fetching 2 Chronicles chapter 14...
  Requesting URL: https://rest.api.bible/v1/bibles/a81b73293d3080c9-01/chapters/2CH.14
  Saved: 2_chronicles_14.xml
  Fetching 2 Chronicles chapter 15...
  Requesting URL: https://rest.api.bible/v1/bibles/a81b73293d3080c9-01/chapters/2CH.15
  Saved: 2_chronicles_15.xml
  Fetching 2 Chronicles chapter 16...
  Requesting URL: https://rest.api.bible/v1/bibles/a81b73293d3080c9-01/chapters/2CH.16
  Saved: 2_chronicles_16.xml
  Fetching 2 Chronicles chapter 17...
  Requesting URL: https://rest.api.bible/v1/bibles/a81b73293d3080c9-01/chapters/2CH.17
  Saved: 2_chronicles_17.xml
  Fetching 2 Chronicles chapter 18...
  Requesting URL: https://rest.api.bible/v1/bibles/a81b73293d3080c9-01/chapters/2CH.18
  Saved: 2_chronicles_18.xml
  Fetching 2 Chronicles chapter 19...
  Requesting URL: https://rest.api.bible/v1/bibles/a81b73293d3080c9-01/chapters/2CH.19
  Saved: 2_chronicles_19.xml
  Fetching 2 Chronicles chapter 20...
  Requesting URL: https://rest.api.bible/v1/bibles/a81b73293d3080c9-01/chapters/2CH.20
  Saved: 2_chronicles_20.xml
  Fetching 2 Chronicles chapter 21...
  Requesting URL: https://rest.api.bible/v1/bibles/a81b73293d3080c9-01/chapters/2CH.21
  Saved: 2_chronicles_21.xml
  Fetching 2 Chronicles chapter 22...
  Requesting URL: https://rest.api.bible/v1/bibles/a81b73293d3080c9-01/chapters/2CH.22
  Saved: 2_chronicles_22.xml
  Fetching 2 Chronicles chapter 23...
  Requesting URL: https://rest.api.bible/v1/bibles/a81b73293d3080c9-01/chapters/2CH.23
  Saved: 2_chronicles_23.xml
  Fetching 2 Chronicles chapter 24...
  Requesting URL: https://rest.api.bible/v1/bibles/a81b73293d3080c9-01/chapters/2CH.24
  Saved: 2_chronicles_24.xml
  Fetching 2 Chronicles chapter 25...
  Requesting URL: https://rest.api.bible/v1/bibles/a81b73293d3080c9-01/chapters/2CH.25
  Saved: 2_chronicles_25.xml
  Fetching 2 Chronicles chapter 26...
  Requesting URL: https://rest.api.bible/v1/bibles/a81b73293d3080c9-01/chapters/2CH.26
  Saved: 2_chronicles_26.xml
  Fetching 2 Chronicles chapter 27...
  Requesting URL: https://rest.api.bible/v1/bibles/a81b73293d3080c9-01/chapters/2CH.27
  Saved: 2_chronicles_27.xml
  Fetching 2 Chronicles chapter 28...
  Requesting URL: https://rest.api.bible/v1/bibles/a81b73293d3080c9-01/chapters/2CH.28
  Saved: 2_chronicles_28.xml
  Fetching 2 Chronicles chapter 29...
  Requesting URL: https://rest.api.bible/v1/bibles/a81b73293d3080c9-01/chapters/2CH.29
  Saved: 2_chronicles_29.xml
  Fetching 2 Chronicles chapter 30...
  Requesting URL: https://rest.api.bible/v1/bibles/a81b73293d3080c9-01/chapters/2CH.30
  Saved: 2_chronicles_30.xml
  Fetching 2 Chronicles chapter 31...
  Requesting URL: https://rest.api.bible/v1/bibles/a81b73293d3080c9-01/chapters/2CH.31
  Saved: 2_chronicles_31.xml
  Fetching 2 Chronicles chapter 32...
  Requesting URL: https://rest.api.bible/v1/bibles/a81b73293d3080c9-01/chapters/2CH.32
  Saved: 2_chronicles_32.xml
  Fetching 2 Chronicles chapter 33...
  Requesting URL: https://rest.api.bible/v1/bibles/a81b73293d3080c9-01/chapters/2CH.33
  Saved: 2_chronicles_33.xml
  Fetching 2 Chronicles chapter 34...
  Requesting URL: https://rest.api.bible/v1/bibles/a81b73293d3080c9-01/chapters/2CH.34
  Saved: 2_chronicles_34.xml
  Fetching 2 Chronicles chapter 35...
  Requesting URL: https://rest.api.bible/v1/bibles/a81b73293d3080c9-01/chapters/2CH.35
  Saved: 2_chronicles_35.xml
  Fetching 2 Chronicles chapter 36...
  Requesting URL: https://rest.api.bible/v1/bibles/a81b73293d3080c9-01/chapters/2CH.36
  Saved: 2_chronicles_36.xml

Processing Ezra for AMP...
  Fetching Ezra chapter 1...
  Requesting URL: https://rest.api.bible/v1/bibles/a81b73293d3080c9-01/chapters/EZR.1
  Saved: ezra_1.xml
  Fetching Ezra chapter 2...
  Requesting URL: https://rest.api.bible/v1/bibles/a81b73293d3080c9-01/chapters/EZR.2
  Saved: ezra_2.xml
  Fetching Ezra chapter 3...
  Requesting URL: https://rest.api.bible/v1/bibles/a81b73293d3080c9-01/chapters/EZR.3
  Saved: ezra_3.xml
  Fetching Ezra chapter 4...
  Requesting URL: https://rest.api.bible/v1/bibles/a81b73293d3080c9-01/chapters/EZR.4
  Saved: ezra_4.xml
  Fetching Ezra chapter 5...
  Requesting URL: https://rest.api.bible/v1/bibles/a81b73293d3080c9-01/chapters/EZR.5
  Saved: ezra_5.xml
  Fetching Ezra chapter 6...
  Requesting URL: https://rest.api.bible/v1/bibles/a81b73293d3080c9-01/chapters/EZR.6
  Saved: ezra_6.xml
  Fetching Ezra chapter 7...
  Requesting URL: https://rest.api.bible/v1/bibles/a81b73293d3080c9-01/chapters/EZR.7
  Saved: ezra_7.xml
  Fetching Ezra chapter 8...
  Requesting URL: https://rest.api.bible/v1/bibles/a81b73293d3080c9-01/chapters/EZR.8
  Saved: ezra_8.xml
  Fetching Ezra chapter 9...
  Requesting URL: https://rest.api.bible/v1/bibles/a81b73293d3080c9-01/chapters/EZR.9
  Saved: ezra_9.xml
  Fetching Ezra chapter 10...
  Requesting URL: https://rest.api.bible/v1/bibles/a81b73293d3080c9-01/chapters/EZR.10
  Saved: ezra_10.xml

Processing Nehemiah for AMP...
  Fetching Nehemiah chapter 1...
  Requesting URL: https://rest.api.bible/v1/bibles/a81b73293d3080c9-01/chapters/NEH.1
  Saved: nehemiah_1.xml
  Fetching Nehemiah chapter 2...
  Requesting URL: https://rest.api.bible/v1/bibles/a81b73293d3080c9-01/chapters/NEH.2
  Saved: nehemiah_2.xml
  Fetching Nehemiah chapter 3...
  Requesting URL: https://rest.api.bible/v1/bibles/a81b73293d3080c9-01/chapters/NEH.3
  Saved: nehemiah_3.xml
  Fetching Nehemiah chapter 4...
  Requesting URL: https://rest.api.bible/v1/bibles/a81b73293d3080c9-01/chapters/NEH.4
  Saved: nehemiah_4.xml
  Fetching Nehemiah chapter 5...
  Requesting URL: https://rest.api.bible/v1/bibles/a81b73293d3080c9-01/chapters/NEH.5
  Saved: nehemiah_5.xml
  Fetching Nehemiah chapter 6...
  Requesting URL: https://rest.api.bible/v1/bibles/a81b73293d3080c9-01/chapters/NEH.6
  Saved: nehemiah_6.xml
  Fetching Nehemiah chapter 7...
  Requesting URL: https://rest.api.bible/v1/bibles/a81b73293d3080c9-01/chapters/NEH.7
  Saved: nehemiah_7.xml
  Fetching Nehemiah chapter 8...
  Requesting URL: https://rest.api.bible/v1/bibles/a81b73293d3080c9-01/chapters/NEH.8
  Saved: nehemiah_8.xml
  Fetching Nehemiah chapter 9...
  Requesting URL: https://rest.api.bible/v1/bibles/a81b73293d3080c9-01/chapters/NEH.9
  Saved: nehemiah_9.xml
  Fetching Nehemiah chapter 10...
  Requesting URL: https://rest.api.bible/v1/bibles/a81b73293d3080c9-01/chapters/NEH.10
  Saved: nehemiah_10.xml
  Fetching Nehemiah chapter 11...
  Requesting URL: https://rest.api.bible/v1/bibles/a81b73293d3080c9-01/chapters/NEH.11
  Saved: nehemiah_11.xml
  Fetching Nehemiah chapter 12...
  Requesting URL: https://rest.api.bible/v1/bibles/a81b73293d3080c9-01/chapters/NEH.12
  Saved: nehemiah_12.xml
  Fetching Nehemiah chapter 13...
  Requesting URL: https://rest.api.bible/v1/bibles/a81b73293d3080c9-01/chapters/NEH.13
  Saved: nehemiah_13.xml

Processing Esther for AMP...
  Fetching Esther chapter 1...
  Requesting URL: https://rest.api.bible/v1/bibles/a81b73293d3080c9-01/chapters/EST.1
  Saved: esther_1.xml
  Fetching Esther chapter 2...
  Requesting URL: https://rest.api.bible/v1/bibles/a81b73293d3080c9-01/chapters/EST.2
  Saved: esther_2.xml
  Fetching Esther chapter 3...
  Requesting URL: https://rest.api.bible/v1/bibles/a81b73293d3080c9-01/chapters/EST.3
  Saved: esther_3.xml
  Fetching Esther chapter 4...
  Requesting URL: https://rest.api.bible/v1/bibles/a81b73293d3080c9-01/chapters/EST.4
  Saved: esther_4.xml
  Fetching Esther chapter 5...
  Requesting URL: https://rest.api.bible/v1/bibles/a81b73293d3080c9-01/chapters/EST.5
  Saved: esther_5.xml
  Fetching Esther chapter 6...
  Requesting URL: https://rest.api.bible/v1/bibles/a81b73293d3080c9-01/chapters/EST.6
  Saved: esther_6.xml
  Fetching Esther chapter 7...
  Requesting URL: https://rest.api.bible/v1/bibles/a81b73293d3080c9-01/chapters/EST.7
  Saved: esther_7.xml
  Fetching Esther chapter 8...
  Requesting URL: https://rest.api.bible/v1/bibles/a81b73293d3080c9-01/chapters/EST.8
  Saved: esther_8.xml
  Fetching Esther chapter 9...
  Requesting URL: https://rest.api.bible/v1/bibles/a81b73293d3080c9-01/chapters/EST.9
  Saved: esther_9.xml
  Fetching Esther chapter 10...
  Requesting URL: https://rest.api.bible/v1/bibles/a81b73293d3080c9-01/chapters/EST.10
  Saved: esther_10.xml

Processing Job for AMP...
  Fetching Job chapter 1...
  Requesting URL: https://rest.api.bible/v1/bibles/a81b73293d3080c9-01/chapters/JOB.1
  Saved: job_1.xml
  Fetching Job chapter 2...
  Requesting URL: https://rest.api.bible/v1/bibles/a81b73293d3080c9-01/chapters/JOB.2
  Saved: job_2.xml
  Fetching Job chapter 3...
  Requesting URL: https://rest.api.bible/v1/bibles/a81b73293d3080c9-01/chapters/JOB.3
  Saved: job_3.xml
  Fetching Job chapter 4...
  Requesting URL: https://rest.api.bible/v1/bibles/a81b73293d3080c9-01/chapters/JOB.4
  Saved: job_4.xml
  Fetching Job chapter 5...
  Requesting URL: https://rest.api.bible/v1/bibles/a81b73293d3080c9-01/chapters/JOB.5
  Saved: job_5.xml
  Fetching Job chapter 6...
  Requesting URL: https://rest.api.bible/v1/bibles/a81b73293d3080c9-01/chapters/JOB.6
  Saved: job_6.xml
  Fetching Job chapter 7...
  Requesting URL: https://rest.api.bible/v1/bibles/a81b73293d3080c9-01/chapters/JOB.7
  Saved: job_7.xml
  Fetching Job chapter 8...
  Requesting URL: https://rest.api.bible/v1/bibles/a81b73293d3080c9-01/chapters/JOB.8
  Saved: job_8.xml
  Fetching Job chapter 9...
  Requesting URL: https://rest.api.bible/v1/bibles/a81b73293d3080c9-01/chapters/JOB.9
  Saved: job_9.xml
  Fetching Job chapter 10...
  Requesting URL: https://rest.api.bible/v1/bibles/a81b73293d3080c9-01/chapters/JOB.10
  Saved: job_10.xml
  Fetching Job chapter 11...
  Requesting URL: https://rest.api.bible/v1/bibles/a81b73293d3080c9-01/chapters/JOB.11
  Saved: job_11.xml
  Fetching Job chapter 12...
  Requesting URL: https://rest.api.bible/v1/bibles/a81b73293d3080c9-01/chapters/JOB.12
  Saved: job_12.xml
  Fetching Job chapter 13...
  Requesting URL: https://rest.api.bible/v1/bibles/a81b73293d3080c9-01/chapters/JOB.13
  Saved: job_13.xml
  Fetching Job chapter 14...
  Requesting URL: https://rest.api.bible/v1/bibles/a81b73293d3080c9-01/chapters/JOB.14
  Saved: job_14.xml
  Fetching Job chapter 15...
  Requesting URL: https://rest.api.bible/v1/bibles/a81b73293d3080c9-01/chapters/JOB.15
  Saved: job_15.xml
  Fetching Job chapter 16...
  Requesting URL: https://rest.api.bible/v1/bibles/a81b73293d3080c9-01/chapters/JOB.16
  Saved: job_16.xml
  Fetching Job chapter 17...
  Requesting URL: https://rest.api.bible/v1/bibles/a81b73293d3080c9-01/chapters/JOB.17
  Saved: job_17.xml
  Fetching Job chapter 18...
  Requesting URL: https://rest.api.bible/v1/bibles/a81b73293d3080c9-01/chapters/JOB.18
  Saved: job_18.xml
  Fetching Job chapter 19...
  Requesting URL: https://rest.api.bible/v1/bibles/a81b73293d3080c9-01/chapters/JOB.19
  Saved: job_19.xml
  Fetching Job chapter 20...
  Requesting URL: https://rest.api.bible/v1/bibles/a81b73293d3080c9-01/chapters/JOB.20
  Saved: job_20.xml
  Fetching Job chapter 21...
  Requesting URL: https://rest.api.bible/v1/bibles/a81b73293d3080c9-01/chapters/JOB.21
  Saved: job_21.xml
  Fetching Job chapter 22...
  Requesting URL: https://rest.api.bible/v1/bibles/a81b73293d3080c9-01/chapters/JOB.22
  Saved: job_22.xml
  Fetching Job chapter 23...
  Requesting URL: https://rest.api.bible/v1/bibles/a81b73293d3080c9-01/chapters/JOB.23
  Saved: job_23.xml
  Fetching Job chapter 24...
  Requesting URL: https://rest.api.bible/v1/bibles/a81b73293d3080c9-01/chapters/JOB.24
  Saved: job_24.xml
  Fetching Job chapter 25...
  Requesting URL: https://rest.api.bible/v1/bibles/a81b73293d3080c9-01/chapters/JOB.25
  Saved: job_25.xml
  Fetching Job chapter 26...
  Requesting URL: https://rest.api.bible/v1/bibles/a81b73293d3080c9-01/chapters/JOB.26
  Saved: job_26.xml
  Fetching Job chapter 27...
  Requesting URL: https://rest.api.bible/v1/bibles/a81b73293d3080c9-01/chapters/JOB.27
  Saved: job_27.xml
  Fetching Job chapter 28...
  Requesting URL: https://rest.api.bible/v1/bibles/a81b73293d3080c9-01/chapters/JOB.28
  Saved: job_28.xml
  Fetching Job chapter 29...
  Requesting URL: https://rest.api.bible/v1/bibles/a81b73293d3080c9-01/chapters/JOB.29
  Saved: job_29.xml
  Fetching Job chapter 30...
  Requesting URL: https://rest.api.bible/v1/bibles/a81b73293d3080c9-01/chapters/JOB.30
  Saved: job_30.xml
  Fetching Job chapter 31...
  Requesting URL: https://rest.api.bible/v1/bibles/a81b73293d3080c9-01/chapters/JOB.31
  Saved: job_31.xml
  Fetching Job chapter 32...
  Requesting URL: https://rest.api.bible/v1/bibles/a81b73293d3080c9-01/chapters/JOB.32
  Saved: job_32.xml
  Fetching Job chapter 33...
  Requesting URL: https://rest.api.bible/v1/bibles/a81b73293d3080c9-01/chapters/JOB.33
  Saved: job_33.xml
  Fetching Job chapter 34...
  Requesting URL: https://rest.api.bible/v1/bibles/a81b73293d3080c9-01/chapters/JOB.34
  Saved: job_34.xml
  Fetching Job chapter 35...
  Requesting URL: https://rest.api.bible/v1/bibles/a81b73293d3080c9-01/chapters/JOB.35
  Saved: job_35.xml
  Fetching Job chapter 36...
  Requesting URL: https://rest.api.bible/v1/bibles/a81b73293d3080c9-01/chapters/JOB.36
  Saved: job_36.xml
  Fetching Job chapter 37...
  Requesting URL: https://rest.api.bible/v1/bibles/a81b73293d3080c9-01/chapters/JOB.37
  Saved: job_37.xml
  Fetching Job chapter 38...
  Requesting URL: https://rest.api.bible/v1/bibles/a81b73293d3080c9-01/chapters/JOB.38
  Saved: job_38.xml
  Fetching Job chapter 39...
  Requesting URL: https://rest.api.bible/v1/bibles/a81b73293d3080c9-01/chapters/JOB.39
  Saved: job_39.xml
  Fetching Job chapter 40...
  Requesting URL: https://rest.api.bible/v1/bibles/a81b73293d3080c9-01/chapters/JOB.40
  Saved: job_40.xml
  Fetching Job chapter 41...
  Requesting URL: https://rest.api.bible/v1/bibles/a81b73293d3080c9-01/chapters/JOB.41
  Saved: job_41.xml
  Fetching Job chapter 42...
  Requesting URL: https://rest.api.bible/v1/bibles/a81b73293d3080c9-01/chapters/JOB.42
  Saved: job_42.xml

Processing Psalms for AMP...
  Fetching Psalms chapter 1...
  Requesting URL: https://rest.api.bible/v1/bibles/a81b73293d3080c9-01/chapters/PSA.1
  Saved: psalms_1.xml
  Fetching Psalms chapter 2...
  Requesting URL: https://rest.api.bible/v1/bibles/a81b73293d3080c9-01/chapters/PSA.2
  Saved: psalms_2.xml
  Fetching Psalms chapter 3...
  Requesting URL: https://rest.api.bible/v1/bibles/a81b73293d3080c9-01/chapters/PSA.3
  Saved: psalms_3.xml
  Fetching Psalms chapter 4...
  Requesting URL: https://rest.api.bible/v1/bibles/a81b73293d3080c9-01/chapters/PSA.4
  Saved: psalms_4.xml
  Fetching Psalms chapter 5...
  Requesting URL: https://rest.api.bible/v1/bibles/a81b73293d3080c9-01/chapters/PSA.5
  Saved: psalms_5.xml
  Fetching Psalms chapter 6...
  Requesting URL: https://rest.api.bible/v1/bibles/a81b73293d3080c9-01/chapters/PSA.6
  Saved: psalms_6.xml
  Fetching Psalms chapter 7...
  Requesting URL: https://rest.api.bible/v1/bibles/a81b73293d3080c9-01/chapters/PSA.7
  Saved: psalms_7.xml
  Fetching Psalms chapter 8...
  Requesting URL: https://rest.api.bible/v1/bibles/a81b73293d3080c9-01/chapters/PSA.8
  Saved: psalms_8.xml
  Fetching Psalms chapter 9...
  Requesting URL: https://rest.api.bible/v1/bibles/a81b73293d3080c9-01/chapters/PSA.9
  Saved: psalms_9.xml
  Fetching Psalms chapter 10...
  Requesting URL: https://rest.api.bible/v1/bibles/a81b73293d3080c9-01/chapters/PSA.10
  Saved: psalms_10.xml
  Fetching Psalms chapter 11...
  Requesting URL: https://rest.api.bible/v1/bibles/a81b73293d3080c9-01/chapters/PSA.11
  Saved: psalms_11.xml
  Fetching Psalms chapter 12...
  Requesting URL: https://rest.api.bible/v1/bibles/a81b73293d3080c9-01/chapters/PSA.12
  Saved: psalms_12.xml
  Fetching Psalms chapter 13...
  Requesting URL: https://rest.api.bible/v1/bibles/a81b73293d3080c9-01/chapters/PSA.13
  Saved: psalms_13.xml
  Fetching Psalms chapter 14...
  Requesting URL: https://rest.api.bible/v1/bibles/a81b73293d3080c9-01/chapters/PSA.14
  Saved: psalms_14.xml
  Fetching Psalms chapter 15...
  Requesting URL: https://rest.api.bible/v1/bibles/a81b73293d3080c9-01/chapters/PSA.15
  Saved: psalms_15.xml
  Fetching Psalms chapter 16...
  Requesting URL: https://rest.api.bible/v1/bibles/a81b73293d3080c9-01/chapters/PSA.16
  Saved: psalms_16.xml
  Fetching Psalms chapter 17...
  Requesting URL: https://rest.api.bible/v1/bibles/a81b73293d3080c9-01/chapters/PSA.17
  Saved: psalms_17.xml
  Fetching Psalms chapter 18...
  Requesting URL: https://rest.api.bible/v1/bibles/a81b73293d3080c9-01/chapters/PSA.18
  Saved: psalms_18.xml
  Fetching Psalms chapter 19...
  Requesting URL: https://rest.api.bible/v1/bibles/a81b73293d3080c9-01/chapters/PSA.19
  Saved: psalms_19.xml
  Fetching Psalms chapter 20...
  Requesting URL: https://rest.api.bible/v1/bibles/a81b73293d3080c9-01/chapters/PSA.20
  Saved: psalms_20.xml
  Fetching Psalms chapter 21...
  Requesting URL: https://rest.api.bible/v1/bibles/a81b73293d3080c9-01/chapters/PSA.21
  Saved: psalms_21.xml
  Fetching Psalms chapter 22...
  Requesting URL: https://rest.api.bible/v1/bibles/a81b73293d3080c9-01/chapters/PSA.22
  Saved: psalms_22.xml
  Fetching Psalms chapter 23...
  Requesting URL: https://rest.api.bible/v1/bibles/a81b73293d3080c9-01/chapters/PSA.23
  Saved: psalms_23.xml
  Fetching Psalms chapter 24...
  Requesting URL: https://rest.api.bible/v1/bibles/a81b73293d3080c9-01/chapters/PSA.24
  Saved: psalms_24.xml
  Fetching Psalms chapter 25...
  Requesting URL: https://rest.api.bible/v1/bibles/a81b73293d3080c9-01/chapters/PSA.25
  Saved: psalms_25.xml
  Fetching Psalms chapter 26...
  Requesting URL: https://rest.api.bible/v1/bibles/a81b73293d3080c9-01/chapters/PSA.26
  Saved: psalms_26.xml
  Fetching Psalms chapter 27...
  Requesting URL: https://rest.api.bible/v1/bibles/a81b73293d3080c9-01/chapters/PSA.27
  Saved: psalms_27.xml
  Fetching Psalms chapter 28...
  Requesting URL: https://rest.api.bible/v1/bibles/a81b73293d3080c9-01/chapters/PSA.28
  Saved: psalms_28.xml
  Fetching Psalms chapter 29...
  Requesting URL: https://rest.api.bible/v1/bibles/a81b73293d3080c9-01/chapters/PSA.29
  Saved: psalms_29.xml
  Fetching Psalms chapter 30...
  Requesting URL: https://rest.api.bible/v1/bibles/a81b73293d3080c9-01/chapters/PSA.30
  Saved: psalms_30.xml
  Fetching Psalms chapter 31...
  Requesting URL: https://rest.api.bible/v1/bibles/a81b73293d3080c9-01/chapters/PSA.31
  Saved: psalms_31.xml
  Fetching Psalms chapter 32...
  Requesting URL: https://rest.api.bible/v1/bibles/a81b73293d3080c9-01/chapters/PSA.32
  Saved: psalms_32.xml
  Fetching Psalms chapter 33...
  Requesting URL: https://rest.api.bible/v1/bibles/a81b73293d3080c9-01/chapters/PSA.33
  Saved: psalms_33.xml
  Fetching Psalms chapter 34...
  Requesting URL: https://rest.api.bible/v1/bibles/a81b73293d3080c9-01/chapters/PSA.34
  Saved: psalms_34.xml
  Fetching Psalms chapter 35...
  Requesting URL: https://rest.api.bible/v1/bibles/a81b73293d3080c9-01/chapters/PSA.35
  Saved: psalms_35.xml
  Fetching Psalms chapter 36...
  Requesting URL: https://rest.api.bible/v1/bibles/a81b73293d3080c9-01/chapters/PSA.36
  Saved: psalms_36.xml
  Fetching Psalms chapter 37...
  Requesting URL: https://rest.api.bible/v1/bibles/a81b73293d3080c9-01/chapters/PSA.37
  Saved: psalms_37.xml
  Fetching Psalms chapter 38...
  Requesting URL: https://rest.api.bible/v1/bibles/a81b73293d3080c9-01/chapters/PSA.38
  Saved: psalms_38.xml
  Fetching Psalms chapter 39...
  Requesting URL: https://rest.api.bible/v1/bibles/a81b73293d3080c9-01/chapters/PSA.39
  Saved: psalms_39.xml
  Fetching Psalms chapter 40...
  Requesting URL: https://rest.api.bible/v1/bibles/a81b73293d3080c9-01/chapters/PSA.40
  Saved: psalms_40.xml
  Fetching Psalms chapter 41...
  Requesting URL: https://rest.api.bible/v1/bibles/a81b73293d3080c9-01/chapters/PSA.41
  Saved: psalms_41.xml
  Fetching Psalms chapter 42...
  Requesting URL: https://rest.api.bible/v1/bibles/a81b73293d3080c9-01/chapters/PSA.42
  Saved: psalms_42.xml
  Fetching Psalms chapter 43...
  Requesting URL: https://rest.api.bible/v1/bibles/a81b73293d3080c9-01/chapters/PSA.43
  Saved: psalms_43.xml
  Fetching Psalms chapter 44...
  Requesting URL: https://rest.api.bible/v1/bibles/a81b73293d3080c9-01/chapters/PSA.44
  Saved: psalms_44.xml
  Fetching Psalms chapter 45...
  Requesting URL: https://rest.api.bible/v1/bibles/a81b73293d3080c9-01/chapters/PSA.45
  Saved: psalms_45.xml
  Fetching Psalms chapter 46...
  Requesting URL: https://rest.api.bible/v1/bibles/a81b73293d3080c9-01/chapters/PSA.46
  Saved: psalms_46.xml
  Fetching Psalms chapter 47...
  Requesting URL: https://rest.api.bible/v1/bibles/a81b73293d3080c9-01/chapters/PSA.47
  Saved: psalms_47.xml
  Fetching Psalms chapter 48...
  Requesting URL: https://rest.api.bible/v1/bibles/a81b73293d3080c9-01/chapters/PSA.48
  Saved: psalms_48.xml
  Fetching Psalms chapter 49...
  Requesting URL: https://rest.api.bible/v1/bibles/a81b73293d3080c9-01/chapters/PSA.49
  Saved: psalms_49.xml
  Fetching Psalms chapter 50...
  Requesting URL: https://rest.api.bible/v1/bibles/a81b73293d3080c9-01/chapters/PSA.50
  Saved: psalms_50.xml
  Fetching Psalms chapter 51...
  Requesting URL: https://rest.api.bible/v1/bibles/a81b73293d3080c9-01/chapters/PSA.51
  Saved: psalms_51.xml
  Fetching Psalms chapter 52...
  Requesting URL: https://rest.api.bible/v1/bibles/a81b73293d3080c9-01/chapters/PSA.52
  Saved: psalms_52.xml
  Fetching Psalms chapter 53...
  Requesting URL: https://rest.api.bible/v1/bibles/a81b73293d3080c9-01/chapters/PSA.53
  Saved: psalms_53.xml
  Fetching Psalms chapter 54...
  Requesting URL: https://rest.api.bible/v1/bibles/a81b73293d3080c9-01/chapters/PSA.54
  Saved: psalms_54.xml
  Fetching Psalms chapter 55...
  Requesting URL: https://rest.api.bible/v1/bibles/a81b73293d3080c9-01/chapters/PSA.55
  Saved: psalms_55.xml
  Fetching Psalms chapter 56...
  Requesting URL: https://rest.api.bible/v1/bibles/a81b73293d3080c9-01/chapters/PSA.56
  Saved: psalms_56.xml
  Fetching Psalms chapter 57...
  Requesting URL: https://rest.api.bible/v1/bibles/a81b73293d3080c9-01/chapters/PSA.57
  Saved: psalms_57.xml
  Fetching Psalms chapter 58...
  Requesting URL: https://rest.api.bible/v1/bibles/a81b73293d3080c9-01/chapters/PSA.58
  Saved: psalms_58.xml
  Fetching Psalms chapter 59...
  Requesting URL: https://rest.api.bible/v1/bibles/a81b73293d3080c9-01/chapters/PSA.59
  Saved: psalms_59.xml
  Fetching Psalms chapter 60...
  Requesting URL: https://rest.api.bible/v1/bibles/a81b73293d3080c9-01/chapters/PSA.60
  Saved: psalms_60.xml
  Fetching Psalms chapter 61...
  Requesting URL: https://rest.api.bible/v1/bibles/a81b73293d3080c9-01/chapters/PSA.61
  Saved: psalms_61.xml
  Fetching Psalms chapter 62...
  Requesting URL: https://rest.api.bible/v1/bibles/a81b73293d3080c9-01/chapters/PSA.62
  Saved: psalms_62.xml
  Fetching Psalms chapter 63...
  Requesting URL: https://rest.api.bible/v1/bibles/a81b73293d3080c9-01/chapters/PSA.63
  Saved: psalms_63.xml
  Fetching Psalms chapter 64...
  Requesting URL: https://rest.api.bible/v1/bibles/a81b73293d3080c9-01/chapters/PSA.64
  Saved: psalms_64.xml
  Fetching Psalms chapter 65...
  Requesting URL: https://rest.api.bible/v1/bibles/a81b73293d3080c9-01/chapters/PSA.65
  Saved: psalms_65.xml
  Fetching Psalms chapter 66...
  Requesting URL: https://rest.api.bible/v1/bibles/a81b73293d3080c9-01/chapters/PSA.66
  Saved: psalms_66.xml
  Fetching Psalms chapter 67...
  Requesting URL: https://rest.api.bible/v1/bibles/a81b73293d3080c9-01/chapters/PSA.67
  Saved: psalms_67.xml
  Fetching Psalms chapter 68...
  Requesting URL: https://rest.api.bible/v1/bibles/a81b73293d3080c9-01/chapters/PSA.68
  Saved: psalms_68.xml
  Fetching Psalms chapter 69...
  Requesting URL: https://rest.api.bible/v1/bibles/a81b73293d3080c9-01/chapters/PSA.69
  Saved: psalms_69.xml
  Fetching Psalms chapter 70...
  Requesting URL: https://rest.api.bible/v1/bibles/a81b73293d3080c9-01/chapters/PSA.70
  Saved: psalms_70.xml
  Fetching Psalms chapter 71...
  Requesting URL: https://rest.api.bible/v1/bibles/a81b73293d3080c9-01/chapters/PSA.71
  Saved: psalms_71.xml
  Fetching Psalms chapter 72...
  Requesting URL: https://rest.api.bible/v1/bibles/a81b73293d3080c9-01/chapters/PSA.72
  Saved: psalms_72.xml
  Fetching Psalms chapter 73...
  Requesting URL: https://rest.api.bible/v1/bibles/a81b73293d3080c9-01/chapters/PSA.73
  Saved: psalms_73.xml
  Fetching Psalms chapter 74...
  Requesting URL: https://rest.api.bible/v1/bibles/a81b73293d3080c9-01/chapters/PSA.74
  Saved: psalms_74.xml
  Fetching Psalms chapter 75...
  Requesting URL: https://rest.api.bible/v1/bibles/a81b73293d3080c9-01/chapters/PSA.75
  Saved: psalms_75.xml
  Fetching Psalms chapter 76...
  Requesting URL: https://rest.api.bible/v1/bibles/a81b73293d3080c9-01/chapters/PSA.76
  Saved: psalms_76.xml
  Fetching Psalms chapter 77...
  Requesting URL: https://rest.api.bible/v1/bibles/a81b73293d3080c9-01/chapters/PSA.77
  Saved: psalms_77.xml
  Fetching Psalms chapter 78...
  Requesting URL: https://rest.api.bible/v1/bibles/a81b73293d3080c9-01/chapters/PSA.78
  Saved: psalms_78.xml
  Fetching Psalms chapter 79...
  Requesting URL: https://rest.api.bible/v1/bibles/a81b73293d3080c9-01/chapters/PSA.79
  Saved: psalms_79.xml
  Fetching Psalms chapter 80...
  Requesting URL: https://rest.api.bible/v1/bibles/a81b73293d3080c9-01/chapters/PSA.80
  Saved: psalms_80.xml
  Fetching Psalms chapter 81...
  Requesting URL: https://rest.api.bible/v1/bibles/a81b73293d3080c9-01/chapters/PSA.81
  Saved: psalms_81.xml
  Fetching Psalms chapter 82...
  Requesting URL: https://rest.api.bible/v1/bibles/a81b73293d3080c9-01/chapters/PSA.82
  Saved: psalms_82.xml
  Fetching Psalms chapter 83...
  Requesting URL: https://rest.api.bible/v1/bibles/a81b73293d3080c9-01/chapters/PSA.83
  Saved: psalms_83.xml
  Fetching Psalms chapter 84...
  Requesting URL: https://rest.api.bible/v1/bibles/a81b73293d3080c9-01/chapters/PSA.84
  Saved: psalms_84.xml
  Fetching Psalms chapter 85...
  Requesting URL: https://rest.api.bible/v1/bibles/a81b73293d3080c9-01/chapters/PSA.85
  Saved: psalms_85.xml
  Fetching Psalms chapter 86...
  Requesting URL: https://rest.api.bible/v1/bibles/a81b73293d3080c9-01/chapters/PSA.86
  Saved: psalms_86.xml
  Fetching Psalms chapter 87...
  Requesting URL: https://rest.api.bible/v1/bibles/a81b73293d3080c9-01/chapters/PSA.87
  Saved: psalms_87.xml
  Fetching Psalms chapter 88...
  Requesting URL: https://rest.api.bible/v1/bibles/a81b73293d3080c9-01/chapters/PSA.88
  Saved: psalms_88.xml
  Fetching Psalms chapter 89...
  Requesting URL: https://rest.api.bible/v1/bibles/a81b73293d3080c9-01/chapters/PSA.89
  Saved: psalms_89.xml
  Fetching Psalms chapter 90...
  Requesting URL: https://rest.api.bible/v1/bibles/a81b73293d3080c9-01/chapters/PSA.90
  Saved: psalms_90.xml
  Fetching Psalms chapter 91...
  Requesting URL: https://rest.api.bible/v1/bibles/a81b73293d3080c9-01/chapters/PSA.91
  Saved: psalms_91.xml
  Fetching Psalms chapter 92...
  Requesting URL: https://rest.api.bible/v1/bibles/a81b73293d3080c9-01/chapters/PSA.92
  Saved: psalms_92.xml
  Fetching Psalms chapter 93...
  Requesting URL: https://rest.api.bible/v1/bibles/a81b73293d3080c9-01/chapters/PSA.93
  Saved: psalms_93.xml
  Fetching Psalms chapter 94...
  Requesting URL: https://rest.api.bible/v1/bibles/a81b73293d3080c9-01/chapters/PSA.94
  Saved: psalms_94.xml
  Fetching Psalms chapter 95...
  Requesting URL: https://rest.api.bible/v1/bibles/a81b73293d3080c9-01/chapters/PSA.95
  Saved: psalms_95.xml
  Fetching Psalms chapter 96...
  Requesting URL: https://rest.api.bible/v1/bibles/a81b73293d3080c9-01/chapters/PSA.96
  Saved: psalms_96.xml
  Fetching Psalms chapter 97...
  Requesting URL: https://rest.api.bible/v1/bibles/a81b73293d3080c9-01/chapters/PSA.97
  Saved: psalms_97.xml
  Fetching Psalms chapter 98...
  Requesting URL: https://rest.api.bible/v1/bibles/a81b73293d3080c9-01/chapters/PSA.98
  Saved: psalms_98.xml
  Fetching Psalms chapter 99...
  Requesting URL: https://rest.api.bible/v1/bibles/a81b73293d3080c9-01/chapters/PSA.99
  Saved: psalms_99.xml
  Fetching Psalms chapter 100...
  Requesting URL: https://rest.api.bible/v1/bibles/a81b73293d3080c9-01/chapters/PSA.100
  Saved: psalms_100.xml
  Fetching Psalms chapter 101...
  Requesting URL: https://rest.api.bible/v1/bibles/a81b73293d3080c9-01/chapters/PSA.101
  Saved: psalms_101.xml
  Fetching Psalms chapter 102...
  Requesting URL: https://rest.api.bible/v1/bibles/a81b73293d3080c9-01/chapters/PSA.102
  Saved: psalms_102.xml
  Fetching Psalms chapter 103...
  Requesting URL: https://rest.api.bible/v1/bibles/a81b73293d3080c9-01/chapters/PSA.103
  Saved: psalms_103.xml
  Fetching Psalms chapter 104...
  Requesting URL: https://rest.api.bible/v1/bibles/a81b73293d3080c9-01/chapters/PSA.104
  Saved: psalms_104.xml
  Fetching Psalms chapter 105...
  Requesting URL: https://rest.api.bible/v1/bibles/a81b73293d3080c9-01/chapters/PSA.105
  Saved: psalms_105.xml
  Fetching Psalms chapter 106...
  Requesting URL: https://rest.api.bible/v1/bibles/a81b73293d3080c9-01/chapters/PSA.106
  Saved: psalms_106.xml
  Fetching Psalms chapter 107...
  Requesting URL: https://rest.api.bible/v1/bibles/a81b73293d3080c9-01/chapters/PSA.107
  Saved: psalms_107.xml
  Fetching Psalms chapter 108...
  Requesting URL: https://rest.api.bible/v1/bibles/a81b73293d3080c9-01/chapters/PSA.108
  Saved: psalms_108.xml
  Fetching Psalms chapter 109...
  Requesting URL: https://rest.api.bible/v1/bibles/a81b73293d3080c9-01/chapters/PSA.109
  Saved: psalms_109.xml
  Fetching Psalms chapter 110...
  Requesting URL: https://rest.api.bible/v1/bibles/a81b73293d3080c9-01/chapters/PSA.110
  Saved: psalms_110.xml
  Fetching Psalms chapter 111...
  Requesting URL: https://rest.api.bible/v1/bibles/a81b73293d3080c9-01/chapters/PSA.111
  Saved: psalms_111.xml
  Fetching Psalms chapter 112...
  Requesting URL: https://rest.api.bible/v1/bibles/a81b73293d3080c9-01/chapters/PSA.112
  Saved: psalms_112.xml
  Fetching Psalms chapter 113...
  Requesting URL: https://rest.api.bible/v1/bibles/a81b73293d3080c9-01/chapters/PSA.113
  Saved: psalms_113.xml
  Fetching Psalms chapter 114...
  Requesting URL: https://rest.api.bible/v1/bibles/a81b73293d3080c9-01/chapters/PSA.114
  Saved: psalms_114.xml
  Fetching Psalms chapter 115...
  Requesting URL: https://rest.api.bible/v1/bibles/a81b73293d3080c9-01/chapters/PSA.115
  Saved: psalms_115.xml
  Fetching Psalms chapter 116...
  Requesting URL: https://rest.api.bible/v1/bibles/a81b73293d3080c9-01/chapters/PSA.116
  Saved: psalms_116.xml
  Fetching Psalms chapter 117...
  Requesting URL: https://rest.api.bible/v1/bibles/a81b73293d3080c9-01/chapters/PSA.117
  Saved: psalms_117.xml
  Fetching Psalms chapter 118...
  Requesting URL: https://rest.api.bible/v1/bibles/a81b73293d3080c9-01/chapters/PSA.118
  Saved: psalms_118.xml
  Fetching Psalms chapter 119...
  Requesting URL: https://rest.api.bible/v1/bibles/a81b73293d3080c9-01/chapters/PSA.119
  Saved: psalms_119.xml
  Fetching Psalms chapter 120...
  Requesting URL: https://rest.api.bible/v1/bibles/a81b73293d3080c9-01/chapters/PSA.120
  Saved: psalms_120.xml
  Fetching Psalms chapter 121...
  Requesting URL: https://rest.api.bible/v1/bibles/a81b73293d3080c9-01/chapters/PSA.121
  Saved: psalms_121.xml
  Fetching Psalms chapter 122...
  Requesting URL: https://rest.api.bible/v1/bibles/a81b73293d3080c9-01/chapters/PSA.122
  Saved: psalms_122.xml
  Fetching Psalms chapter 123...
  Requesting URL: https://rest.api.bible/v1/bibles/a81b73293d3080c9-01/chapters/PSA.123
  Saved: psalms_123.xml
  Fetching Psalms chapter 124...
  Requesting URL: https://rest.api.bible/v1/bibles/a81b73293d3080c9-01/chapters/PSA.124
  Saved: psalms_124.xml
  Fetching Psalms chapter 125...
  Requesting URL: https://rest.api.bible/v1/bibles/a81b73293d3080c9-01/chapters/PSA.125
  Saved: psalms_125.xml
  Fetching Psalms chapter 126...
  Requesting URL: https://rest.api.bible/v1/bibles/a81b73293d3080c9-01/chapters/PSA.126
  Saved: psalms_126.xml
  Fetching Psalms chapter 127...
  Requesting URL: https://rest.api.bible/v1/bibles/a81b73293d3080c9-01/chapters/PSA.127
  Saved: psalms_127.xml
  Fetching Psalms chapter 128...
  Requesting URL: https://rest.api.bible/v1/bibles/a81b73293d3080c9-01/chapters/PSA.128
  Saved: psalms_128.xml
  Fetching Psalms chapter 129...
  Requesting URL: https://rest.api.bible/v1/bibles/a81b73293d3080c9-01/chapters/PSA.129
  Saved: psalms_129.xml
  Fetching Psalms chapter 130...
  Requesting URL: https://rest.api.bible/v1/bibles/a81b73293d3080c9-01/chapters/PSA.130
  Saved: psalms_130.xml
  Fetching Psalms chapter 131...
  Requesting URL: https://rest.api.bible/v1/bibles/a81b73293d3080c9-01/chapters/PSA.131
  Saved: psalms_131.xml
  Fetching Psalms chapter 132...
  Requesting URL: https://rest.api.bible/v1/bibles/a81b73293d3080c9-01/chapters/PSA.132
  Saved: psalms_132.xml
  Fetching Psalms chapter 133...
  Requesting URL: https://rest.api.bible/v1/bibles/a81b73293d3080c9-01/chapters/PSA.133
  Saved: psalms_133.xml
  Fetching Psalms chapter 134...
  Requesting URL: https://rest.api.bible/v1/bibles/a81b73293d3080c9-01/chapters/PSA.134
  Saved: psalms_134.xml
  Fetching Psalms chapter 135...
  Requesting URL: https://rest.api.bible/v1/bibles/a81b73293d3080c9-01/chapters/PSA.135
  Saved: psalms_135.xml
  Fetching Psalms chapter 136...
  Requesting URL: https://rest.api.bible/v1/bibles/a81b73293d3080c9-01/chapters/PSA.136
  Saved: psalms_136.xml
  Fetching Psalms chapter 137...
  Requesting URL: https://rest.api.bible/v1/bibles/a81b73293d3080c9-01/chapters/PSA.137
  Saved: psalms_137.xml
  Fetching Psalms chapter 138...
  Requesting URL: https://rest.api.bible/v1/bibles/a81b73293d3080c9-01/chapters/PSA.138
  Saved: psalms_138.xml
  Fetching Psalms chapter 139...
  Requesting URL: https://rest.api.bible/v1/bibles/a81b73293d3080c9-01/chapters/PSA.139
  Saved: psalms_139.xml
  Fetching Psalms chapter 140...
  Requesting URL: https://rest.api.bible/v1/bibles/a81b73293d3080c9-01/chapters/PSA.140
  Saved: psalms_140.xml
  Fetching Psalms chapter 141...
  Requesting URL: https://rest.api.bible/v1/bibles/a81b73293d3080c9-01/chapters/PSA.141
  Saved: psalms_141.xml
  Fetching Psalms chapter 142...
  Requesting URL: https://rest.api.bible/v1/bibles/a81b73293d3080c9-01/chapters/PSA.142
  Saved: psalms_142.xml
  Fetching Psalms chapter 143...
  Requesting URL: https://rest.api.bible/v1/bibles/a81b73293d3080c9-01/chapters/PSA.143
  Saved: psalms_143.xml
  Fetching Psalms chapter 144...
  Requesting URL: https://rest.api.bible/v1/bibles/a81b73293d3080c9-01/chapters/PSA.144
  Saved: psalms_144.xml
  Fetching Psalms chapter 145...
  Requesting URL: https://rest.api.bible/v1/bibles/a81b73293d3080c9-01/chapters/PSA.145
  Saved: psalms_145.xml
  Fetching Psalms chapter 146...
  Requesting URL: https://rest.api.bible/v1/bibles/a81b73293d3080c9-01/chapters/PSA.146
  Saved: psalms_146.xml
  Fetching Psalms chapter 147...
  Requesting URL: https://rest.api.bible/v1/bibles/a81b73293d3080c9-01/chapters/PSA.147
  Saved: psalms_147.xml
  Fetching Psalms chapter 148...
  Requesting URL: https://rest.api.bible/v1/bibles/a81b73293d3080c9-01/chapters/PSA.148
  Saved: psalms_148.xml
  Fetching Psalms chapter 149...
  Requesting URL: https://rest.api.bible/v1/bibles/a81b73293d3080c9-01/chapters/PSA.149
  Saved: psalms_149.xml
  Fetching Psalms chapter 150...
  Requesting URL: https://rest.api.bible/v1/bibles/a81b73293d3080c9-01/chapters/PSA.150
  Saved: psalms_150.xml

Processing Proverbs for AMP...
  Fetching Proverbs chapter 1...
  Requesting URL: https://rest.api.bible/v1/bibles/a81b73293d3080c9-01/chapters/PRO.1
  Saved: proverbs_1.xml
  Fetching Proverbs chapter 2...
  Requesting URL: https://rest.api.bible/v1/bibles/a81b73293d3080c9-01/chapters/PRO.2
  Saved: proverbs_2.xml
  Fetching Proverbs chapter 3...
  Requesting URL: https://rest.api.bible/v1/bibles/a81b73293d3080c9-01/chapters/PRO.3
  Saved: proverbs_3.xml
  Fetching Proverbs chapter 4...
  Requesting URL: https://rest.api.bible/v1/bibles/a81b73293d3080c9-01/chapters/PRO.4
  Saved: proverbs_4.xml
  Fetching Proverbs chapter 5...
  Requesting URL: https://rest.api.bible/v1/bibles/a81b73293d3080c9-01/chapters/PRO.5
  Saved: proverbs_5.xml
  Fetching Proverbs chapter 6...
  Requesting URL: https://rest.api.bible/v1/bibles/a81b73293d3080c9-01/chapters/PRO.6
  Saved: proverbs_6.xml
  Fetching Proverbs chapter 7...
  Requesting URL: https://rest.api.bible/v1/bibles/a81b73293d3080c9-01/chapters/PRO.7
  Saved: proverbs_7.xml
  Fetching Proverbs chapter 8...
  Requesting URL: https://rest.api.bible/v1/bibles/a81b73293d3080c9-01/chapters/PRO.8
  Saved: proverbs_8.xml
  Fetching Proverbs chapter 9...
  Requesting URL: https://rest.api.bible/v1/bibles/a81b73293d3080c9-01/chapters/PRO.9
  Saved: proverbs_9.xml
  Fetching Proverbs chapter 10...
  Requesting URL: https://rest.api.bible/v1/bibles/a81b73293d3080c9-01/chapters/PRO.10
  Saved: proverbs_10.xml
  Fetching Proverbs chapter 11...
  Requesting URL: https://rest.api.bible/v1/bibles/a81b73293d3080c9-01/chapters/PRO.11
  Saved: proverbs_11.xml
  Fetching Proverbs chapter 12...
  Requesting URL: https://rest.api.bible/v1/bibles/a81b73293d3080c9-01/chapters/PRO.12
  Saved: proverbs_12.xml
  Fetching Proverbs chapter 13...
  Requesting URL: https://rest.api.bible/v1/bibles/a81b73293d3080c9-01/chapters/PRO.13
  Saved: proverbs_13.xml
  Fetching Proverbs chapter 14...
  Requesting URL: https://rest.api.bible/v1/bibles/a81b73293d3080c9-01/chapters/PRO.14
  Saved: proverbs_14.xml
  Fetching Proverbs chapter 15...
  Requesting URL: https://rest.api.bible/v1/bibles/a81b73293d3080c9-01/chapters/PRO.15
  Saved: proverbs_15.xml
  Fetching Proverbs chapter 16...
  Requesting URL: https://rest.api.bible/v1/bibles/a81b73293d3080c9-01/chapters/PRO.16
  Saved: proverbs_16.xml
  Fetching Proverbs chapter 17...
  Requesting URL: https://rest.api.bible/v1/bibles/a81b73293d3080c9-01/chapters/PRO.17
  Saved: proverbs_17.xml
  Fetching Proverbs chapter 18...
  Requesting URL: https://rest.api.bible/v1/bibles/a81b73293d3080c9-01/chapters/PRO.18
  Saved: proverbs_18.xml
  Fetching Proverbs chapter 19...
  Requesting URL: https://rest.api.bible/v1/bibles/a81b73293d3080c9-01/chapters/PRO.19
  Saved: proverbs_19.xml
  Fetching Proverbs chapter 20...
  Requesting URL: https://rest.api.bible/v1/bibles/a81b73293d3080c9-01/chapters/PRO.20
  Saved: proverbs_20.xml
  Fetching Proverbs chapter 21...
  Requesting URL: https://rest.api.bible/v1/bibles/a81b73293d3080c9-01/chapters/PRO.21
  Saved: proverbs_21.xml
  Fetching Proverbs chapter 22...
  Requesting URL: https://rest.api.bible/v1/bibles/a81b73293d3080c9-01/chapters/PRO.22
  Saved: proverbs_22.xml
  Fetching Proverbs chapter 23...
  Requesting URL: https://rest.api.bible/v1/bibles/a81b73293d3080c9-01/chapters/PRO.23
  Saved: proverbs_23.xml
  Fetching Proverbs chapter 24...
  Requesting URL: https://rest.api.bible/v1/bibles/a81b73293d3080c9-01/chapters/PRO.24
  Saved: proverbs_24.xml
  Fetching Proverbs chapter 25...
  Requesting URL: https://rest.api.bible/v1/bibles/a81b73293d3080c9-01/chapters/PRO.25
  Saved: proverbs_25.xml
  Fetching Proverbs chapter 26...
  Requesting URL: https://rest.api.bible/v1/bibles/a81b73293d3080c9-01/chapters/PRO.26
  Saved: proverbs_26.xml
  Fetching Proverbs chapter 27...
  Requesting URL: https://rest.api.bible/v1/bibles/a81b73293d3080c9-01/chapters/PRO.27
  Saved: proverbs_27.xml
  Fetching Proverbs chapter 28...
  Requesting URL: https://rest.api.bible/v1/bibles/a81b73293d3080c9-01/chapters/PRO.28
  Saved: proverbs_28.xml
  Fetching Proverbs chapter 29...
  Requesting URL: https://rest.api.bible/v1/bibles/a81b73293d3080c9-01/chapters/PRO.29
  Saved: proverbs_29.xml
  Fetching Proverbs chapter 30...
  Requesting URL: https://rest.api.bible/v1/bibles/a81b73293d3080c9-01/chapters/PRO.30
  Saved: proverbs_30.xml
  Fetching Proverbs chapter 31...
  Requesting URL: https://rest.api.bible/v1/bibles/a81b73293d3080c9-01/chapters/PRO.31
  Saved: proverbs_31.xml

Processing Ecclesiastes for AMP...
  Fetching Ecclesiastes chapter 1...
  Requesting URL: https://rest.api.bible/v1/bibles/a81b73293d3080c9-01/chapters/ECC.1
  Saved: ecclesiastes_1.xml
  Fetching Ecclesiastes chapter 2...
  Requesting URL: https://rest.api.bible/v1/bibles/a81b73293d3080c9-01/chapters/ECC.2
  Saved: ecclesiastes_2.xml
  Fetching Ecclesiastes chapter 3...
  Requesting URL: https://rest.api.bible/v1/bibles/a81b73293d3080c9-01/chapters/ECC.3
  Saved: ecclesiastes_3.xml
  Fetching Ecclesiastes chapter 4...
  Requesting URL: https://rest.api.bible/v1/bibles/a81b73293d3080c9-01/chapters/ECC.4
  Saved: ecclesiastes_4.xml
  Fetching Ecclesiastes chapter 5...
  Requesting URL: https://rest.api.bible/v1/bibles/a81b73293d3080c9-01/chapters/ECC.5
  Saved: ecclesiastes_5.xml
  Fetching Ecclesiastes chapter 6...
  Requesting URL: https://rest.api.bible/v1/bibles/a81b73293d3080c9-01/chapters/ECC.6
  Saved: ecclesiastes_6.xml
  Fetching Ecclesiastes chapter 7...
  Requesting URL: https://rest.api.bible/v1/bibles/a81b73293d3080c9-01/chapters/ECC.7
  Saved: ecclesiastes_7.xml
  Fetching Ecclesiastes chapter 8...
  Requesting URL: https://rest.api.bible/v1/bibles/a81b73293d3080c9-01/chapters/ECC.8
  Saved: ecclesiastes_8.xml
  Fetching Ecclesiastes chapter 9...
  Requesting URL: https://rest.api.bible/v1/bibles/a81b73293d3080c9-01/chapters/ECC.9
  Saved: ecclesiastes_9.xml
  Fetching Ecclesiastes chapter 10...
  Requesting URL: https://rest.api.bible/v1/bibles/a81b73293d3080c9-01/chapters/ECC.10
  Saved: ecclesiastes_10.xml
  Fetching Ecclesiastes chapter 11...
  Requesting URL: https://rest.api.bible/v1/bibles/a81b73293d3080c9-01/chapters/ECC.11
  Saved: ecclesiastes_11.xml
  Fetching Ecclesiastes chapter 12...
  Requesting URL: https://rest.api.bible/v1/bibles/a81b73293d3080c9-01/chapters/ECC.12
  Saved: ecclesiastes_12.xml

Processing Song of Solomon for AMP...
  Fetching Song of Solomon chapter 1...
  Requesting URL: https://rest.api.bible/v1/bibles/a81b73293d3080c9-01/chapters/SNG.1
  Saved: song_of_solomon_1.xml
  Fetching Song of Solomon chapter 2...
  Requesting URL: https://rest.api.bible/v1/bibles/a81b73293d3080c9-01/chapters/SNG.2
  Saved: song_of_solomon_2.xml
  Fetching Song of Solomon chapter 3...
  Requesting URL: https://rest.api.bible/v1/bibles/a81b73293d3080c9-01/chapters/SNG.3
  Saved: song_of_solomon_3.xml
  Fetching Song of Solomon chapter 4...
  Requesting URL: https://rest.api.bible/v1/bibles/a81b73293d3080c9-01/chapters/SNG.4
  Saved: song_of_solomon_4.xml
  Fetching Song of Solomon chapter 5...
  Requesting URL: https://rest.api.bible/v1/bibles/a81b73293d3080c9-01/chapters/SNG.5
  Saved: song_of_solomon_5.xml
  Fetching Song of Solomon chapter 6...
  Requesting URL: https://rest.api.bible/v1/bibles/a81b73293d3080c9-01/chapters/SNG.6
  Saved: song_of_solomon_6.xml
  Fetching Song of Solomon chapter 7...
  Requesting URL: https://rest.api.bible/v1/bibles/a81b73293d3080c9-01/chapters/SNG.7
  Saved: song_of_solomon_7.xml
  Fetching Song of Solomon chapter 8...
  Requesting URL: https://rest.api.bible/v1/bibles/a81b73293d3080c9-01/chapters/SNG.8
  Saved: song_of_solomon_8.xml

Processing Isaiah for AMP...
  Fetching Isaiah chapter 1...
  Requesting URL: https://rest.api.bible/v1/bibles/a81b73293d3080c9-01/chapters/ISA.1
  Saved: isaiah_1.xml
  Fetching Isaiah chapter 2...
  Requesting URL: https://rest.api.bible/v1/bibles/a81b73293d3080c9-01/chapters/ISA.2
  Saved: isaiah_2.xml
  Fetching Isaiah chapter 3...
  Requesting URL: https://rest.api.bible/v1/bibles/a81b73293d3080c9-01/chapters/ISA.3
  Saved: isaiah_3.xml
  Fetching Isaiah chapter 4...
  Requesting URL: https://rest.api.bible/v1/bibles/a81b73293d3080c9-01/chapters/ISA.4
  Saved: isaiah_4.xml
  Fetching Isaiah chapter 5...
  Requesting URL: https://rest.api.bible/v1/bibles/a81b73293d3080c9-01/chapters/ISA.5
  Saved: isaiah_5.xml
  Fetching Isaiah chapter 6...
  Requesting URL: https://rest.api.bible/v1/bibles/a81b73293d3080c9-01/chapters/ISA.6
  Saved: isaiah_6.xml
  Fetching Isaiah chapter 7...
  Requesting URL: https://rest.api.bible/v1/bibles/a81b73293d3080c9-01/chapters/ISA.7
  Saved: isaiah_7.xml
  Fetching Isaiah chapter 8...
  Requesting URL: https://rest.api.bible/v1/bibles/a81b73293d3080c9-01/chapters/ISA.8
  Saved: isaiah_8.xml
  Fetching Isaiah chapter 9...
  Requesting URL: https://rest.api.bible/v1/bibles/a81b73293d3080c9-01/chapters/ISA.9
  Saved: isaiah_9.xml
  Fetching Isaiah chapter 10...
  Requesting URL: https://rest.api.bible/v1/bibles/a81b73293d3080c9-01/chapters/ISA.10
  Saved: isaiah_10.xml
  Fetching Isaiah chapter 11...
  Requesting URL: https://rest.api.bible/v1/bibles/a81b73293d3080c9-01/chapters/ISA.11
  Saved: isaiah_11.xml
  Fetching Isaiah chapter 12...
  Requesting URL: https://rest.api.bible/v1/bibles/a81b73293d3080c9-01/chapters/ISA.12
  Saved: isaiah_12.xml
  Fetching Isaiah chapter 13...
  Requesting URL: https://rest.api.bible/v1/bibles/a81b73293d3080c9-01/chapters/ISA.13
  Saved: isaiah_13.xml
  Fetching Isaiah chapter 14...
  Requesting URL: https://rest.api.bible/v1/bibles/a81b73293d3080c9-01/chapters/ISA.14
  Saved: isaiah_14.xml
  Fetching Isaiah chapter 15...
  Requesting URL: https://rest.api.bible/v1/bibles/a81b73293d3080c9-01/chapters/ISA.15
  Saved: isaiah_15.xml
  Fetching Isaiah chapter 16...
  Requesting URL: https://rest.api.bible/v1/bibles/a81b73293d3080c9-01/chapters/ISA.16
  Saved: isaiah_16.xml
  Fetching Isaiah chapter 17...
  Requesting URL: https://rest.api.bible/v1/bibles/a81b73293d3080c9-01/chapters/ISA.17
  Saved: isaiah_17.xml
  Fetching Isaiah chapter 18...
  Requesting URL: https://rest.api.bible/v1/bibles/a81b73293d3080c9-01/chapters/ISA.18
  Saved: isaiah_18.xml
  Fetching Isaiah chapter 19...
  Requesting URL: https://rest.api.bible/v1/bibles/a81b73293d3080c9-01/chapters/ISA.19
  Saved: isaiah_19.xml
  Fetching Isaiah chapter 20...
  Requesting URL: https://rest.api.bible/v1/bibles/a81b73293d3080c9-01/chapters/ISA.20
  Saved: isaiah_20.xml
  Fetching Isaiah chapter 21...
  Requesting URL: https://rest.api.bible/v1/bibles/a81b73293d3080c9-01/chapters/ISA.21
  Saved: isaiah_21.xml
  Fetching Isaiah chapter 22...
  Requesting URL: https://rest.api.bible/v1/bibles/a81b73293d3080c9-01/chapters/ISA.22
  Saved: isaiah_22.xml
  Fetching Isaiah chapter 23...
  Requesting URL: https://rest.api.bible/v1/bibles/a81b73293d3080c9-01/chapters/ISA.23
  Saved: isaiah_23.xml
  Fetching Isaiah chapter 24...
  Requesting URL: https://rest.api.bible/v1/bibles/a81b73293d3080c9-01/chapters/ISA.24
  Saved: isaiah_24.xml
  Fetching Isaiah chapter 25...
  Requesting URL: https://rest.api.bible/v1/bibles/a81b73293d3080c9-01/chapters/ISA.25
  Saved: isaiah_25.xml
  Fetching Isaiah chapter 26...
  Requesting URL: https://rest.api.bible/v1/bibles/a81b73293d3080c9-01/chapters/ISA.26
  Saved: isaiah_26.xml
  Fetching Isaiah chapter 27...
  Requesting URL: https://rest.api.bible/v1/bibles/a81b73293d3080c9-01/chapters/ISA.27
  Saved: isaiah_27.xml
  Fetching Isaiah chapter 28...
  Requesting URL: https://rest.api.bible/v1/bibles/a81b73293d3080c9-01/chapters/ISA.28
  Saved: isaiah_28.xml
  Fetching Isaiah chapter 29...
  Requesting URL: https://rest.api.bible/v1/bibles/a81b73293d3080c9-01/chapters/ISA.29
  Saved: isaiah_29.xml
  Fetching Isaiah chapter 30...
  Requesting URL: https://rest.api.bible/v1/bibles/a81b73293d3080c9-01/chapters/ISA.30
  Saved: isaiah_30.xml
  Fetching Isaiah chapter 31...
  Requesting URL: https://rest.api.bible/v1/bibles/a81b73293d3080c9-01/chapters/ISA.31
  Saved: isaiah_31.xml
  Fetching Isaiah chapter 32...
  Requesting URL: https://rest.api.bible/v1/bibles/a81b73293d3080c9-01/chapters/ISA.32
  Saved: isaiah_32.xml
  Fetching Isaiah chapter 33...
  Requesting URL: https://rest.api.bible/v1/bibles/a81b73293d3080c9-01/chapters/ISA.33
  Saved: isaiah_33.xml
  Fetching Isaiah chapter 34...
  Requesting URL: https://rest.api.bible/v1/bibles/a81b73293d3080c9-01/chapters/ISA.34
  Saved: isaiah_34.xml
  Fetching Isaiah chapter 35...
  Requesting URL: https://rest.api.bible/v1/bibles/a81b73293d3080c9-01/chapters/ISA.35
  Saved: isaiah_35.xml
  Fetching Isaiah chapter 36...
  Requesting URL: https://rest.api.bible/v1/bibles/a81b73293d3080c9-01/chapters/ISA.36
  Saved: isaiah_36.xml
  Fetching Isaiah chapter 37...
  Requesting URL: https://rest.api.bible/v1/bibles/a81b73293d3080c9-01/chapters/ISA.37
  Saved: isaiah_37.xml
  Fetching Isaiah chapter 38...
  Requesting URL: https://rest.api.bible/v1/bibles/a81b73293d3080c9-01/chapters/ISA.38
  Saved: isaiah_38.xml
  Fetching Isaiah chapter 39...
  Requesting URL: https://rest.api.bible/v1/bibles/a81b73293d3080c9-01/chapters/ISA.39
  Saved: isaiah_39.xml
  Fetching Isaiah chapter 40...
  Requesting URL: https://rest.api.bible/v1/bibles/a81b73293d3080c9-01/chapters/ISA.40
  Saved: isaiah_40.xml
  Fetching Isaiah chapter 41...
  Requesting URL: https://rest.api.bible/v1/bibles/a81b73293d3080c9-01/chapters/ISA.41
  Saved: isaiah_41.xml
  Fetching Isaiah chapter 42...
  Requesting URL: https://rest.api.bible/v1/bibles/a81b73293d3080c9-01/chapters/ISA.42
  Saved: isaiah_42.xml
  Fetching Isaiah chapter 43...
  Requesting URL: https://rest.api.bible/v1/bibles/a81b73293d3080c9-01/chapters/ISA.43
  Saved: isaiah_43.xml
  Fetching Isaiah chapter 44...
  Requesting URL: https://rest.api.bible/v1/bibles/a81b73293d3080c9-01/chapters/ISA.44
  Saved: isaiah_44.xml
  Fetching Isaiah chapter 45...
  Requesting URL: https://rest.api.bible/v1/bibles/a81b73293d3080c9-01/chapters/ISA.45
  Saved: isaiah_45.xml
  Fetching Isaiah chapter 46...
  Requesting URL: https://rest.api.bible/v1/bibles/a81b73293d3080c9-01/chapters/ISA.46
  Saved: isaiah_46.xml
  Fetching Isaiah chapter 47...
  Requesting URL: https://rest.api.bible/v1/bibles/a81b73293d3080c9-01/chapters/ISA.47
  Saved: isaiah_47.xml
  Fetching Isaiah chapter 48...
  Requesting URL: https://rest.api.bible/v1/bibles/a81b73293d3080c9-01/chapters/ISA.48
  Saved: isaiah_48.xml
  Fetching Isaiah chapter 49...
  Requesting URL: https://rest.api.bible/v1/bibles/a81b73293d3080c9-01/chapters/ISA.49
  Saved: isaiah_49.xml
  Fetching Isaiah chapter 50...
  Requesting URL: https://rest.api.bible/v1/bibles/a81b73293d3080c9-01/chapters/ISA.50
  Saved: isaiah_50.xml
  Fetching Isaiah chapter 51...
  Requesting URL: https://rest.api.bible/v1/bibles/a81b73293d3080c9-01/chapters/ISA.51
  Saved: isaiah_51.xml
  Fetching Isaiah chapter 52...
  Requesting URL: https://rest.api.bible/v1/bibles/a81b73293d3080c9-01/chapters/ISA.52
  Saved: isaiah_52.xml
  Fetching Isaiah chapter 53...
  Requesting URL: https://rest.api.bible/v1/bibles/a81b73293d3080c9-01/chapters/ISA.53
  Saved: isaiah_53.xml
  Fetching Isaiah chapter 54...
  Requesting URL: https://rest.api.bible/v1/bibles/a81b73293d3080c9-01/chapters/ISA.54
  Saved: isaiah_54.xml
  Fetching Isaiah chapter 55...
  Requesting URL: https://rest.api.bible/v1/bibles/a81b73293d3080c9-01/chapters/ISA.55
  Saved: isaiah_55.xml
  Fetching Isaiah chapter 56...
  Requesting URL: https://rest.api.bible/v1/bibles/a81b73293d3080c9-01/chapters/ISA.56
  Saved: isaiah_56.xml
  Fetching Isaiah chapter 57...
  Requesting URL: https://rest.api.bible/v1/bibles/a81b73293d3080c9-01/chapters/ISA.57
  Saved: isaiah_57.xml
  Fetching Isaiah chapter 58...
  Requesting URL: https://rest.api.bible/v1/bibles/a81b73293d3080c9-01/chapters/ISA.58
  Saved: isaiah_58.xml
  Fetching Isaiah chapter 59...
  Requesting URL: https://rest.api.bible/v1/bibles/a81b73293d3080c9-01/chapters/ISA.59
  Saved: isaiah_59.xml
  Fetching Isaiah chapter 60...
  Requesting URL: https://rest.api.bible/v1/bibles/a81b73293d3080c9-01/chapters/ISA.60
  Saved: isaiah_60.xml
  Fetching Isaiah chapter 61...
  Requesting URL: https://rest.api.bible/v1/bibles/a81b73293d3080c9-01/chapters/ISA.61
  Saved: isaiah_61.xml
  Fetching Isaiah chapter 62...
  Requesting URL: https://rest.api.bible/v1/bibles/a81b73293d3080c9-01/chapters/ISA.62
  Saved: isaiah_62.xml
  Fetching Isaiah chapter 63...
  Requesting URL: https://rest.api.bible/v1/bibles/a81b73293d3080c9-01/chapters/ISA.63
  Saved: isaiah_63.xml
  Fetching Isaiah chapter 64...
  Requesting URL: https://rest.api.bible/v1/bibles/a81b73293d3080c9-01/chapters/ISA.64
  Saved: isaiah_64.xml
  Fetching Isaiah chapter 65...
  Requesting URL: https://rest.api.bible/v1/bibles/a81b73293d3080c9-01/chapters/ISA.65
  Saved: isaiah_65.xml
  Fetching Isaiah chapter 66...
  Requesting URL: https://rest.api.bible/v1/bibles/a81b73293d3080c9-01/chapters/ISA.66
  Saved: isaiah_66.xml

Processing Jeremiah for AMP...
  Fetching Jeremiah chapter 1...
  Requesting URL: https://rest.api.bible/v1/bibles/a81b73293d3080c9-01/chapters/JER.1
  Saved: jeremiah_1.xml
  Fetching Jeremiah chapter 2...
  Requesting URL: https://rest.api.bible/v1/bibles/a81b73293d3080c9-01/chapters/JER.2
  Saved: jeremiah_2.xml
  Fetching Jeremiah chapter 3...
  Requesting URL: https://rest.api.bible/v1/bibles/a81b73293d3080c9-01/chapters/JER.3
  Saved: jeremiah_3.xml
  Fetching Jeremiah chapter 4...
  Requesting URL: https://rest.api.bible/v1/bibles/a81b73293d3080c9-01/chapters/JER.4
  Saved: jeremiah_4.xml
  Fetching Jeremiah chapter 5...
  Requesting URL: https://rest.api.bible/v1/bibles/a81b73293d3080c9-01/chapters/JER.5
  Saved: jeremiah_5.xml
  Fetching Jeremiah chapter 6...
  Requesting URL: https://rest.api.bible/v1/bibles/a81b73293d3080c9-01/chapters/JER.6
  Saved: jeremiah_6.xml
  Fetching Jeremiah chapter 7...
  Requesting URL: https://rest.api.bible/v1/bibles/a81b73293d3080c9-01/chapters/JER.7
  Saved: jeremiah_7.xml
  Fetching Jeremiah chapter 8...
  Requesting URL: https://rest.api.bible/v1/bibles/a81b73293d3080c9-01/chapters/JER.8
  Saved: jeremiah_8.xml
  Fetching Jeremiah chapter 9...
  Requesting URL: https://rest.api.bible/v1/bibles/a81b73293d3080c9-01/chapters/JER.9
  Saved: jeremiah_9.xml
  Fetching Jeremiah chapter 10...
  Requesting URL: https://rest.api.bible/v1/bibles/a81b73293d3080c9-01/chapters/JER.10
  Saved: jeremiah_10.xml
  Fetching Jeremiah chapter 11...
  Requesting URL: https://rest.api.bible/v1/bibles/a81b73293d3080c9-01/chapters/JER.11
  Saved: jeremiah_11.xml
  Fetching Jeremiah chapter 12...
  Requesting URL: https://rest.api.bible/v1/bibles/a81b73293d3080c9-01/chapters/JER.12
  Saved: jeremiah_12.xml
  Fetching Jeremiah chapter 13...
  Requesting URL: https://rest.api.bible/v1/bibles/a81b73293d3080c9-01/chapters/JER.13
  Saved: jeremiah_13.xml
  Fetching Jeremiah chapter 14...
  Requesting URL: https://rest.api.bible/v1/bibles/a81b73293d3080c9-01/chapters/JER.14
  Saved: jeremiah_14.xml
  Fetching Jeremiah chapter 15...
  Requesting URL: https://rest.api.bible/v1/bibles/a81b73293d3080c9-01/chapters/JER.15
  Saved: jeremiah_15.xml
  Fetching Jeremiah chapter 16...
  Requesting URL: https://rest.api.bible/v1/bibles/a81b73293d3080c9-01/chapters/JER.16
  Saved: jeremiah_16.xml
  Fetching Jeremiah chapter 17...
  Requesting URL: https://rest.api.bible/v1/bibles/a81b73293d3080c9-01/chapters/JER.17
  Saved: jeremiah_17.xml
  Fetching Jeremiah chapter 18...
  Requesting URL: https://rest.api.bible/v1/bibles/a81b73293d3080c9-01/chapters/JER.18
  Saved: jeremiah_18.xml
  Fetching Jeremiah chapter 19...
  Requesting URL: https://rest.api.bible/v1/bibles/a81b73293d3080c9-01/chapters/JER.19
  Saved: jeremiah_19.xml
  Fetching Jeremiah chapter 20...
  Requesting URL: https://rest.api.bible/v1/bibles/a81b73293d3080c9-01/chapters/JER.20
  Saved: jeremiah_20.xml
  Fetching Jeremiah chapter 21...
  Requesting URL: https://rest.api.bible/v1/bibles/a81b73293d3080c9-01/chapters/JER.21
  Saved: jeremiah_21.xml
  Fetching Jeremiah chapter 22...
  Requesting URL: https://rest.api.bible/v1/bibles/a81b73293d3080c9-01/chapters/JER.22
  Saved: jeremiah_22.xml
  Fetching Jeremiah chapter 23...
  Requesting URL: https://rest.api.bible/v1/bibles/a81b73293d3080c9-01/chapters/JER.23
  Saved: jeremiah_23.xml
  Fetching Jeremiah chapter 24...
  Requesting URL: https://rest.api.bible/v1/bibles/a81b73293d3080c9-01/chapters/JER.24
  Saved: jeremiah_24.xml
  Fetching Jeremiah chapter 25...
  Requesting URL: https://rest.api.bible/v1/bibles/a81b73293d3080c9-01/chapters/JER.25
  Saved: jeremiah_25.xml
  Fetching Jeremiah chapter 26...
  Requesting URL: https://rest.api.bible/v1/bibles/a81b73293d3080c9-01/chapters/JER.26
  Saved: jeremiah_26.xml
  Fetching Jeremiah chapter 27...
  Requesting URL: https://rest.api.bible/v1/bibles/a81b73293d3080c9-01/chapters/JER.27
  Saved: jeremiah_27.xml
  Fetching Jeremiah chapter 28...
  Requesting URL: https://rest.api.bible/v1/bibles/a81b73293d3080c9-01/chapters/JER.28
  Saved: jeremiah_28.xml
  Fetching Jeremiah chapter 29...
  Requesting URL: https://rest.api.bible/v1/bibles/a81b73293d3080c9-01/chapters/JER.29
  Saved: jeremiah_29.xml
  Fetching Jeremiah chapter 30...
  Requesting URL: https://rest.api.bible/v1/bibles/a81b73293d3080c9-01/chapters/JER.30
  Saved: jeremiah_30.xml
  Fetching Jeremiah chapter 31...
  Requesting URL: https://rest.api.bible/v1/bibles/a81b73293d3080c9-01/chapters/JER.31
  Saved: jeremiah_31.xml
  Fetching Jeremiah chapter 32...
  Requesting URL: https://rest.api.bible/v1/bibles/a81b73293d3080c9-01/chapters/JER.32
  Saved: jeremiah_32.xml
  Fetching Jeremiah chapter 33...
  Requesting URL: https://rest.api.bible/v1/bibles/a81b73293d3080c9-01/chapters/JER.33
  Saved: jeremiah_33.xml
  Fetching Jeremiah chapter 34...
  Requesting URL: https://rest.api.bible/v1/bibles/a81b73293d3080c9-01/chapters/JER.34
  Saved: jeremiah_34.xml
  Fetching Jeremiah chapter 35...
  Requesting URL: https://rest.api.bible/v1/bibles/a81b73293d3080c9-01/chapters/JER.35
  Saved: jeremiah_35.xml
  Fetching Jeremiah chapter 36...
  Requesting URL: https://rest.api.bible/v1/bibles/a81b73293d3080c9-01/chapters/JER.36
  Saved: jeremiah_36.xml
  Fetching Jeremiah chapter 37...
  Requesting URL: https://rest.api.bible/v1/bibles/a81b73293d3080c9-01/chapters/JER.37
  Saved: jeremiah_37.xml
  Fetching Jeremiah chapter 38...
  Requesting URL: https://rest.api.bible/v1/bibles/a81b73293d3080c9-01/chapters/JER.38
  Saved: jeremiah_38.xml
  Fetching Jeremiah chapter 39...
  Requesting URL: https://rest.api.bible/v1/bibles/a81b73293d3080c9-01/chapters/JER.39
  Saved: jeremiah_39.xml
  Fetching Jeremiah chapter 40...
  Requesting URL: https://rest.api.bible/v1/bibles/a81b73293d3080c9-01/chapters/JER.40
  Saved: jeremiah_40.xml
  Fetching Jeremiah chapter 41...
  Requesting URL: https://rest.api.bible/v1/bibles/a81b73293d3080c9-01/chapters/JER.41
  Saved: jeremiah_41.xml
  Fetching Jeremiah chapter 42...
  Requesting URL: https://rest.api.bible/v1/bibles/a81b73293d3080c9-01/chapters/JER.42
  Saved: jeremiah_42.xml
  Fetching Jeremiah chapter 43...
  Requesting URL: https://rest.api.bible/v1/bibles/a81b73293d3080c9-01/chapters/JER.43
  Saved: jeremiah_43.xml
  Fetching Jeremiah chapter 44...
  Requesting URL: https://rest.api.bible/v1/bibles/a81b73293d3080c9-01/chapters/JER.44
  Saved: jeremiah_44.xml
  Fetching Jeremiah chapter 45...
  Requesting URL: https://rest.api.bible/v1/bibles/a81b73293d3080c9-01/chapters/JER.45
  Saved: jeremiah_45.xml
  Fetching Jeremiah chapter 46...
  Requesting URL: https://rest.api.bible/v1/bibles/a81b73293d3080c9-01/chapters/JER.46
  Saved: jeremiah_46.xml
  Fetching Jeremiah chapter 47...
  Requesting URL: https://rest.api.bible/v1/bibles/a81b73293d3080c9-01/chapters/JER.47
  Saved: jeremiah_47.xml
  Fetching Jeremiah chapter 48...
  Requesting URL: https://rest.api.bible/v1/bibles/a81b73293d3080c9-01/chapters/JER.48
  Saved: jeremiah_48.xml
  Fetching Jeremiah chapter 49...
  Requesting URL: https://rest.api.bible/v1/bibles/a81b73293d3080c9-01/chapters/JER.49
  Saved: jeremiah_49.xml
  Fetching Jeremiah chapter 50...
  Requesting URL: https://rest.api.bible/v1/bibles/a81b73293d3080c9-01/chapters/JER.50
  Saved: jeremiah_50.xml
  Fetching Jeremiah chapter 51...
  Requesting URL: https://rest.api.bible/v1/bibles/a81b73293d3080c9-01/chapters/JER.51
  Saved: jeremiah_51.xml
  Fetching Jeremiah chapter 52...
  Requesting URL: https://rest.api.bible/v1/bibles/a81b73293d3080c9-01/chapters/JER.52
  Saved: jeremiah_52.xml

Processing Lamentations for AMP...
  Fetching Lamentations chapter 1...
  Requesting URL: https://rest.api.bible/v1/bibles/a81b73293d3080c9-01/chapters/LAM.1
  Saved: lamentations_1.xml
  Fetching Lamentations chapter 2...
  Requesting URL: https://rest.api.bible/v1/bibles/a81b73293d3080c9-01/chapters/LAM.2
  Saved: lamentations_2.xml
  Fetching Lamentations chapter 3...
  Requesting URL: https://rest.api.bible/v1/bibles/a81b73293d3080c9-01/chapters/LAM.3
  Saved: lamentations_3.xml
  Fetching Lamentations chapter 4...
  Requesting URL: https://rest.api.bible/v1/bibles/a81b73293d3080c9-01/chapters/LAM.4
  Saved: lamentations_4.xml
  Fetching Lamentations chapter 5...
  Requesting URL: https://rest.api.bible/v1/bibles/a81b73293d3080c9-01/chapters/LAM.5
  Saved: lamentations_5.xml

Processing Ezekiel for AMP...
  Fetching Ezekiel chapter 1...
  Requesting URL: https://rest.api.bible/v1/bibles/a81b73293d3080c9-01/chapters/EZK.1
  Saved: ezekiel_1.xml
  Fetching Ezekiel chapter 2...
  Requesting URL: https://rest.api.bible/v1/bibles/a81b73293d3080c9-01/chapters/EZK.2
  Saved: ezekiel_2.xml
  Fetching Ezekiel chapter 3...
  Requesting URL: https://rest.api.bible/v1/bibles/a81b73293d3080c9-01/chapters/EZK.3
  Saved: ezekiel_3.xml
  Fetching Ezekiel chapter 4...
  Requesting URL: https://rest.api.bible/v1/bibles/a81b73293d3080c9-01/chapters/EZK.4
  Saved: ezekiel_4.xml
  Fetching Ezekiel chapter 5...
  Requesting URL: https://rest.api.bible/v1/bibles/a81b73293d3080c9-01/chapters/EZK.5
  Saved: ezekiel_5.xml
  Fetching Ezekiel chapter 6...
  Requesting URL: https://rest.api.bible/v1/bibles/a81b73293d3080c9-01/chapters/EZK.6
  Saved: ezekiel_6.xml
  Fetching Ezekiel chapter 7...
  Requesting URL: https://rest.api.bible/v1/bibles/a81b73293d3080c9-01/chapters/EZK.7
  Saved: ezekiel_7.xml
  Fetching Ezekiel chapter 8...
  Requesting URL: https://rest.api.bible/v1/bibles/a81b73293d3080c9-01/chapters/EZK.8
  Saved: ezekiel_8.xml
  Fetching Ezekiel chapter 9...
  Requesting URL: https://rest.api.bible/v1/bibles/a81b73293d3080c9-01/chapters/EZK.9
  Saved: ezekiel_9.xml
  Fetching Ezekiel chapter 10...
  Requesting URL: https://rest.api.bible/v1/bibles/a81b73293d3080c9-01/chapters/EZK.10
  Saved: ezekiel_10.xml
  Fetching Ezekiel chapter 11...
  Requesting URL: https://rest.api.bible/v1/bibles/a81b73293d3080c9-01/chapters/EZK.11
  Saved: ezekiel_11.xml
  Fetching Ezekiel chapter 12...
  Requesting URL: https://rest.api.bible/v1/bibles/a81b73293d3080c9-01/chapters/EZK.12
  Saved: ezekiel_12.xml
  Fetching Ezekiel chapter 13...
  Requesting URL: https://rest.api.bible/v1/bibles/a81b73293d3080c9-01/chapters/EZK.13
  Saved: ezekiel_13.xml
  Fetching Ezekiel chapter 14...
  Requesting URL: https://rest.api.bible/v1/bibles/a81b73293d3080c9-01/chapters/EZK.14
  Saved: ezekiel_14.xml
  Fetching Ezekiel chapter 15...
  Requesting URL: https://rest.api.bible/v1/bibles/a81b73293d3080c9-01/chapters/EZK.15
  Saved: ezekiel_15.xml
  Fetching Ezekiel chapter 16...
  Requesting URL: https://rest.api.bible/v1/bibles/a81b73293d3080c9-01/chapters/EZK.16
  Saved: ezekiel_16.xml
  Fetching Ezekiel chapter 17...
  Requesting URL: https://rest.api.bible/v1/bibles/a81b73293d3080c9-01/chapters/EZK.17
  Saved: ezekiel_17.xml
  Fetching Ezekiel chapter 18...
  Requesting URL: https://rest.api.bible/v1/bibles/a81b73293d3080c9-01/chapters/EZK.18
  Saved: ezekiel_18.xml
  Fetching Ezekiel chapter 19...
  Requesting URL: https://rest.api.bible/v1/bibles/a81b73293d3080c9-01/chapters/EZK.19
  Saved: ezekiel_19.xml
  Fetching Ezekiel chapter 20...
  Requesting URL: https://rest.api.bible/v1/bibles/a81b73293d3080c9-01/chapters/EZK.20
  Saved: ezekiel_20.xml
  Fetching Ezekiel chapter 21...
  Requesting URL: https://rest.api.bible/v1/bibles/a81b73293d3080c9-01/chapters/EZK.21
  Saved: ezekiel_21.xml
  Fetching Ezekiel chapter 22...
  Requesting URL: https://rest.api.bible/v1/bibles/a81b73293d3080c9-01/chapters/EZK.22
  Saved: ezekiel_22.xml
  Fetching Ezekiel chapter 23...
  Requesting URL: https://rest.api.bible/v1/bibles/a81b73293d3080c9-01/chapters/EZK.23
  Saved: ezekiel_23.xml
  Fetching Ezekiel chapter 24...
  Requesting URL: https://rest.api.bible/v1/bibles/a81b73293d3080c9-01/chapters/EZK.24
  Saved: ezekiel_24.xml
  Fetching Ezekiel chapter 25...
  Requesting URL: https://rest.api.bible/v1/bibles/a81b73293d3080c9-01/chapters/EZK.25
  Saved: ezekiel_25.xml
  Fetching Ezekiel chapter 26...
  Requesting URL: https://rest.api.bible/v1/bibles/a81b73293d3080c9-01/chapters/EZK.26
  Saved: ezekiel_26.xml
  Fetching Ezekiel chapter 27...
  Requesting URL: https://rest.api.bible/v1/bibles/a81b73293d3080c9-01/chapters/EZK.27
  Saved: ezekiel_27.xml
  Fetching Ezekiel chapter 28...
  Requesting URL: https://rest.api.bible/v1/bibles/a81b73293d3080c9-01/chapters/EZK.28
  Saved: ezekiel_28.xml
  Fetching Ezekiel chapter 29...
  Requesting URL: https://rest.api.bible/v1/bibles/a81b73293d3080c9-01/chapters/EZK.29
  Saved: ezekiel_29.xml
  Fetching Ezekiel chapter 30...
  Requesting URL: https://rest.api.bible/v1/bibles/a81b73293d3080c9-01/chapters/EZK.30
  Saved: ezekiel_30.xml
  Fetching Ezekiel chapter 31...
  Requesting URL: https://rest.api.bible/v1/bibles/a81b73293d3080c9-01/chapters/EZK.31
  Saved: ezekiel_31.xml
  Fetching Ezekiel chapter 32...
  Requesting URL: https://rest.api.bible/v1/bibles/a81b73293d3080c9-01/chapters/EZK.32
  Saved: ezekiel_32.xml
  Fetching Ezekiel chapter 33...
  Requesting URL: https://rest.api.bible/v1/bibles/a81b73293d3080c9-01/chapters/EZK.33
  Saved: ezekiel_33.xml
  Fetching Ezekiel chapter 34...
  Requesting URL: https://rest.api.bible/v1/bibles/a81b73293d3080c9-01/chapters/EZK.34
  Saved: ezekiel_34.xml
  Fetching Ezekiel chapter 35...
  Requesting URL: https://rest.api.bible/v1/bibles/a81b73293d3080c9-01/chapters/EZK.35
  Saved: ezekiel_35.xml
  Fetching Ezekiel chapter 36...
  Requesting URL: https://rest.api.bible/v1/bibles/a81b73293d3080c9-01/chapters/EZK.36
  Saved: ezekiel_36.xml
  Fetching Ezekiel chapter 37...
  Requesting URL: https://rest.api.bible/v1/bibles/a81b73293d3080c9-01/chapters/EZK.37
  Saved: ezekiel_37.xml
  Fetching Ezekiel chapter 38...
  Requesting URL: https://rest.api.bible/v1/bibles/a81b73293d3080c9-01/chapters/EZK.38
  Saved: ezekiel_38.xml
  Fetching Ezekiel chapter 39...
  Requesting URL: https://rest.api.bible/v1/bibles/a81b73293d3080c9-01/chapters/EZK.39
  Saved: ezekiel_39.xml
  Fetching Ezekiel chapter 40...
  Requesting URL: https://rest.api.bible/v1/bibles/a81b73293d3080c9-01/chapters/EZK.40
  Saved: ezekiel_40.xml
  Fetching Ezekiel chapter 41...
  Requesting URL: https://rest.api.bible/v1/bibles/a81b73293d3080c9-01/chapters/EZK.41
  Saved: ezekiel_41.xml
  Fetching Ezekiel chapter 42...
  Requesting URL: https://rest.api.bible/v1/bibles/a81b73293d3080c9-01/chapters/EZK.42
  Saved: ezekiel_42.xml
  Fetching Ezekiel chapter 43...
  Requesting URL: https://rest.api.bible/v1/bibles/a81b73293d3080c9-01/chapters/EZK.43
  Saved: ezekiel_43.xml
  Fetching Ezekiel chapter 44...
  Requesting URL: https://rest.api.bible/v1/bibles/a81b73293d3080c9-01/chapters/EZK.44
  Saved: ezekiel_44.xml
  Fetching Ezekiel chapter 45...
  Requesting URL: https://rest.api.bible/v1/bibles/a81b73293d3080c9-01/chapters/EZK.45
  Saved: ezekiel_45.xml
  Fetching Ezekiel chapter 46...
  Requesting URL: https://rest.api.bible/v1/bibles/a81b73293d3080c9-01/chapters/EZK.46
  Saved: ezekiel_46.xml
  Fetching Ezekiel chapter 47...
  Requesting URL: https://rest.api.bible/v1/bibles/a81b73293d3080c9-01/chapters/EZK.47
  Saved: ezekiel_47.xml
  Fetching Ezekiel chapter 48...
  Requesting URL: https://rest.api.bible/v1/bibles/a81b73293d3080c9-01/chapters/EZK.48
  Saved: ezekiel_48.xml

Processing Daniel for AMP...
  Fetching Daniel chapter 1...
  Requesting URL: https://rest.api.bible/v1/bibles/a81b73293d3080c9-01/chapters/DAN.1
  Saved: daniel_1.xml
  Fetching Daniel chapter 2...
  Requesting URL: https://rest.api.bible/v1/bibles/a81b73293d3080c9-01/chapters/DAN.2
  Saved: daniel_2.xml
  Fetching Daniel chapter 3...
  Requesting URL: https://rest.api.bible/v1/bibles/a81b73293d3080c9-01/chapters/DAN.3
  Saved: daniel_3.xml
  Fetching Daniel chapter 4...
  Requesting URL: https://rest.api.bible/v1/bibles/a81b73293d3080c9-01/chapters/DAN.4
  Saved: daniel_4.xml
  Fetching Daniel chapter 5...
  Requesting URL: https://rest.api.bible/v1/bibles/a81b73293d3080c9-01/chapters/DAN.5
  Saved: daniel_5.xml
  Fetching Daniel chapter 6...
  Requesting URL: https://rest.api.bible/v1/bibles/a81b73293d3080c9-01/chapters/DAN.6
  Saved: daniel_6.xml
  Fetching Daniel chapter 7...
  Requesting URL: https://rest.api.bible/v1/bibles/a81b73293d3080c9-01/chapters/DAN.7
  Saved: daniel_7.xml
  Fetching Daniel chapter 8...
  Requesting URL: https://rest.api.bible/v1/bibles/a81b73293d3080c9-01/chapters/DAN.8
  Saved: daniel_8.xml
  Fetching Daniel chapter 9...
  Requesting URL: https://rest.api.bible/v1/bibles/a81b73293d3080c9-01/chapters/DAN.9
  Saved: daniel_9.xml
  Fetching Daniel chapter 10...
  Requesting URL: https://rest.api.bible/v1/bibles/a81b73293d3080c9-01/chapters/DAN.10
  Saved: daniel_10.xml
  Fetching Daniel chapter 11...
  Requesting URL: https://rest.api.bible/v1/bibles/a81b73293d3080c9-01/chapters/DAN.11
  Saved: daniel_11.xml
  Fetching Daniel chapter 12...
  Requesting URL: https://rest.api.bible/v1/bibles/a81b73293d3080c9-01/chapters/DAN.12
  Saved: daniel_12.xml

Processing Hosea for AMP...
  Fetching Hosea chapter 1...
  Requesting URL: https://rest.api.bible/v1/bibles/a81b73293d3080c9-01/chapters/HOS.1
  Saved: hosea_1.xml
  Fetching Hosea chapter 2...
  Requesting URL: https://rest.api.bible/v1/bibles/a81b73293d3080c9-01/chapters/HOS.2
  Saved: hosea_2.xml
  Fetching Hosea chapter 3...
  Requesting URL: https://rest.api.bible/v1/bibles/a81b73293d3080c9-01/chapters/HOS.3
  Saved: hosea_3.xml
  Fetching Hosea chapter 4...
  Requesting URL: https://rest.api.bible/v1/bibles/a81b73293d3080c9-01/chapters/HOS.4
  Saved: hosea_4.xml
  Fetching Hosea chapter 5...
  Requesting URL: https://rest.api.bible/v1/bibles/a81b73293d3080c9-01/chapters/HOS.5
  Saved: hosea_5.xml
  Fetching Hosea chapter 6...
  Requesting URL: https://rest.api.bible/v1/bibles/a81b73293d3080c9-01/chapters/HOS.6
  Saved: hosea_6.xml
  Fetching Hosea chapter 7...
  Requesting URL: https://rest.api.bible/v1/bibles/a81b73293d3080c9-01/chapters/HOS.7
  Saved: hosea_7.xml
  Fetching Hosea chapter 8...
  Requesting URL: https://rest.api.bible/v1/bibles/a81b73293d3080c9-01/chapters/HOS.8
  Saved: hosea_8.xml
  Fetching Hosea chapter 9...
  Requesting URL: https://rest.api.bible/v1/bibles/a81b73293d3080c9-01/chapters/HOS.9
  Saved: hosea_9.xml
  Fetching Hosea chapter 10...
  Requesting URL: https://rest.api.bible/v1/bibles/a81b73293d3080c9-01/chapters/HOS.10
  Saved: hosea_10.xml
  Fetching Hosea chapter 11...
  Requesting URL: https://rest.api.bible/v1/bibles/a81b73293d3080c9-01/chapters/HOS.11
  Saved: hosea_11.xml
  Fetching Hosea chapter 12...
  Requesting URL: https://rest.api.bible/v1/bibles/a81b73293d3080c9-01/chapters/HOS.12
  Saved: hosea_12.xml
  Fetching Hosea chapter 13...
  Requesting URL: https://rest.api.bible/v1/bibles/a81b73293d3080c9-01/chapters/HOS.13
  Saved: hosea_13.xml
  Fetching Hosea chapter 14...
  Requesting URL: https://rest.api.bible/v1/bibles/a81b73293d3080c9-01/chapters/HOS.14
  Saved: hosea_14.xml

Processing Joel for AMP...
  Fetching Joel chapter 1...
  Requesting URL: https://rest.api.bible/v1/bibles/a81b73293d3080c9-01/chapters/JOL.1
  Saved: joel_1.xml
  Fetching Joel chapter 2...
  Requesting URL: https://rest.api.bible/v1/bibles/a81b73293d3080c9-01/chapters/JOL.2
  Saved: joel_2.xml
  Fetching Joel chapter 3...
  Requesting URL: https://rest.api.bible/v1/bibles/a81b73293d3080c9-01/chapters/JOL.3
  Saved: joel_3.xml

Processing Amos for AMP...
  Fetching Amos chapter 1...
  Requesting URL: https://rest.api.bible/v1/bibles/a81b73293d3080c9-01/chapters/AMO.1
  Saved: amos_1.xml
  Fetching Amos chapter 2...
  Requesting URL: https://rest.api.bible/v1/bibles/a81b73293d3080c9-01/chapters/AMO.2
  Saved: amos_2.xml
  Fetching Amos chapter 3...
  Requesting URL: https://rest.api.bible/v1/bibles/a81b73293d3080c9-01/chapters/AMO.3
  Saved: amos_3.xml
  Fetching Amos chapter 4...
  Requesting URL: https://rest.api.bible/v1/bibles/a81b73293d3080c9-01/chapters/AMO.4
  Saved: amos_4.xml
  Fetching Amos chapter 5...
  Requesting URL: https://rest.api.bible/v1/bibles/a81b73293d3080c9-01/chapters/AMO.5
  Saved: amos_5.xml
  Fetching Amos chapter 6...
  Requesting URL: https://rest.api.bible/v1/bibles/a81b73293d3080c9-01/chapters/AMO.6
  Saved: amos_6.xml
  Fetching Amos chapter 7...
  Requesting URL: https://rest.api.bible/v1/bibles/a81b73293d3080c9-01/chapters/AMO.7
  Saved: amos_7.xml
  Fetching Amos chapter 8...
  Requesting URL: https://rest.api.bible/v1/bibles/a81b73293d3080c9-01/chapters/AMO.8
  Saved: amos_8.xml
  Fetching Amos chapter 9...
  Requesting URL: https://rest.api.bible/v1/bibles/a81b73293d3080c9-01/chapters/AMO.9
  Saved: amos_9.xml

Processing Obadiah for AMP...
  Fetching Obadiah chapter 1...
  Requesting URL: https://rest.api.bible/v1/bibles/a81b73293d3080c9-01/chapters/OBA.1
  Saved: obadiah_1.xml

Processing Jonah for AMP...
  Fetching Jonah chapter 1...
  Requesting URL: https://rest.api.bible/v1/bibles/a81b73293d3080c9-01/chapters/JON.1
  Saved: jonah_1.xml
  Fetching Jonah chapter 2...
  Requesting URL: https://rest.api.bible/v1/bibles/a81b73293d3080c9-01/chapters/JON.2
  Saved: jonah_2.xml
  Fetching Jonah chapter 3...
  Requesting URL: https://rest.api.bible/v1/bibles/a81b73293d3080c9-01/chapters/JON.3
  Saved: jonah_3.xml
  Fetching Jonah chapter 4...
  Requesting URL: https://rest.api.bible/v1/bibles/a81b73293d3080c9-01/chapters/JON.4
  Saved: jonah_4.xml

Processing Micah for AMP...
  Fetching Micah chapter 1...
  Requesting URL: https://rest.api.bible/v1/bibles/a81b73293d3080c9-01/chapters/MIC.1
  Saved: micah_1.xml
  Fetching Micah chapter 2...
  Requesting URL: https://rest.api.bible/v1/bibles/a81b73293d3080c9-01/chapters/MIC.2
  Saved: micah_2.xml
  Fetching Micah chapter 3...
  Requesting URL: https://rest.api.bible/v1/bibles/a81b73293d3080c9-01/chapters/MIC.3
  Saved: micah_3.xml
  Fetching Micah chapter 4...
  Requesting URL: https://rest.api.bible/v1/bibles/a81b73293d3080c9-01/chapters/MIC.4
  Saved: micah_4.xml
  Fetching Micah chapter 5...
  Requesting URL: https://rest.api.bible/v1/bibles/a81b73293d3080c9-01/chapters/MIC.5
  Saved: micah_5.xml
  Fetching Micah chapter 6...
  Requesting URL: https://rest.api.bible/v1/bibles/a81b73293d3080c9-01/chapters/MIC.6
  Saved: micah_6.xml
  Fetching Micah chapter 7...
  Requesting URL: https://rest.api.bible/v1/bibles/a81b73293d3080c9-01/chapters/MIC.7
  Saved: micah_7.xml

Processing Nahum for AMP...
  Fetching Nahum chapter 1...
  Requesting URL: https://rest.api.bible/v1/bibles/a81b73293d3080c9-01/chapters/NAH.1
Error: API.Bible returned status code 404
Response: {"statusCode":404,"error":"Not Found","message":"We couldn't find a chapter that matched the provided chapterId and bibleId."}
  Failed to fetch content for Nahum 1
  Fetching Nahum chapter 2...
  Requesting URL: https://rest.api.bible/v1/bibles/a81b73293d3080c9-01/chapters/NAH.2
Error: API.Bible returned status code 404
Response: {"statusCode":404,"error":"Not Found","message":"We couldn't find a chapter that matched the provided chapterId and bibleId."}
  Failed to fetch content for Nahum 2
  Fetching Nahum chapter 3...
  Requesting URL: https://rest.api.bible/v1/bibles/a81b73293d3080c9-01/chapters/NAH.3
Error: API.Bible returned status code 404
Response: {"statusCode":404,"error":"Not Found","message":"We couldn't find a chapter that matched the provided chapterId and bibleId."}
  Failed to fetch content for Nahum 3

Processing Habakkuk for AMP...
  Fetching Habakkuk chapter 1...
  Requesting URL: https://rest.api.bible/v1/bibles/a81b73293d3080c9-01/chapters/HAB.1
  Saved: habakkuk_1.xml
  Fetching Habakkuk chapter 2...
  Requesting URL: https://rest.api.bible/v1/bibles/a81b73293d3080c9-01/chapters/HAB.2
  Saved: habakkuk_2.xml
  Fetching Habakkuk chapter 3...
  Requesting URL: https://rest.api.bible/v1/bibles/a81b73293d3080c9-01/chapters/HAB.3
  Saved: habakkuk_3.xml

Processing Zephaniah for AMP...
  Fetching Zephaniah chapter 1...
  Requesting URL: https://rest.api.bible/v1/bibles/a81b73293d3080c9-01/chapters/ZEP.1
  Saved: zephaniah_1.xml
  Fetching Zephaniah chapter 2...
  Requesting URL: https://rest.api.bible/v1/bibles/a81b73293d3080c9-01/chapters/ZEP.2
  Saved: zephaniah_2.xml
  Fetching Zephaniah chapter 3...
  Requesting URL: https://rest.api.bible/v1/bibles/a81b73293d3080c9-01/chapters/ZEP.3
  Saved: zephaniah_3.xml

Processing Haggai for AMP...
  Fetching Haggai chapter 1...
  Requesting URL: https://rest.api.bible/v1/bibles/a81b73293d3080c9-01/chapters/HAG.1
  Saved: haggai_1.xml
  Fetching Haggai chapter 2...
  Requesting URL: https://rest.api.bible/v1/bibles/a81b73293d3080c9-01/chapters/HAG.2
  Saved: haggai_2.xml

Processing Zechariah for AMP...
  Fetching Zechariah chapter 1...
  Requesting URL: https://rest.api.bible/v1/bibles/a81b73293d3080c9-01/chapters/ZEC.1
  Saved: zechariah_1.xml
  Fetching Zechariah chapter 2...
  Requesting URL: https://rest.api.bible/v1/bibles/a81b73293d3080c9-01/chapters/ZEC.2
  Saved: zechariah_2.xml
  Fetching Zechariah chapter 3...
  Requesting URL: https://rest.api.bible/v1/bibles/a81b73293d3080c9-01/chapters/ZEC.3
  Saved: zechariah_3.xml
  Fetching Zechariah chapter 4...
  Requesting URL: https://rest.api.bible/v1/bibles/a81b73293d3080c9-01/chapters/ZEC.4
  Saved: zechariah_4.xml
  Fetching Zechariah chapter 5...
  Requesting URL: https://rest.api.bible/v1/bibles/a81b73293d3080c9-01/chapters/ZEC.5
  Saved: zechariah_5.xml
  Fetching Zechariah chapter 6...
  Requesting URL: https://rest.api.bible/v1/bibles/a81b73293d3080c9-01/chapters/ZEC.6
  Saved: zechariah_6.xml
  Fetching Zechariah chapter 7...
  Requesting URL: https://rest.api.bible/v1/bibles/a81b73293d3080c9-01/chapters/ZEC.7
  Saved: zechariah_7.xml
  Fetching Zechariah chapter 8...
  Requesting URL: https://rest.api.bible/v1/bibles/a81b73293d3080c9-01/chapters/ZEC.8
  Saved: zechariah_8.xml
  Fetching Zechariah chapter 9...
  Requesting URL: https://rest.api.bible/v1/bibles/a81b73293d3080c9-01/chapters/ZEC.9
  Saved: zechariah_9.xml
  Fetching Zechariah chapter 10...
  Requesting URL: https://rest.api.bible/v1/bibles/a81b73293d3080c9-01/chapters/ZEC.10
  Saved: zechariah_10.xml
  Fetching Zechariah chapter 11...
  Requesting URL: https://rest.api.bible/v1/bibles/a81b73293d3080c9-01/chapters/ZEC.11
  Saved: zechariah_11.xml
  Fetching Zechariah chapter 12...
  Requesting URL: https://rest.api.bible/v1/bibles/a81b73293d3080c9-01/chapters/ZEC.12
  Saved: zechariah_12.xml
  Fetching Zechariah chapter 13...
  Requesting URL: https://rest.api.bible/v1/bibles/a81b73293d3080c9-01/chapters/ZEC.13
  Saved: zechariah_13.xml
  Fetching Zechariah chapter 14...
  Requesting URL: https://rest.api.bible/v1/bibles/a81b73293d3080c9-01/chapters/ZEC.14
  Saved: zechariah_14.xml

Processing Malachi for AMP...
  Fetching Malachi chapter 1...
  Requesting URL: https://rest.api.bible/v1/bibles/a81b73293d3080c9-01/chapters/MAL.1
  Saved: malachi_1.xml
  Fetching Malachi chapter 2...
  Requesting URL: https://rest.api.bible/v1/bibles/a81b73293d3080c9-01/chapters/MAL.2
  Saved: malachi_2.xml
  Fetching Malachi chapter 3...
  Requesting URL: https://rest.api.bible/v1/bibles/a81b73293d3080c9-01/chapters/MAL.3
  Saved: malachi_3.xml
  Fetching Malachi chapter 4...
  Requesting URL: https://rest.api.bible/v1/bibles/a81b73293d3080c9-01/chapters/MAL.4
  Saved: malachi_4.xml

Processing Matthew for AMP...
  Fetching Matthew chapter 1...
  Requesting URL: https://rest.api.bible/v1/bibles/a81b73293d3080c9-01/chapters/MAT.1
  Saved: matthew_1.xml
  Fetching Matthew chapter 2...
  Requesting URL: https://rest.api.bible/v1/bibles/a81b73293d3080c9-01/chapters/MAT.2
  Saved: matthew_2.xml
  Fetching Matthew chapter 3...
  Requesting URL: https://rest.api.bible/v1/bibles/a81b73293d3080c9-01/chapters/MAT.3
  Saved: matthew_3.xml
  Fetching Matthew chapter 4...
  Requesting URL: https://rest.api.bible/v1/bibles/a81b73293d3080c9-01/chapters/MAT.4
  Saved: matthew_4.xml
  Fetching Matthew chapter 5...
  Requesting URL: https://rest.api.bible/v1/bibles/a81b73293d3080c9-01/chapters/MAT.5
  Saved: matthew_5.xml
  Fetching Matthew chapter 6...
  Requesting URL: https://rest.api.bible/v1/bibles/a81b73293d3080c9-01/chapters/MAT.6
  Saved: matthew_6.xml
  Fetching Matthew chapter 7...
  Requesting URL: https://rest.api.bible/v1/bibles/a81b73293d3080c9-01/chapters/MAT.7
  Saved: matthew_7.xml
  Fetching Matthew chapter 8...
  Requesting URL: https://rest.api.bible/v1/bibles/a81b73293d3080c9-01/chapters/MAT.8
  Saved: matthew_8.xml
  Fetching Matthew chapter 9...
  Requesting URL: https://rest.api.bible/v1/bibles/a81b73293d3080c9-01/chapters/MAT.9
  Saved: matthew_9.xml
  Fetching Matthew chapter 10...
  Requesting URL: https://rest.api.bible/v1/bibles/a81b73293d3080c9-01/chapters/MAT.10
  Saved: matthew_10.xml
  Fetching Matthew chapter 11...
  Requesting URL: https://rest.api.bible/v1/bibles/a81b73293d3080c9-01/chapters/MAT.11
  Saved: matthew_11.xml
  Fetching Matthew chapter 12...
  Requesting URL: https://rest.api.bible/v1/bibles/a81b73293d3080c9-01/chapters/MAT.12
  Saved: matthew_12.xml
  Fetching Matthew chapter 13...
  Requesting URL: https://rest.api.bible/v1/bibles/a81b73293d3080c9-01/chapters/MAT.13
  Saved: matthew_13.xml
  Fetching Matthew chapter 14...
  Requesting URL: https://rest.api.bible/v1/bibles/a81b73293d3080c9-01/chapters/MAT.14
  Saved: matthew_14.xml
  Fetching Matthew chapter 15...
  Requesting URL: https://rest.api.bible/v1/bibles/a81b73293d3080c9-01/chapters/MAT.15
  Saved: matthew_15.xml
  Fetching Matthew chapter 16...
  Requesting URL: https://rest.api.bible/v1/bibles/a81b73293d3080c9-01/chapters/MAT.16
  Saved: matthew_16.xml
  Fetching Matthew chapter 17...
  Requesting URL: https://rest.api.bible/v1/bibles/a81b73293d3080c9-01/chapters/MAT.17
  Saved: matthew_17.xml
  Fetching Matthew chapter 18...
  Requesting URL: https://rest.api.bible/v1/bibles/a81b73293d3080c9-01/chapters/MAT.18
  Saved: matthew_18.xml
  Fetching Matthew chapter 19...
  Requesting URL: https://rest.api.bible/v1/bibles/a81b73293d3080c9-01/chapters/MAT.19
  Saved: matthew_19.xml
  Fetching Matthew chapter 20...
  Requesting URL: https://rest.api.bible/v1/bibles/a81b73293d3080c9-01/chapters/MAT.20
  Saved: matthew_20.xml
  Fetching Matthew chapter 21...
  Requesting URL: https://rest.api.bible/v1/bibles/a81b73293d3080c9-01/chapters/MAT.21
  Saved: matthew_21.xml
  Fetching Matthew chapter 22...
  Requesting URL: https://rest.api.bible/v1/bibles/a81b73293d3080c9-01/chapters/MAT.22
  Saved: matthew_22.xml
  Fetching Matthew chapter 23...
  Requesting URL: https://rest.api.bible/v1/bibles/a81b73293d3080c9-01/chapters/MAT.23
  Saved: matthew_23.xml
  Fetching Matthew chapter 24...
  Requesting URL: https://rest.api.bible/v1/bibles/a81b73293d3080c9-01/chapters/MAT.24
  Saved: matthew_24.xml
  Fetching Matthew chapter 25...
  Requesting URL: https://rest.api.bible/v1/bibles/a81b73293d3080c9-01/chapters/MAT.25
  Saved: matthew_25.xml
  Fetching Matthew chapter 26...
  Requesting URL: https://rest.api.bible/v1/bibles/a81b73293d3080c9-01/chapters/MAT.26
  Saved: matthew_26.xml
  Fetching Matthew chapter 27...
  Requesting URL: https://rest.api.bible/v1/bibles/a81b73293d3080c9-01/chapters/MAT.27
  Saved: matthew_27.xml
  Fetching Matthew chapter 28...
  Requesting URL: https://rest.api.bible/v1/bibles/a81b73293d3080c9-01/chapters/MAT.28
  Saved: matthew_28.xml

Processing Mark for AMP...
  Fetching Mark chapter 1...
  Requesting URL: https://rest.api.bible/v1/bibles/a81b73293d3080c9-01/chapters/MRK.1
  Saved: mark_1.xml
  Fetching Mark chapter 2...
  Requesting URL: https://rest.api.bible/v1/bibles/a81b73293d3080c9-01/chapters/MRK.2
  Saved: mark_2.xml
  Fetching Mark chapter 3...
  Requesting URL: https://rest.api.bible/v1/bibles/a81b73293d3080c9-01/chapters/MRK.3
  Saved: mark_3.xml
  Fetching Mark chapter 4...
  Requesting URL: https://rest.api.bible/v1/bibles/a81b73293d3080c9-01/chapters/MRK.4
  Saved: mark_4.xml
  Fetching Mark chapter 5...
  Requesting URL: https://rest.api.bible/v1/bibles/a81b73293d3080c9-01/chapters/MRK.5
  Saved: mark_5.xml
  Fetching Mark chapter 6...
  Requesting URL: https://rest.api.bible/v1/bibles/a81b73293d3080c9-01/chapters/MRK.6
  Saved: mark_6.xml
  Fetching Mark chapter 7...
  Requesting URL: https://rest.api.bible/v1/bibles/a81b73293d3080c9-01/chapters/MRK.7
  Saved: mark_7.xml
  Fetching Mark chapter 8...
  Requesting URL: https://rest.api.bible/v1/bibles/a81b73293d3080c9-01/chapters/MRK.8
  Saved: mark_8.xml
  Fetching Mark chapter 9...
  Requesting URL: https://rest.api.bible/v1/bibles/a81b73293d3080c9-01/chapters/MRK.9
  Saved: mark_9.xml
  Fetching Mark chapter 10...
  Requesting URL: https://rest.api.bible/v1/bibles/a81b73293d3080c9-01/chapters/MRK.10
  Saved: mark_10.xml
  Fetching Mark chapter 11...
  Requesting URL: https://rest.api.bible/v1/bibles/a81b73293d3080c9-01/chapters/MRK.11
  Saved: mark_11.xml
  Fetching Mark chapter 12...
  Requesting URL: https://rest.api.bible/v1/bibles/a81b73293d3080c9-01/chapters/MRK.12
  Saved: mark_12.xml
  Fetching Mark chapter 13...
  Requesting URL: https://rest.api.bible/v1/bibles/a81b73293d3080c9-01/chapters/MRK.13
  Saved: mark_13.xml
  Fetching Mark chapter 14...
  Requesting URL: https://rest.api.bible/v1/bibles/a81b73293d3080c9-01/chapters/MRK.14
  Saved: mark_14.xml
  Fetching Mark chapter 15...
  Requesting URL: https://rest.api.bible/v1/bibles/a81b73293d3080c9-01/chapters/MRK.15
  Saved: mark_15.xml
  Fetching Mark chapter 16...
  Requesting URL: https://rest.api.bible/v1/bibles/a81b73293d3080c9-01/chapters/MRK.16
  Saved: mark_16.xml

Processing Luke for AMP...
  Fetching Luke chapter 1...
  Requesting URL: https://rest.api.bible/v1/bibles/a81b73293d3080c9-01/chapters/LUK.1
  Saved: luke_1.xml
  Fetching Luke chapter 2...
  Requesting URL: https://rest.api.bible/v1/bibles/a81b73293d3080c9-01/chapters/LUK.2
  Saved: luke_2.xml
  Fetching Luke chapter 3...
  Requesting URL: https://rest.api.bible/v1/bibles/a81b73293d3080c9-01/chapters/LUK.3
  Saved: luke_3.xml
  Fetching Luke chapter 4...
  Requesting URL: https://rest.api.bible/v1/bibles/a81b73293d3080c9-01/chapters/LUK.4
  Saved: luke_4.xml
  Fetching Luke chapter 5...
  Requesting URL: https://rest.api.bible/v1/bibles/a81b73293d3080c9-01/chapters/LUK.5
  Saved: luke_5.xml
  Fetching Luke chapter 6...
  Requesting URL: https://rest.api.bible/v1/bibles/a81b73293d3080c9-01/chapters/LUK.6
  Saved: luke_6.xml
  Fetching Luke chapter 7...
  Requesting URL: https://rest.api.bible/v1/bibles/a81b73293d3080c9-01/chapters/LUK.7
  Saved: luke_7.xml
  Fetching Luke chapter 8...
  Requesting URL: https://rest.api.bible/v1/bibles/a81b73293d3080c9-01/chapters/LUK.8
  Saved: luke_8.xml
  Fetching Luke chapter 9...
  Requesting URL: https://rest.api.bible/v1/bibles/a81b73293d3080c9-01/chapters/LUK.9
  Saved: luke_9.xml
  Fetching Luke chapter 10...
  Requesting URL: https://rest.api.bible/v1/bibles/a81b73293d3080c9-01/chapters/LUK.10
  Saved: luke_10.xml
  Fetching Luke chapter 11...
  Requesting URL: https://rest.api.bible/v1/bibles/a81b73293d3080c9-01/chapters/LUK.11
  Saved: luke_11.xml
  Fetching Luke chapter 12...
  Requesting URL: https://rest.api.bible/v1/bibles/a81b73293d3080c9-01/chapters/LUK.12
  Saved: luke_12.xml
  Fetching Luke chapter 13...
  Requesting URL: https://rest.api.bible/v1/bibles/a81b73293d3080c9-01/chapters/LUK.13
  Saved: luke_13.xml
  Fetching Luke chapter 14...
  Requesting URL: https://rest.api.bible/v1/bibles/a81b73293d3080c9-01/chapters/LUK.14
  Saved: luke_14.xml
  Fetching Luke chapter 15...
  Requesting URL: https://rest.api.bible/v1/bibles/a81b73293d3080c9-01/chapters/LUK.15
  Saved: luke_15.xml
  Fetching Luke chapter 16...
  Requesting URL: https://rest.api.bible/v1/bibles/a81b73293d3080c9-01/chapters/LUK.16
  Saved: luke_16.xml
  Fetching Luke chapter 17...
  Requesting URL: https://rest.api.bible/v1/bibles/a81b73293d3080c9-01/chapters/LUK.17
  Saved: luke_17.xml
  Fetching Luke chapter 18...
  Requesting URL: https://rest.api.bible/v1/bibles/a81b73293d3080c9-01/chapters/LUK.18
  Saved: luke_18.xml
  Fetching Luke chapter 19...
  Requesting URL: https://rest.api.bible/v1/bibles/a81b73293d3080c9-01/chapters/LUK.19
  Saved: luke_19.xml
  Fetching Luke chapter 20...
  Requesting URL: https://rest.api.bible/v1/bibles/a81b73293d3080c9-01/chapters/LUK.20
  Saved: luke_20.xml
  Fetching Luke chapter 21...
  Requesting URL: https://rest.api.bible/v1/bibles/a81b73293d3080c9-01/chapters/LUK.21
  Saved: luke_21.xml
  Fetching Luke chapter 22...
  Requesting URL: https://rest.api.bible/v1/bibles/a81b73293d3080c9-01/chapters/LUK.22
  Saved: luke_22.xml
  Fetching Luke chapter 23...
  Requesting URL: https://rest.api.bible/v1/bibles/a81b73293d3080c9-01/chapters/LUK.23
  Saved: luke_23.xml
  Fetching Luke chapter 24...
  Requesting URL: https://rest.api.bible/v1/bibles/a81b73293d3080c9-01/chapters/LUK.24
  Saved: luke_24.xml

Processing John for AMP...
  Fetching John chapter 1...
  Requesting URL: https://rest.api.bible/v1/bibles/a81b73293d3080c9-01/chapters/JHN.1
  Saved: john_1.xml
  Fetching John chapter 2...
  Requesting URL: https://rest.api.bible/v1/bibles/a81b73293d3080c9-01/chapters/JHN.2
  Saved: john_2.xml
  Fetching John chapter 3...
  Requesting URL: https://rest.api.bible/v1/bibles/a81b73293d3080c9-01/chapters/JHN.3
  Saved: john_3.xml
  Fetching John chapter 4...
  Requesting URL: https://rest.api.bible/v1/bibles/a81b73293d3080c9-01/chapters/JHN.4
  Saved: john_4.xml
  Fetching John chapter 5...
  Requesting URL: https://rest.api.bible/v1/bibles/a81b73293d3080c9-01/chapters/JHN.5
  Saved: john_5.xml
  Fetching John chapter 6...
  Requesting URL: https://rest.api.bible/v1/bibles/a81b73293d3080c9-01/chapters/JHN.6
  Saved: john_6.xml
  Fetching John chapter 7...
  Requesting URL: https://rest.api.bible/v1/bibles/a81b73293d3080c9-01/chapters/JHN.7
  Saved: john_7.xml
  Fetching John chapter 8...
  Requesting URL: https://rest.api.bible/v1/bibles/a81b73293d3080c9-01/chapters/JHN.8
  Saved: john_8.xml
  Fetching John chapter 9...
  Requesting URL: https://rest.api.bible/v1/bibles/a81b73293d3080c9-01/chapters/JHN.9
  Saved: john_9.xml
  Fetching John chapter 10...
  Requesting URL: https://rest.api.bible/v1/bibles/a81b73293d3080c9-01/chapters/JHN.10
  Saved: john_10.xml
  Fetching John chapter 11...
  Requesting URL: https://rest.api.bible/v1/bibles/a81b73293d3080c9-01/chapters/JHN.11
  Saved: john_11.xml
  Fetching John chapter 12...
  Requesting URL: https://rest.api.bible/v1/bibles/a81b73293d3080c9-01/chapters/JHN.12
  Saved: john_12.xml
  Fetching John chapter 13...
  Requesting URL: https://rest.api.bible/v1/bibles/a81b73293d3080c9-01/chapters/JHN.13
  Saved: john_13.xml
  Fetching John chapter 14...
  Requesting URL: https://rest.api.bible/v1/bibles/a81b73293d3080c9-01/chapters/JHN.14
  Saved: john_14.xml
  Fetching John chapter 15...
  Requesting URL: https://rest.api.bible/v1/bibles/a81b73293d3080c9-01/chapters/JHN.15
  Saved: john_15.xml
  Fetching John chapter 16...
  Requesting URL: https://rest.api.bible/v1/bibles/a81b73293d3080c9-01/chapters/JHN.16
  Saved: john_16.xml
  Fetching John chapter 17...
  Requesting URL: https://rest.api.bible/v1/bibles/a81b73293d3080c9-01/chapters/JHN.17
  Saved: john_17.xml
  Fetching John chapter 18...
  Requesting URL: https://rest.api.bible/v1/bibles/a81b73293d3080c9-01/chapters/JHN.18
  Saved: john_18.xml
  Fetching John chapter 19...
  Requesting URL: https://rest.api.bible/v1/bibles/a81b73293d3080c9-01/chapters/JHN.19
  Saved: john_19.xml
  Fetching John chapter 20...
  Requesting URL: https://rest.api.bible/v1/bibles/a81b73293d3080c9-01/chapters/JHN.20
  Saved: john_20.xml
  Fetching John chapter 21...
  Requesting URL: https://rest.api.bible/v1/bibles/a81b73293d3080c9-01/chapters/JHN.21
  Saved: john_21.xml

Processing Acts for AMP...
  Fetching Acts chapter 1...
  Requesting URL: https://rest.api.bible/v1/bibles/a81b73293d3080c9-01/chapters/ACT.1
  Saved: acts_1.xml
  Fetching Acts chapter 2...
  Requesting URL: https://rest.api.bible/v1/bibles/a81b73293d3080c9-01/chapters/ACT.2
  Saved: acts_2.xml
  Fetching Acts chapter 3...
  Requesting URL: https://rest.api.bible/v1/bibles/a81b73293d3080c9-01/chapters/ACT.3
  Saved: acts_3.xml
  Fetching Acts chapter 4...
  Requesting URL: https://rest.api.bible/v1/bibles/a81b73293d3080c9-01/chapters/ACT.4
  Saved: acts_4.xml
  Fetching Acts chapter 5...
  Requesting URL: https://rest.api.bible/v1/bibles/a81b73293d3080c9-01/chapters/ACT.5
  Saved: acts_5.xml
  Fetching Acts chapter 6...
  Requesting URL: https://rest.api.bible/v1/bibles/a81b73293d3080c9-01/chapters/ACT.6
  Saved: acts_6.xml
  Fetching Acts chapter 7...
  Requesting URL: https://rest.api.bible/v1/bibles/a81b73293d3080c9-01/chapters/ACT.7
  Saved: acts_7.xml
  Fetching Acts chapter 8...
  Requesting URL: https://rest.api.bible/v1/bibles/a81b73293d3080c9-01/chapters/ACT.8
  Saved: acts_8.xml
  Fetching Acts chapter 9...
  Requesting URL: https://rest.api.bible/v1/bibles/a81b73293d3080c9-01/chapters/ACT.9
  Saved: acts_9.xml
  Fetching Acts chapter 10...
  Requesting URL: https://rest.api.bible/v1/bibles/a81b73293d3080c9-01/chapters/ACT.10
  Saved: acts_10.xml
  Fetching Acts chapter 11...
  Requesting URL: https://rest.api.bible/v1/bibles/a81b73293d3080c9-01/chapters/ACT.11
  Saved: acts_11.xml
  Fetching Acts chapter 12...
  Requesting URL: https://rest.api.bible/v1/bibles/a81b73293d3080c9-01/chapters/ACT.12
  Saved: acts_12.xml
  Fetching Acts chapter 13...
  Requesting URL: https://rest.api.bible/v1/bibles/a81b73293d3080c9-01/chapters/ACT.13
  Saved: acts_13.xml
  Fetching Acts chapter 14...
  Requesting URL: https://rest.api.bible/v1/bibles/a81b73293d3080c9-01/chapters/ACT.14
  Saved: acts_14.xml
  Fetching Acts chapter 15...
  Requesting URL: https://rest.api.bible/v1/bibles/a81b73293d3080c9-01/chapters/ACT.15
  Saved: acts_15.xml
  Fetching Acts chapter 16...
  Requesting URL: https://rest.api.bible/v1/bibles/a81b73293d3080c9-01/chapters/ACT.16
  Saved: acts_16.xml
  Fetching Acts chapter 17...
  Requesting URL: https://rest.api.bible/v1/bibles/a81b73293d3080c9-01/chapters/ACT.17
  Saved: acts_17.xml
  Fetching Acts chapter 18...
  Requesting URL: https://rest.api.bible/v1/bibles/a81b73293d3080c9-01/chapters/ACT.18
  Saved: acts_18.xml
  Fetching Acts chapter 19...
  Requesting URL: https://rest.api.bible/v1/bibles/a81b73293d3080c9-01/chapters/ACT.19
  Saved: acts_19.xml
  Fetching Acts chapter 20...
  Requesting URL: https://rest.api.bible/v1/bibles/a81b73293d3080c9-01/chapters/ACT.20
  Saved: acts_20.xml
  Fetching Acts chapter 21...
  Requesting URL: https://rest.api.bible/v1/bibles/a81b73293d3080c9-01/chapters/ACT.21
  Saved: acts_21.xml
  Fetching Acts chapter 22...
  Requesting URL: https://rest.api.bible/v1/bibles/a81b73293d3080c9-01/chapters/ACT.22
  Saved: acts_22.xml
  Fetching Acts chapter 23...
  Requesting URL: https://rest.api.bible/v1/bibles/a81b73293d3080c9-01/chapters/ACT.23
  Saved: acts_23.xml
  Fetching Acts chapter 24...
  Requesting URL: https://rest.api.bible/v1/bibles/a81b73293d3080c9-01/chapters/ACT.24
  Saved: acts_24.xml
  Fetching Acts chapter 25...
  Requesting URL: https://rest.api.bible/v1/bibles/a81b73293d3080c9-01/chapters/ACT.25
  Saved: acts_25.xml
  Fetching Acts chapter 26...
  Requesting URL: https://rest.api.bible/v1/bibles/a81b73293d3080c9-01/chapters/ACT.26
  Saved: acts_26.xml
  Fetching Acts chapter 27...
  Requesting URL: https://rest.api.bible/v1/bibles/a81b73293d3080c9-01/chapters/ACT.27
  Saved: acts_27.xml
  Fetching Acts chapter 28...
  Requesting URL: https://rest.api.bible/v1/bibles/a81b73293d3080c9-01/chapters/ACT.28
  Saved: acts_28.xml

Processing Romans for AMP...
  Fetching Romans chapter 1...
  Requesting URL: https://rest.api.bible/v1/bibles/a81b73293d3080c9-01/chapters/ROM.1
  Saved: romans_1.xml
  Fetching Romans chapter 2...
  Requesting URL: https://rest.api.bible/v1/bibles/a81b73293d3080c9-01/chapters/ROM.2
  Saved: romans_2.xml
  Fetching Romans chapter 3...
  Requesting URL: https://rest.api.bible/v1/bibles/a81b73293d3080c9-01/chapters/ROM.3
  Saved: romans_3.xml
  Fetching Romans chapter 4...
  Requesting URL: https://rest.api.bible/v1/bibles/a81b73293d3080c9-01/chapters/ROM.4
  Saved: romans_4.xml
  Fetching Romans chapter 5...
  Requesting URL: https://rest.api.bible/v1/bibles/a81b73293d3080c9-01/chapters/ROM.5
  Saved: romans_5.xml
  Fetching Romans chapter 6...
  Requesting URL: https://rest.api.bible/v1/bibles/a81b73293d3080c9-01/chapters/ROM.6
  Saved: romans_6.xml
  Fetching Romans chapter 7...
  Requesting URL: https://rest.api.bible/v1/bibles/a81b73293d3080c9-01/chapters/ROM.7
  Saved: romans_7.xml
  Fetching Romans chapter 8...
  Requesting URL: https://rest.api.bible/v1/bibles/a81b73293d3080c9-01/chapters/ROM.8
  Saved: romans_8.xml
  Fetching Romans chapter 9...
  Requesting URL: https://rest.api.bible/v1/bibles/a81b73293d3080c9-01/chapters/ROM.9
  Saved: romans_9.xml
  Fetching Romans chapter 10...
  Requesting URL: https://rest.api.bible/v1/bibles/a81b73293d3080c9-01/chapters/ROM.10
  Saved: romans_10.xml
  Fetching Romans chapter 11...
  Requesting URL: https://rest.api.bible/v1/bibles/a81b73293d3080c9-01/chapters/ROM.11
  Saved: romans_11.xml
  Fetching Romans chapter 12...
  Requesting URL: https://rest.api.bible/v1/bibles/a81b73293d3080c9-01/chapters/ROM.12
  Saved: romans_12.xml
  Fetching Romans chapter 13...
  Requesting URL: https://rest.api.bible/v1/bibles/a81b73293d3080c9-01/chapters/ROM.13
  Saved: romans_13.xml
  Fetching Romans chapter 14...
  Requesting URL: https://rest.api.bible/v1/bibles/a81b73293d3080c9-01/chapters/ROM.14
  Saved: romans_14.xml
  Fetching Romans chapter 15...
  Requesting URL: https://rest.api.bible/v1/bibles/a81b73293d3080c9-01/chapters/ROM.15
  Saved: romans_15.xml
  Fetching Romans chapter 16...
  Requesting URL: https://rest.api.bible/v1/bibles/a81b73293d3080c9-01/chapters/ROM.16
  Saved: romans_16.xml

Processing 1 Corinthians for AMP...
  Fetching 1 Corinthians chapter 1...
  Requesting URL: https://rest.api.bible/v1/bibles/a81b73293d3080c9-01/chapters/1CO.1
  Saved: 1_corinthians_1.xml
  Fetching 1 Corinthians chapter 2...
  Requesting URL: https://rest.api.bible/v1/bibles/a81b73293d3080c9-01/chapters/1CO.2
  Saved: 1_corinthians_2.xml
  Fetching 1 Corinthians chapter 3...
  Requesting URL: https://rest.api.bible/v1/bibles/a81b73293d3080c9-01/chapters/1CO.3
  Saved: 1_corinthians_3.xml
  Fetching 1 Corinthians chapter 4...
  Requesting URL: https://rest.api.bible/v1/bibles/a81b73293d3080c9-01/chapters/1CO.4
  Saved: 1_corinthians_4.xml
  Fetching 1 Corinthians chapter 5...
  Requesting URL: https://rest.api.bible/v1/bibles/a81b73293d3080c9-01/chapters/1CO.5
  Saved: 1_corinthians_5.xml
  Fetching 1 Corinthians chapter 6...
  Requesting URL: https://rest.api.bible/v1/bibles/a81b73293d3080c9-01/chapters/1CO.6
  Saved: 1_corinthians_6.xml
  Fetching 1 Corinthians chapter 7...
  Requesting URL: https://rest.api.bible/v1/bibles/a81b73293d3080c9-01/chapters/1CO.7
  Saved: 1_corinthians_7.xml
  Fetching 1 Corinthians chapter 8...
  Requesting URL: https://rest.api.bible/v1/bibles/a81b73293d3080c9-01/chapters/1CO.8
  Saved: 1_corinthians_8.xml
  Fetching 1 Corinthians chapter 9...
  Requesting URL: https://rest.api.bible/v1/bibles/a81b73293d3080c9-01/chapters/1CO.9
  Saved: 1_corinthians_9.xml
  Fetching 1 Corinthians chapter 10...
  Requesting URL: https://rest.api.bible/v1/bibles/a81b73293d3080c9-01/chapters/1CO.10
  Saved: 1_corinthians_10.xml
  Fetching 1 Corinthians chapter 11...
  Requesting URL: https://rest.api.bible/v1/bibles/a81b73293d3080c9-01/chapters/1CO.11
  Saved: 1_corinthians_11.xml
  Fetching 1 Corinthians chapter 12...
  Requesting URL: https://rest.api.bible/v1/bibles/a81b73293d3080c9-01/chapters/1CO.12
  Saved: 1_corinthians_12.xml
  Fetching 1 Corinthians chapter 13...
  Requesting URL: https://rest.api.bible/v1/bibles/a81b73293d3080c9-01/chapters/1CO.13
  Saved: 1_corinthians_13.xml
  Fetching 1 Corinthians chapter 14...
  Requesting URL: https://rest.api.bible/v1/bibles/a81b73293d3080c9-01/chapters/1CO.14
  Saved: 1_corinthians_14.xml
  Fetching 1 Corinthians chapter 15...
  Requesting URL: https://rest.api.bible/v1/bibles/a81b73293d3080c9-01/chapters/1CO.15
  Saved: 1_corinthians_15.xml
  Fetching 1 Corinthians chapter 16...
  Requesting URL: https://rest.api.bible/v1/bibles/a81b73293d3080c9-01/chapters/1CO.16
  Saved: 1_corinthians_16.xml

Processing 2 Corinthians for AMP...
  Fetching 2 Corinthians chapter 1...
  Requesting URL: https://rest.api.bible/v1/bibles/a81b73293d3080c9-01/chapters/2CO.1
  Saved: 2_corinthians_1.xml
  Fetching 2 Corinthians chapter 2...
  Requesting URL: https://rest.api.bible/v1/bibles/a81b73293d3080c9-01/chapters/2CO.2
  Saved: 2_corinthians_2.xml
  Fetching 2 Corinthians chapter 3...
  Requesting URL: https://rest.api.bible/v1/bibles/a81b73293d3080c9-01/chapters/2CO.3
  Saved: 2_corinthians_3.xml
  Fetching 2 Corinthians chapter 4...
  Requesting URL: https://rest.api.bible/v1/bibles/a81b73293d3080c9-01/chapters/2CO.4
  Saved: 2_corinthians_4.xml
  Fetching 2 Corinthians chapter 5...
  Requesting URL: https://rest.api.bible/v1/bibles/a81b73293d3080c9-01/chapters/2CO.5
  Saved: 2_corinthians_5.xml
  Fetching 2 Corinthians chapter 6...
  Requesting URL: https://rest.api.bible/v1/bibles/a81b73293d3080c9-01/chapters/2CO.6
  Saved: 2_corinthians_6.xml
  Fetching 2 Corinthians chapter 7...
  Requesting URL: https://rest.api.bible/v1/bibles/a81b73293d3080c9-01/chapters/2CO.7
  Saved: 2_corinthians_7.xml
  Fetching 2 Corinthians chapter 8...
  Requesting URL: https://rest.api.bible/v1/bibles/a81b73293d3080c9-01/chapters/2CO.8
  Saved: 2_corinthians_8.xml
  Fetching 2 Corinthians chapter 9...
  Requesting URL: https://rest.api.bible/v1/bibles/a81b73293d3080c9-01/chapters/2CO.9
  Saved: 2_corinthians_9.xml
  Fetching 2 Corinthians chapter 10...
  Requesting URL: https://rest.api.bible/v1/bibles/a81b73293d3080c9-01/chapters/2CO.10
  Saved: 2_corinthians_10.xml
  Fetching 2 Corinthians chapter 11...
  Requesting URL: https://rest.api.bible/v1/bibles/a81b73293d3080c9-01/chapters/2CO.11
  Saved: 2_corinthians_11.xml
  Fetching 2 Corinthians chapter 12...
  Requesting URL: https://rest.api.bible/v1/bibles/a81b73293d3080c9-01/chapters/2CO.12
  Saved: 2_corinthians_12.xml
  Fetching 2 Corinthians chapter 13...
  Requesting URL: https://rest.api.bible/v1/bibles/a81b73293d3080c9-01/chapters/2CO.13
  Saved: 2_corinthians_13.xml

Processing Galatians for AMP...
  Fetching Galatians chapter 1...
  Requesting URL: https://rest.api.bible/v1/bibles/a81b73293d3080c9-01/chapters/GAL.1
  Saved: galatians_1.xml
  Fetching Galatians chapter 2...
  Requesting URL: https://rest.api.bible/v1/bibles/a81b73293d3080c9-01/chapters/GAL.2
  Saved: galatians_2.xml
  Fetching Galatians chapter 3...
  Requesting URL: https://rest.api.bible/v1/bibles/a81b73293d3080c9-01/chapters/GAL.3
  Saved: galatians_3.xml
  Fetching Galatians chapter 4...
  Requesting URL: https://rest.api.bible/v1/bibles/a81b73293d3080c9-01/chapters/GAL.4
  Saved: galatians_4.xml
  Fetching Galatians chapter 5...
  Requesting URL: https://rest.api.bible/v1/bibles/a81b73293d3080c9-01/chapters/GAL.5
  Saved: galatians_5.xml
  Fetching Galatians chapter 6...
  Requesting URL: https://rest.api.bible/v1/bibles/a81b73293d3080c9-01/chapters/GAL.6
  Saved: galatians_6.xml

Processing Ephesians for AMP...
  Fetching Ephesians chapter 1...
  Requesting URL: https://rest.api.bible/v1/bibles/a81b73293d3080c9-01/chapters/EPH.1
  Saved: ephesians_1.xml
  Fetching Ephesians chapter 2...
  Requesting URL: https://rest.api.bible/v1/bibles/a81b73293d3080c9-01/chapters/EPH.2
  Saved: ephesians_2.xml
  Fetching Ephesians chapter 3...
  Requesting URL: https://rest.api.bible/v1/bibles/a81b73293d3080c9-01/chapters/EPH.3
  Saved: ephesians_3.xml
  Fetching Ephesians chapter 4...
  Requesting URL: https://rest.api.bible/v1/bibles/a81b73293d3080c9-01/chapters/EPH.4
  Saved: ephesians_4.xml
  Fetching Ephesians chapter 5...
  Requesting URL: https://rest.api.bible/v1/bibles/a81b73293d3080c9-01/chapters/EPH.5
  Saved: ephesians_5.xml
  Fetching Ephesians chapter 6...
  Requesting URL: https://rest.api.bible/v1/bibles/a81b73293d3080c9-01/chapters/EPH.6
  Saved: ephesians_6.xml

Processing Philippians for AMP...
  Fetching Philippians chapter 1...
  Requesting URL: https://rest.api.bible/v1/bibles/a81b73293d3080c9-01/chapters/PHP.1
  Saved: philippians_1.xml
  Fetching Philippians chapter 2...
  Requesting URL: https://rest.api.bible/v1/bibles/a81b73293d3080c9-01/chapters/PHP.2
  Saved: philippians_2.xml
  Fetching Philippians chapter 3...
  Requesting URL: https://rest.api.bible/v1/bibles/a81b73293d3080c9-01/chapters/PHP.3
  Saved: philippians_3.xml
  Fetching Philippians chapter 4...
  Requesting URL: https://rest.api.bible/v1/bibles/a81b73293d3080c9-01/chapters/PHP.4
  Saved: philippians_4.xml

Processing Colossians for AMP...
  Fetching Colossians chapter 1...
  Requesting URL: https://rest.api.bible/v1/bibles/a81b73293d3080c9-01/chapters/COL.1
  Saved: colossians_1.xml
  Fetching Colossians chapter 2...
  Requesting URL: https://rest.api.bible/v1/bibles/a81b73293d3080c9-01/chapters/COL.2
  Saved: colossians_2.xml
  Fetching Colossians chapter 3...
  Requesting URL: https://rest.api.bible/v1/bibles/a81b73293d3080c9-01/chapters/COL.3
  Saved: colossians_3.xml
  Fetching Colossians chapter 4...
  Requesting URL: https://rest.api.bible/v1/bibles/a81b73293d3080c9-01/chapters/COL.4
  Saved: colossians_4.xml

Processing 1 Thessalonians for AMP...
  Fetching 1 Thessalonians chapter 1...
  Requesting URL: https://rest.api.bible/v1/bibles/a81b73293d3080c9-01/chapters/1TH.1
  Saved: 1_thessalonians_1.xml
  Fetching 1 Thessalonians chapter 2...
  Requesting URL: https://rest.api.bible/v1/bibles/a81b73293d3080c9-01/chapters/1TH.2
  Saved: 1_thessalonians_2.xml
  Fetching 1 Thessalonians chapter 3...
  Requesting URL: https://rest.api.bible/v1/bibles/a81b73293d3080c9-01/chapters/1TH.3
  Saved: 1_thessalonians_3.xml
  Fetching 1 Thessalonians chapter 4...
  Requesting URL: https://rest.api.bible/v1/bibles/a81b73293d3080c9-01/chapters/1TH.4
  Saved: 1_thessalonians_4.xml
  Fetching 1 Thessalonians chapter 5...
  Requesting URL: https://rest.api.bible/v1/bibles/a81b73293d3080c9-01/chapters/1TH.5
  Saved: 1_thessalonians_5.xml

Processing 2 Thessalonians for AMP...
  Fetching 2 Thessalonians chapter 1...
  Requesting URL: https://rest.api.bible/v1/bibles/a81b73293d3080c9-01/chapters/2TH.1
  Saved: 2_thessalonians_1.xml
  Fetching 2 Thessalonians chapter 2...
  Requesting URL: https://rest.api.bible/v1/bibles/a81b73293d3080c9-01/chapters/2TH.2
  Saved: 2_thessalonians_2.xml
  Fetching 2 Thessalonians chapter 3...
  Requesting URL: https://rest.api.bible/v1/bibles/a81b73293d3080c9-01/chapters/2TH.3
  Saved: 2_thessalonians_3.xml

Processing 1 Timothy for AMP...
  Fetching 1 Timothy chapter 1...
  Requesting URL: https://rest.api.bible/v1/bibles/a81b73293d3080c9-01/chapters/1TI.1
  Saved: 1_timothy_1.xml
  Fetching 1 Timothy chapter 2...
  Requesting URL: https://rest.api.bible/v1/bibles/a81b73293d3080c9-01/chapters/1TI.2
  Saved: 1_timothy_2.xml
  Fetching 1 Timothy chapter 3...
  Requesting URL: https://rest.api.bible/v1/bibles/a81b73293d3080c9-01/chapters/1TI.3
  Saved: 1_timothy_3.xml
  Fetching 1 Timothy chapter 4...
  Requesting URL: https://rest.api.bible/v1/bibles/a81b73293d3080c9-01/chapters/1TI.4
  Saved: 1_timothy_4.xml
  Fetching 1 Timothy chapter 5...
  Requesting URL: https://rest.api.bible/v1/bibles/a81b73293d3080c9-01/chapters/1TI.5
  Saved: 1_timothy_5.xml
  Fetching 1 Timothy chapter 6...
  Requesting URL: https://rest.api.bible/v1/bibles/a81b73293d3080c9-01/chapters/1TI.6
  Saved: 1_timothy_6.xml

Processing 2 Timothy for AMP...
  Fetching 2 Timothy chapter 1...
  Requesting URL: https://rest.api.bible/v1/bibles/a81b73293d3080c9-01/chapters/2TI.1
  Saved: 2_timothy_1.xml
  Fetching 2 Timothy chapter 2...
  Requesting URL: https://rest.api.bible/v1/bibles/a81b73293d3080c9-01/chapters/2TI.2
  Saved: 2_timothy_2.xml
  Fetching 2 Timothy chapter 3...
  Requesting URL: https://rest.api.bible/v1/bibles/a81b73293d3080c9-01/chapters/2TI.3
  Saved: 2_timothy_3.xml
  Fetching 2 Timothy chapter 4...
  Requesting URL: https://rest.api.bible/v1/bibles/a81b73293d3080c9-01/chapters/2TI.4
  Saved: 2_timothy_4.xml

Processing Titus for AMP...
  Fetching Titus chapter 1...
  Requesting URL: https://rest.api.bible/v1/bibles/a81b73293d3080c9-01/chapters/TIT.1
  Saved: titus_1.xml
  Fetching Titus chapter 2...
  Requesting URL: https://rest.api.bible/v1/bibles/a81b73293d3080c9-01/chapters/TIT.2
  Saved: titus_2.xml
  Fetching Titus chapter 3...
  Requesting URL: https://rest.api.bible/v1/bibles/a81b73293d3080c9-01/chapters/TIT.3
  Saved: titus_3.xml

Processing Philemon for AMP...
  Fetching Philemon chapter 1...
  Requesting URL: https://rest.api.bible/v1/bibles/a81b73293d3080c9-01/chapters/PHM.1
  Saved: philemon_1.xml

Processing Hebrews for AMP...
  Fetching Hebrews chapter 1...
  Requesting URL: https://rest.api.bible/v1/bibles/a81b73293d3080c9-01/chapters/HEB.1
  Saved: hebrews_1.xml
  Fetching Hebrews chapter 2...
  Requesting URL: https://rest.api.bible/v1/bibles/a81b73293d3080c9-01/chapters/HEB.2
  Saved: hebrews_2.xml
  Fetching Hebrews chapter 3...
  Requesting URL: https://rest.api.bible/v1/bibles/a81b73293d3080c9-01/chapters/HEB.3
  Saved: hebrews_3.xml
  Fetching Hebrews chapter 4...
  Requesting URL: https://rest.api.bible/v1/bibles/a81b73293d3080c9-01/chapters/HEB.4
  Saved: hebrews_4.xml
  Fetching Hebrews chapter 5...
  Requesting URL: https://rest.api.bible/v1/bibles/a81b73293d3080c9-01/chapters/HEB.5
  Saved: hebrews_5.xml
  Fetching Hebrews chapter 6...
  Requesting URL: https://rest.api.bible/v1/bibles/a81b73293d3080c9-01/chapters/HEB.6
  Saved: hebrews_6.xml
  Fetching Hebrews chapter 7...
  Requesting URL: https://rest.api.bible/v1/bibles/a81b73293d3080c9-01/chapters/HEB.7
  Saved: hebrews_7.xml
  Fetching Hebrews chapter 8...
  Requesting URL: https://rest.api.bible/v1/bibles/a81b73293d3080c9-01/chapters/HEB.8
  Saved: hebrews_8.xml
  Fetching Hebrews chapter 9...
  Requesting URL: https://rest.api.bible/v1/bibles/a81b73293d3080c9-01/chapters/HEB.9
  Saved: hebrews_9.xml
  Fetching Hebrews chapter 10...
  Requesting URL: https://rest.api.bible/v1/bibles/a81b73293d3080c9-01/chapters/HEB.10
  Saved: hebrews_10.xml
  Fetching Hebrews chapter 11...
  Requesting URL: https://rest.api.bible/v1/bibles/a81b73293d3080c9-01/chapters/HEB.11
  Saved: hebrews_11.xml
  Fetching Hebrews chapter 12...
  Requesting URL: https://rest.api.bible/v1/bibles/a81b73293d3080c9-01/chapters/HEB.12
  Saved: hebrews_12.xml
  Fetching Hebrews chapter 13...
  Requesting URL: https://rest.api.bible/v1/bibles/a81b73293d3080c9-01/chapters/HEB.13
  Saved: hebrews_13.xml

Processing James for AMP...
  Fetching James chapter 1...
  Requesting URL: https://rest.api.bible/v1/bibles/a81b73293d3080c9-01/chapters/JAS.1
  Saved: james_1.xml
  Fetching James chapter 2...
  Requesting URL: https://rest.api.bible/v1/bibles/a81b73293d3080c9-01/chapters/JAS.2
  Saved: james_2.xml
  Fetching James chapter 3...
  Requesting URL: https://rest.api.bible/v1/bibles/a81b73293d3080c9-01/chapters/JAS.3
  Saved: james_3.xml
  Fetching James chapter 4...
  Requesting URL: https://rest.api.bible/v1/bibles/a81b73293d3080c9-01/chapters/JAS.4
  Saved: james_4.xml
  Fetching James chapter 5...
  Requesting URL: https://rest.api.bible/v1/bibles/a81b73293d3080c9-01/chapters/JAS.5
  Saved: james_5.xml

Processing 1 Peter for AMP...
  Fetching 1 Peter chapter 1...
  Requesting URL: https://rest.api.bible/v1/bibles/a81b73293d3080c9-01/chapters/1PE.1
  Saved: 1_peter_1.xml
  Fetching 1 Peter chapter 2...
  Requesting URL: https://rest.api.bible/v1/bibles/a81b73293d3080c9-01/chapters/1PE.2
  Saved: 1_peter_2.xml
  Fetching 1 Peter chapter 3...
  Requesting URL: https://rest.api.bible/v1/bibles/a81b73293d3080c9-01/chapters/1PE.3
  Saved: 1_peter_3.xml
  Fetching 1 Peter chapter 4...
  Requesting URL: https://rest.api.bible/v1/bibles/a81b73293d3080c9-01/chapters/1PE.4
  Saved: 1_peter_4.xml
  Fetching 1 Peter chapter 5...
  Requesting URL: https://rest.api.bible/v1/bibles/a81b73293d3080c9-01/chapters/1PE.5
  Saved: 1_peter_5.xml

Processing 2 Peter for AMP...
  Fetching 2 Peter chapter 1...
  Requesting URL: https://rest.api.bible/v1/bibles/a81b73293d3080c9-01/chapters/2PE.1
  Saved: 2_peter_1.xml
  Fetching 2 Peter chapter 2...
  Requesting URL: https://rest.api.bible/v1/bibles/a81b73293d3080c9-01/chapters/2PE.2
  Saved: 2_peter_2.xml
  Fetching 2 Peter chapter 3...
  Requesting URL: https://rest.api.bible/v1/bibles/a81b73293d3080c9-01/chapters/2PE.3
  Saved: 2_peter_3.xml

Processing 1 John for AMP...
  Fetching 1 John chapter 1...
  Requesting URL: https://rest.api.bible/v1/bibles/a81b73293d3080c9-01/chapters/1JN.1
  Saved: 1_john_1.xml
  Fetching 1 John chapter 2...
  Requesting URL: https://rest.api.bible/v1/bibles/a81b73293d3080c9-01/chapters/1JN.2
  Saved: 1_john_2.xml
  Fetching 1 John chapter 3...
  Requesting URL: https://rest.api.bible/v1/bibles/a81b73293d3080c9-01/chapters/1JN.3
  Saved: 1_john_3.xml
  Fetching 1 John chapter 4...
  Requesting URL: https://rest.api.bible/v1/bibles/a81b73293d3080c9-01/chapters/1JN.4
  Saved: 1_john_4.xml
  Fetching 1 John chapter 5...
  Requesting URL: https://rest.api.bible/v1/bibles/a81b73293d3080c9-01/chapters/1JN.5
  Saved: 1_john_5.xml

Processing 2 John for AMP...
  Fetching 2 John chapter 1...
  Requesting URL: https://rest.api.bible/v1/bibles/a81b73293d3080c9-01/chapters/2JN.1
  Saved: 2_john_1.xml

Processing 3 John for AMP...
  Fetching 3 John chapter 1...
  Requesting URL: https://rest.api.bible/v1/bibles/a81b73293d3080c9-01/chapters/3JN.1
  Saved: 3_john_1.xml

Processing Jude for AMP...
  Fetching Jude chapter 1...
  Requesting URL: https://rest.api.bible/v1/bibles/a81b73293d3080c9-01/chapters/JUD.1
  Saved: jude_1.xml

Processing Revelation for AMP...
  Fetching Revelation chapter 1...
  Requesting URL: https://rest.api.bible/v1/bibles/a81b73293d3080c9-01/chapters/REV.1
  Saved: revelation_1.xml
  Fetching Revelation chapter 2...
  Requesting URL: https://rest.api.bible/v1/bibles/a81b73293d3080c9-01/chapters/REV.2
  Saved: revelation_2.xml
  Fetching Revelation chapter 3...
  Requesting URL: https://rest.api.bible/v1/bibles/a81b73293d3080c9-01/chapters/REV.3
  Saved: revelation_3.xml
  Fetching Revelation chapter 4...
  Requesting URL: https://rest.api.bible/v1/bibles/a81b73293d3080c9-01/chapters/REV.4
  Saved: revelation_4.xml
  Fetching Revelation chapter 5...
  Requesting URL: https://rest.api.bible/v1/bibles/a81b73293d3080c9-01/chapters/REV.5
  Saved: revelation_5.xml
  Fetching Revelation chapter 6...
  Requesting URL: https://rest.api.bible/v1/bibles/a81b73293d3080c9-01/chapters/REV.6
  Saved: revelation_6.xml
  Fetching Revelation chapter 7...
  Requesting URL: https://rest.api.bible/v1/bibles/a81b73293d3080c9-01/chapters/REV.7
  Saved: revelation_7.xml
  Fetching Revelation chapter 8...
  Requesting URL: https://rest.api.bible/v1/bibles/a81b73293d3080c9-01/chapters/REV.8
  Saved: revelation_8.xml
  Fetching Revelation chapter 9...
  Requesting URL: https://rest.api.bible/v1/bibles/a81b73293d3080c9-01/chapters/REV.9
  Saved: revelation_9.xml
  Fetching Revelation chapter 10...
  Requesting URL: https://rest.api.bible/v1/bibles/a81b73293d3080c9-01/chapters/REV.10
  Saved: revelation_10.xml
  Fetching Revelation chapter 11...
  Requesting URL: https://rest.api.bible/v1/bibles/a81b73293d3080c9-01/chapters/REV.11
  Saved: revelation_11.xml
  Fetching Revelation chapter 12...
  Requesting URL: https://rest.api.bible/v1/bibles/a81b73293d3080c9-01/chapters/REV.12
  Saved: revelation_12.xml
  Fetching Revelation chapter 13...
  Requesting URL: https://rest.api.bible/v1/bibles/a81b73293d3080c9-01/chapters/REV.13
  Saved: revelation_13.xml
  Fetching Revelation chapter 14...
  Requesting URL: https://rest.api.bible/v1/bibles/a81b73293d3080c9-01/chapters/REV.14
  Saved: revelation_14.xml
  Fetching Revelation chapter 15...
  Requesting URL: https://rest.api.bible/v1/bibles/a81b73293d3080c9-01/chapters/REV.15
  Saved: revelation_15.xml
  Fetching Revelation chapter 16...
  Requesting URL: https://rest.api.bible/v1/bibles/a81b73293d3080c9-01/chapters/REV.16
  Saved: revelation_16.xml
  Fetching Revelation chapter 17...
  Requesting URL: https://rest.api.bible/v1/bibles/a81b73293d3080c9-01/chapters/REV.17
  Saved: revelation_17.xml
  Fetching Revelation chapter 18...
  Requesting URL: https://rest.api.bible/v1/bibles/a81b73293d3080c9-01/chapters/REV.18
  Saved: revelation_18.xml
  Fetching Revelation chapter 19...
  Requesting URL: https://rest.api.bible/v1/bibles/a81b73293d3080c9-01/chapters/REV.19
  Saved: revelation_19.xml
  Fetching Revelation chapter 20...
  Requesting URL: https://rest.api.bible/v1/bibles/a81b73293d3080c9-01/chapters/REV.20
  Saved: revelation_20.xml
  Fetching Revelation chapter 21...
  Requesting URL: https://rest.api.bible/v1/bibles/a81b73293d3080c9-01/chapters/REV.21
  Saved: revelation_21.xml
  Fetching Revelation chapter 22...
  Requesting URL: https://rest.api.bible/v1/bibles/a81b73293d3080c9-01/chapters/REV.22
  Saved: revelation_22.xml

Fetching metadata for NLT...
  New Living Translation
  Copyright: Holy Bible, New Living Translation, copyright © 1996, 2004, 2015 by Tyndale House Foundation. All ri...

Processing Genesis for NLT...
  Fetching Genesis chapter 1...
  Requesting URL: https://rest.api.bible/v1/bibles/d6e14a625393b4da-01/chapters/GEN.1
  Saved: genesis_1.xml
  Fetching Genesis chapter 2...
  Requesting URL: https://rest.api.bible/v1/bibles/d6e14a625393b4da-01/chapters/GEN.2
  Saved: genesis_2.xml
  Fetching Genesis chapter 3...
  Requesting URL: https://rest.api.bible/v1/bibles/d6e14a625393b4da-01/chapters/GEN.3
  Saved: genesis_3.xml
  Fetching Genesis chapter 4...
  Requesting URL: https://rest.api.bible/v1/bibles/d6e14a625393b4da-01/chapters/GEN.4
  Saved: genesis_4.xml
  Fetching Genesis chapter 5...
  Requesting URL: https://rest.api.bible/v1/bibles/d6e14a625393b4da-01/chapters/GEN.5
  Saved: genesis_5.xml
  Fetching Genesis chapter 6...
  Requesting URL: https://rest.api.bible/v1/bibles/d6e14a625393b4da-01/chapters/GEN.6
  Saved: genesis_6.xml
  Fetching Genesis chapter 7...
  Requesting URL: https://rest.api.bible/v1/bibles/d6e14a625393b4da-01/chapters/GEN.7
  Saved: genesis_7.xml
  Fetching Genesis chapter 8...
  Requesting URL: https://rest.api.bible/v1/bibles/d6e14a625393b4da-01/chapters/GEN.8
  Saved: genesis_8.xml
  Fetching Genesis chapter 9...
  Requesting URL: https://rest.api.bible/v1/bibles/d6e14a625393b4da-01/chapters/GEN.9
  Saved: genesis_9.xml
  Fetching Genesis chapter 10...
  Requesting URL: https://rest.api.bible/v1/bibles/d6e14a625393b4da-01/chapters/GEN.10
  Saved: genesis_10.xml
  Fetching Genesis chapter 11...
  Requesting URL: https://rest.api.bible/v1/bibles/d6e14a625393b4da-01/chapters/GEN.11
  Saved: genesis_11.xml
  Fetching Genesis chapter 12...
  Requesting URL: https://rest.api.bible/v1/bibles/d6e14a625393b4da-01/chapters/GEN.12
  Saved: genesis_12.xml
  Fetching Genesis chapter 13...
  Requesting URL: https://rest.api.bible/v1/bibles/d6e14a625393b4da-01/chapters/GEN.13
  Saved: genesis_13.xml
  Fetching Genesis chapter 14...
  Requesting URL: https://rest.api.bible/v1/bibles/d6e14a625393b4da-01/chapters/GEN.14
  Saved: genesis_14.xml
  Fetching Genesis chapter 15...
  Requesting URL: https://rest.api.bible/v1/bibles/d6e14a625393b4da-01/chapters/GEN.15
  Saved: genesis_15.xml
  Fetching Genesis chapter 16...
  Requesting URL: https://rest.api.bible/v1/bibles/d6e14a625393b4da-01/chapters/GEN.16
  Saved: genesis_16.xml
  Fetching Genesis chapter 17...
  Requesting URL: https://rest.api.bible/v1/bibles/d6e14a625393b4da-01/chapters/GEN.17
  Saved: genesis_17.xml
  Fetching Genesis chapter 18...
  Requesting URL: https://rest.api.bible/v1/bibles/d6e14a625393b4da-01/chapters/GEN.18
  Saved: genesis_18.xml
  Fetching Genesis chapter 19...
  Requesting URL: https://rest.api.bible/v1/bibles/d6e14a625393b4da-01/chapters/GEN.19
  Saved: genesis_19.xml
  Fetching Genesis chapter 20...
  Requesting URL: https://rest.api.bible/v1/bibles/d6e14a625393b4da-01/chapters/GEN.20
  Saved: genesis_20.xml
  Fetching Genesis chapter 21...
  Requesting URL: https://rest.api.bible/v1/bibles/d6e14a625393b4da-01/chapters/GEN.21
  Saved: genesis_21.xml
  Fetching Genesis chapter 22...
  Requesting URL: https://rest.api.bible/v1/bibles/d6e14a625393b4da-01/chapters/GEN.22
  Saved: genesis_22.xml
  Fetching Genesis chapter 23...
  Requesting URL: https://rest.api.bible/v1/bibles/d6e14a625393b4da-01/chapters/GEN.23
  Saved: genesis_23.xml
  Fetching Genesis chapter 24...
  Requesting URL: https://rest.api.bible/v1/bibles/d6e14a625393b4da-01/chapters/GEN.24
  Saved: genesis_24.xml
  Fetching Genesis chapter 25...
  Requesting URL: https://rest.api.bible/v1/bibles/d6e14a625393b4da-01/chapters/GEN.25
  Saved: genesis_25.xml
  Fetching Genesis chapter 26...
  Requesting URL: https://rest.api.bible/v1/bibles/d6e14a625393b4da-01/chapters/GEN.26
  Saved: genesis_26.xml
  Fetching Genesis chapter 27...
  Requesting URL: https://rest.api.bible/v1/bibles/d6e14a625393b4da-01/chapters/GEN.27
  Saved: genesis_27.xml
  Fetching Genesis chapter 28...
  Requesting URL: https://rest.api.bible/v1/bibles/d6e14a625393b4da-01/chapters/GEN.28
  Saved: genesis_28.xml
  Fetching Genesis chapter 29...
  Requesting URL: https://rest.api.bible/v1/bibles/d6e14a625393b4da-01/chapters/GEN.29
  Saved: genesis_29.xml
  Fetching Genesis chapter 30...
  Requesting URL: https://rest.api.bible/v1/bibles/d6e14a625393b4da-01/chapters/GEN.30
  Saved: genesis_30.xml
  Fetching Genesis chapter 31...
  Requesting URL: https://rest.api.bible/v1/bibles/d6e14a625393b4da-01/chapters/GEN.31
  Saved: genesis_31.xml
  Fetching Genesis chapter 32...
  Requesting URL: https://rest.api.bible/v1/bibles/d6e14a625393b4da-01/chapters/GEN.32
  Saved: genesis_32.xml
  Fetching Genesis chapter 33...
  Requesting URL: https://rest.api.bible/v1/bibles/d6e14a625393b4da-01/chapters/GEN.33
  Saved: genesis_33.xml
  Fetching Genesis chapter 34...
  Requesting URL: https://rest.api.bible/v1/bibles/d6e14a625393b4da-01/chapters/GEN.34
  Saved: genesis_34.xml
  Fetching Genesis chapter 35...
  Requesting URL: https://rest.api.bible/v1/bibles/d6e14a625393b4da-01/chapters/GEN.35
  Saved: genesis_35.xml
  Fetching Genesis chapter 36...
  Requesting URL: https://rest.api.bible/v1/bibles/d6e14a625393b4da-01/chapters/GEN.36
  Saved: genesis_36.xml
  Fetching Genesis chapter 37...
  Requesting URL: https://rest.api.bible/v1/bibles/d6e14a625393b4da-01/chapters/GEN.37
  Saved: genesis_37.xml
  Fetching Genesis chapter 38...
  Requesting URL: https://rest.api.bible/v1/bibles/d6e14a625393b4da-01/chapters/GEN.38
  Saved: genesis_38.xml
  Fetching Genesis chapter 39...
  Requesting URL: https://rest.api.bible/v1/bibles/d6e14a625393b4da-01/chapters/GEN.39
  Saved: genesis_39.xml
  Fetching Genesis chapter 40...
  Requesting URL: https://rest.api.bible/v1/bibles/d6e14a625393b4da-01/chapters/GEN.40
  Saved: genesis_40.xml
  Fetching Genesis chapter 41...
  Requesting URL: https://rest.api.bible/v1/bibles/d6e14a625393b4da-01/chapters/GEN.41
  Saved: genesis_41.xml
  Fetching Genesis chapter 42...
  Requesting URL: https://rest.api.bible/v1/bibles/d6e14a625393b4da-01/chapters/GEN.42
  Saved: genesis_42.xml
  Fetching Genesis chapter 43...
  Requesting URL: https://rest.api.bible/v1/bibles/d6e14a625393b4da-01/chapters/GEN.43
  Saved: genesis_43.xml
  Fetching Genesis chapter 44...
  Requesting URL: https://rest.api.bible/v1/bibles/d6e14a625393b4da-01/chapters/GEN.44
  Saved: genesis_44.xml
  Fetching Genesis chapter 45...
  Requesting URL: https://rest.api.bible/v1/bibles/d6e14a625393b4da-01/chapters/GEN.45
  Saved: genesis_45.xml
  Fetching Genesis chapter 46...
  Requesting URL: https://rest.api.bible/v1/bibles/d6e14a625393b4da-01/chapters/GEN.46
  Saved: genesis_46.xml
  Fetching Genesis chapter 47...
  Requesting URL: https://rest.api.bible/v1/bibles/d6e14a625393b4da-01/chapters/GEN.47
  Saved: genesis_47.xml
  Fetching Genesis chapter 48...
  Requesting URL: https://rest.api.bible/v1/bibles/d6e14a625393b4da-01/chapters/GEN.48
  Saved: genesis_48.xml
  Fetching Genesis chapter 49...
  Requesting URL: https://rest.api.bible/v1/bibles/d6e14a625393b4da-01/chapters/GEN.49
  Saved: genesis_49.xml
  Fetching Genesis chapter 50...
  Requesting URL: https://rest.api.bible/v1/bibles/d6e14a625393b4da-01/chapters/GEN.50
  Saved: genesis_50.xml

Processing Exodus for NLT...
  Fetching Exodus chapter 1...
  Requesting URL: https://rest.api.bible/v1/bibles/d6e14a625393b4da-01/chapters/EXO.1
  Saved: exodus_1.xml
  Fetching Exodus chapter 2...
  Requesting URL: https://rest.api.bible/v1/bibles/d6e14a625393b4da-01/chapters/EXO.2
  Saved: exodus_2.xml
  Fetching Exodus chapter 3...
  Requesting URL: https://rest.api.bible/v1/bibles/d6e14a625393b4da-01/chapters/EXO.3
  Saved: exodus_3.xml
  Fetching Exodus chapter 4...
  Requesting URL: https://rest.api.bible/v1/bibles/d6e14a625393b4da-01/chapters/EXO.4
  Saved: exodus_4.xml
  Fetching Exodus chapter 5...
  Requesting URL: https://rest.api.bible/v1/bibles/d6e14a625393b4da-01/chapters/EXO.5
  Saved: exodus_5.xml
  Fetching Exodus chapter 6...
  Requesting URL: https://rest.api.bible/v1/bibles/d6e14a625393b4da-01/chapters/EXO.6
  Saved: exodus_6.xml
  Fetching Exodus chapter 7...
  Requesting URL: https://rest.api.bible/v1/bibles/d6e14a625393b4da-01/chapters/EXO.7
  Saved: exodus_7.xml
  Fetching Exodus chapter 8...
  Requesting URL: https://rest.api.bible/v1/bibles/d6e14a625393b4da-01/chapters/EXO.8
  Saved: exodus_8.xml
  Fetching Exodus chapter 9...
  Requesting URL: https://rest.api.bible/v1/bibles/d6e14a625393b4da-01/chapters/EXO.9
  Saved: exodus_9.xml
  Fetching Exodus chapter 10...
  Requesting URL: https://rest.api.bible/v1/bibles/d6e14a625393b4da-01/chapters/EXO.10
  Saved: exodus_10.xml
  Fetching Exodus chapter 11...
  Requesting URL: https://rest.api.bible/v1/bibles/d6e14a625393b4da-01/chapters/EXO.11
  Saved: exodus_11.xml
  Fetching Exodus chapter 12...
  Requesting URL: https://rest.api.bible/v1/bibles/d6e14a625393b4da-01/chapters/EXO.12
  Saved: exodus_12.xml
  Fetching Exodus chapter 13...
  Requesting URL: https://rest.api.bible/v1/bibles/d6e14a625393b4da-01/chapters/EXO.13
  Saved: exodus_13.xml
  Fetching Exodus chapter 14...
  Requesting URL: https://rest.api.bible/v1/bibles/d6e14a625393b4da-01/chapters/EXO.14
  Saved: exodus_14.xml
  Fetching Exodus chapter 15...
  Requesting URL: https://rest.api.bible/v1/bibles/d6e14a625393b4da-01/chapters/EXO.15
  Saved: exodus_15.xml
  Fetching Exodus chapter 16...
  Requesting URL: https://rest.api.bible/v1/bibles/d6e14a625393b4da-01/chapters/EXO.16
  Saved: exodus_16.xml
  Fetching Exodus chapter 17...
  Requesting URL: https://rest.api.bible/v1/bibles/d6e14a625393b4da-01/chapters/EXO.17
  Saved: exodus_17.xml
  Fetching Exodus chapter 18...
  Requesting URL: https://rest.api.bible/v1/bibles/d6e14a625393b4da-01/chapters/EXO.18
  Saved: exodus_18.xml
  Fetching Exodus chapter 19...
  Requesting URL: https://rest.api.bible/v1/bibles/d6e14a625393b4da-01/chapters/EXO.19
  Saved: exodus_19.xml
  Fetching Exodus chapter 20...
  Requesting URL: https://rest.api.bible/v1/bibles/d6e14a625393b4da-01/chapters/EXO.20
  Saved: exodus_20.xml
  Fetching Exodus chapter 21...
  Requesting URL: https://rest.api.bible/v1/bibles/d6e14a625393b4da-01/chapters/EXO.21
  Saved: exodus_21.xml
  Fetching Exodus chapter 22...
  Requesting URL: https://rest.api.bible/v1/bibles/d6e14a625393b4da-01/chapters/EXO.22
  Saved: exodus_22.xml
  Fetching Exodus chapter 23...
  Requesting URL: https://rest.api.bible/v1/bibles/d6e14a625393b4da-01/chapters/EXO.23
  Saved: exodus_23.xml
  Fetching Exodus chapter 24...
  Requesting URL: https://rest.api.bible/v1/bibles/d6e14a625393b4da-01/chapters/EXO.24
  Saved: exodus_24.xml
  Fetching Exodus chapter 25...
  Requesting URL: https://rest.api.bible/v1/bibles/d6e14a625393b4da-01/chapters/EXO.25
  Saved: exodus_25.xml
  Fetching Exodus chapter 26...
  Requesting URL: https://rest.api.bible/v1/bibles/d6e14a625393b4da-01/chapters/EXO.26
  Saved: exodus_26.xml
  Fetching Exodus chapter 27...
  Requesting URL: https://rest.api.bible/v1/bibles/d6e14a625393b4da-01/chapters/EXO.27
  Saved: exodus_27.xml
  Fetching Exodus chapter 28...
  Requesting URL: https://rest.api.bible/v1/bibles/d6e14a625393b4da-01/chapters/EXO.28
  Saved: exodus_28.xml
  Fetching Exodus chapter 29...
  Requesting URL: https://rest.api.bible/v1/bibles/d6e14a625393b4da-01/chapters/EXO.29
  Saved: exodus_29.xml
  Fetching Exodus chapter 30...
  Requesting URL: https://rest.api.bible/v1/bibles/d6e14a625393b4da-01/chapters/EXO.30
  Saved: exodus_30.xml
  Fetching Exodus chapter 31...
  Requesting URL: https://rest.api.bible/v1/bibles/d6e14a625393b4da-01/chapters/EXO.31
  Saved: exodus_31.xml
  Fetching Exodus chapter 32...
  Requesting URL: https://rest.api.bible/v1/bibles/d6e14a625393b4da-01/chapters/EXO.32
  Saved: exodus_32.xml
  Fetching Exodus chapter 33...
  Requesting URL: https://rest.api.bible/v1/bibles/d6e14a625393b4da-01/chapters/EXO.33
  Saved: exodus_33.xml
  Fetching Exodus chapter 34...
  Requesting URL: https://rest.api.bible/v1/bibles/d6e14a625393b4da-01/chapters/EXO.34
  Saved: exodus_34.xml
  Fetching Exodus chapter 35...
  Requesting URL: https://rest.api.bible/v1/bibles/d6e14a625393b4da-01/chapters/EXO.35
  Saved: exodus_35.xml
  Fetching Exodus chapter 36...
  Requesting URL: https://rest.api.bible/v1/bibles/d6e14a625393b4da-01/chapters/EXO.36
  Saved: exodus_36.xml
  Fetching Exodus chapter 37...
  Requesting URL: https://rest.api.bible/v1/bibles/d6e14a625393b4da-01/chapters/EXO.37
  Saved: exodus_37.xml
  Fetching Exodus chapter 38...
  Requesting URL: https://rest.api.bible/v1/bibles/d6e14a625393b4da-01/chapters/EXO.38
  Saved: exodus_38.xml
  Fetching Exodus chapter 39...
  Requesting URL: https://rest.api.bible/v1/bibles/d6e14a625393b4da-01/chapters/EXO.39
  Saved: exodus_39.xml
  Fetching Exodus chapter 40...
  Requesting URL: https://rest.api.bible/v1/bibles/d6e14a625393b4da-01/chapters/EXO.40
  Saved: exodus_40.xml

Processing Leviticus for NLT...
  Fetching Leviticus chapter 1...
  Requesting URL: https://rest.api.bible/v1/bibles/d6e14a625393b4da-01/chapters/LEV.1
  Saved: leviticus_1.xml
  Fetching Leviticus chapter 2...
  Requesting URL: https://rest.api.bible/v1/bibles/d6e14a625393b4da-01/chapters/LEV.2
  Saved: leviticus_2.xml
  Fetching Leviticus chapter 3...
  Requesting URL: https://rest.api.bible/v1/bibles/d6e14a625393b4da-01/chapters/LEV.3
  Saved: leviticus_3.xml
  Fetching Leviticus chapter 4...
  Requesting URL: https://rest.api.bible/v1/bibles/d6e14a625393b4da-01/chapters/LEV.4
  Saved: leviticus_4.xml
  Fetching Leviticus chapter 5...
  Requesting URL: https://rest.api.bible/v1/bibles/d6e14a625393b4da-01/chapters/LEV.5
  Saved: leviticus_5.xml
  Fetching Leviticus chapter 6...
  Requesting URL: https://rest.api.bible/v1/bibles/d6e14a625393b4da-01/chapters/LEV.6
  Saved: leviticus_6.xml
  Fetching Leviticus chapter 7...
  Requesting URL: https://rest.api.bible/v1/bibles/d6e14a625393b4da-01/chapters/LEV.7
  Saved: leviticus_7.xml
  Fetching Leviticus chapter 8...
  Requesting URL: https://rest.api.bible/v1/bibles/d6e14a625393b4da-01/chapters/LEV.8
  Saved: leviticus_8.xml
  Fetching Leviticus chapter 9...
  Requesting URL: https://rest.api.bible/v1/bibles/d6e14a625393b4da-01/chapters/LEV.9
  Saved: leviticus_9.xml
  Fetching Leviticus chapter 10...
  Requesting URL: https://rest.api.bible/v1/bibles/d6e14a625393b4da-01/chapters/LEV.10
  Saved: leviticus_10.xml
  Fetching Leviticus chapter 11...
  Requesting URL: https://rest.api.bible/v1/bibles/d6e14a625393b4da-01/chapters/LEV.11
  Saved: leviticus_11.xml
  Fetching Leviticus chapter 12...
  Requesting URL: https://rest.api.bible/v1/bibles/d6e14a625393b4da-01/chapters/LEV.12
  Saved: leviticus_12.xml
  Fetching Leviticus chapter 13...
  Requesting URL: https://rest.api.bible/v1/bibles/d6e14a625393b4da-01/chapters/LEV.13
  Saved: leviticus_13.xml
  Fetching Leviticus chapter 14...
  Requesting URL: https://rest.api.bible/v1/bibles/d6e14a625393b4da-01/chapters/LEV.14
  Saved: leviticus_14.xml
  Fetching Leviticus chapter 15...
  Requesting URL: https://rest.api.bible/v1/bibles/d6e14a625393b4da-01/chapters/LEV.15
  Saved: leviticus_15.xml
  Fetching Leviticus chapter 16...
  Requesting URL: https://rest.api.bible/v1/bibles/d6e14a625393b4da-01/chapters/LEV.16
  Saved: leviticus_16.xml
  Fetching Leviticus chapter 17...
  Requesting URL: https://rest.api.bible/v1/bibles/d6e14a625393b4da-01/chapters/LEV.17
  Saved: leviticus_17.xml
  Fetching Leviticus chapter 18...
  Requesting URL: https://rest.api.bible/v1/bibles/d6e14a625393b4da-01/chapters/LEV.18
  Saved: leviticus_18.xml
  Fetching Leviticus chapter 19...
  Requesting URL: https://rest.api.bible/v1/bibles/d6e14a625393b4da-01/chapters/LEV.19
  Saved: leviticus_19.xml
  Fetching Leviticus chapter 20...
  Requesting URL: https://rest.api.bible/v1/bibles/d6e14a625393b4da-01/chapters/LEV.20
  Saved: leviticus_20.xml
  Fetching Leviticus chapter 21...
  Requesting URL: https://rest.api.bible/v1/bibles/d6e14a625393b4da-01/chapters/LEV.21
  Saved: leviticus_21.xml
  Fetching Leviticus chapter 22...
  Requesting URL: https://rest.api.bible/v1/bibles/d6e14a625393b4da-01/chapters/LEV.22
  Saved: leviticus_22.xml
  Fetching Leviticus chapter 23...
  Requesting URL: https://rest.api.bible/v1/bibles/d6e14a625393b4da-01/chapters/LEV.23
  Saved: leviticus_23.xml
  Fetching Leviticus chapter 24...
  Requesting URL: https://rest.api.bible/v1/bibles/d6e14a625393b4da-01/chapters/LEV.24
  Saved: leviticus_24.xml
  Fetching Leviticus chapter 25...
  Requesting URL: https://rest.api.bible/v1/bibles/d6e14a625393b4da-01/chapters/LEV.25
  Saved: leviticus_25.xml
  Fetching Leviticus chapter 26...
  Requesting URL: https://rest.api.bible/v1/bibles/d6e14a625393b4da-01/chapters/LEV.26
  Saved: leviticus_26.xml
  Fetching Leviticus chapter 27...
  Requesting URL: https://rest.api.bible/v1/bibles/d6e14a625393b4da-01/chapters/LEV.27
  Saved: leviticus_27.xml

Processing Numbers for NLT...
  Fetching Numbers chapter 1...
  Requesting URL: https://rest.api.bible/v1/bibles/d6e14a625393b4da-01/chapters/NUM.1
  Saved: numbers_1.xml
  Fetching Numbers chapter 2...
  Requesting URL: https://rest.api.bible/v1/bibles/d6e14a625393b4da-01/chapters/NUM.2
  Saved: numbers_2.xml
  Fetching Numbers chapter 3...
  Requesting URL: https://rest.api.bible/v1/bibles/d6e14a625393b4da-01/chapters/NUM.3
  Saved: numbers_3.xml
  Fetching Numbers chapter 4...
  Requesting URL: https://rest.api.bible/v1/bibles/d6e14a625393b4da-01/chapters/NUM.4
  Saved: numbers_4.xml
  Fetching Numbers chapter 5...
  Requesting URL: https://rest.api.bible/v1/bibles/d6e14a625393b4da-01/chapters/NUM.5
  Saved: numbers_5.xml
  Fetching Numbers chapter 6...
  Requesting URL: https://rest.api.bible/v1/bibles/d6e14a625393b4da-01/chapters/NUM.6
  Saved: numbers_6.xml
  Fetching Numbers chapter 7...
  Requesting URL: https://rest.api.bible/v1/bibles/d6e14a625393b4da-01/chapters/NUM.7
  Saved: numbers_7.xml
  Fetching Numbers chapter 8...
  Requesting URL: https://rest.api.bible/v1/bibles/d6e14a625393b4da-01/chapters/NUM.8
  Saved: numbers_8.xml
  Fetching Numbers chapter 9...
  Requesting URL: https://rest.api.bible/v1/bibles/d6e14a625393b4da-01/chapters/NUM.9
  Saved: numbers_9.xml
  Fetching Numbers chapter 10...
  Requesting URL: https://rest.api.bible/v1/bibles/d6e14a625393b4da-01/chapters/NUM.10
Error: API.Bible returned status code 502
Response: <html>
<head><title>502 Bad Gateway</title></head>
<body>
<center><h1>502 Bad Gateway</h1></center>
<hr><center>nginx</center>
</body>
</html>

  Failed to fetch content for Numbers 10
  Fetching Numbers chapter 11...
  Requesting URL: https://rest.api.bible/v1/bibles/d6e14a625393b4da-01/chapters/NUM.11
  Saved: numbers_11.xml
  Fetching Numbers chapter 12...
  Requesting URL: https://rest.api.bible/v1/bibles/d6e14a625393b4da-01/chapters/NUM.12
  Saved: numbers_12.xml
  Fetching Numbers chapter 13...
  Requesting URL: https://rest.api.bible/v1/bibles/d6e14a625393b4da-01/chapters/NUM.13
  Saved: numbers_13.xml
  Fetching Numbers chapter 14...
  Requesting URL: https://rest.api.bible/v1/bibles/d6e14a625393b4da-01/chapters/NUM.14
  Saved: numbers_14.xml
  Fetching Numbers chapter 15...
  Requesting URL: https://rest.api.bible/v1/bibles/d6e14a625393b4da-01/chapters/NUM.15
  Saved: numbers_15.xml
  Fetching Numbers chapter 16...
  Requesting URL: https://rest.api.bible/v1/bibles/d6e14a625393b4da-01/chapters/NUM.16
  Saved: numbers_16.xml
  Fetching Numbers chapter 17...
  Requesting URL: https://rest.api.bible/v1/bibles/d6e14a625393b4da-01/chapters/NUM.17
  Saved: numbers_17.xml
  Fetching Numbers chapter 18...
  Requesting URL: https://rest.api.bible/v1/bibles/d6e14a625393b4da-01/chapters/NUM.18
  Saved: numbers_18.xml
  Fetching Numbers chapter 19...
  Requesting URL: https://rest.api.bible/v1/bibles/d6e14a625393b4da-01/chapters/NUM.19
  Saved: numbers_19.xml
  Fetching Numbers chapter 20...
  Requesting URL: https://rest.api.bible/v1/bibles/d6e14a625393b4da-01/chapters/NUM.20
  Saved: numbers_20.xml
  Fetching Numbers chapter 21...
  Requesting URL: https://rest.api.bible/v1/bibles/d6e14a625393b4da-01/chapters/NUM.21
  Saved: numbers_21.xml
  Fetching Numbers chapter 22...
  Requesting URL: https://rest.api.bible/v1/bibles/d6e14a625393b4da-01/chapters/NUM.22
  Saved: numbers_22.xml
  Fetching Numbers chapter 23...
  Requesting URL: https://rest.api.bible/v1/bibles/d6e14a625393b4da-01/chapters/NUM.23
  Saved: numbers_23.xml
  Fetching Numbers chapter 24...
  Requesting URL: https://rest.api.bible/v1/bibles/d6e14a625393b4da-01/chapters/NUM.24
  Saved: numbers_24.xml
  Fetching Numbers chapter 25...
  Requesting URL: https://rest.api.bible/v1/bibles/d6e14a625393b4da-01/chapters/NUM.25
  Saved: numbers_25.xml
  Fetching Numbers chapter 26...
  Requesting URL: https://rest.api.bible/v1/bibles/d6e14a625393b4da-01/chapters/NUM.26
  Saved: numbers_26.xml
  Fetching Numbers chapter 27...
  Requesting URL: https://rest.api.bible/v1/bibles/d6e14a625393b4da-01/chapters/NUM.27
  Saved: numbers_27.xml
  Fetching Numbers chapter 28...
  Requesting URL: https://rest.api.bible/v1/bibles/d6e14a625393b4da-01/chapters/NUM.28
  Saved: numbers_28.xml
  Fetching Numbers chapter 29...
  Requesting URL: https://rest.api.bible/v1/bibles/d6e14a625393b4da-01/chapters/NUM.29
  Saved: numbers_29.xml
  Fetching Numbers chapter 30...
  Requesting URL: https://rest.api.bible/v1/bibles/d6e14a625393b4da-01/chapters/NUM.30
  Saved: numbers_30.xml
  Fetching Numbers chapter 31...
  Requesting URL: https://rest.api.bible/v1/bibles/d6e14a625393b4da-01/chapters/NUM.31
  Saved: numbers_31.xml
  Fetching Numbers chapter 32...
  Requesting URL: https://rest.api.bible/v1/bibles/d6e14a625393b4da-01/chapters/NUM.32
  Saved: numbers_32.xml
  Fetching Numbers chapter 33...
  Requesting URL: https://rest.api.bible/v1/bibles/d6e14a625393b4da-01/chapters/NUM.33
  Saved: numbers_33.xml
  Fetching Numbers chapter 34...
  Requesting URL: https://rest.api.bible/v1/bibles/d6e14a625393b4da-01/chapters/NUM.34
  Saved: numbers_34.xml
  Fetching Numbers chapter 35...
  Requesting URL: https://rest.api.bible/v1/bibles/d6e14a625393b4da-01/chapters/NUM.35
  Saved: numbers_35.xml
  Fetching Numbers chapter 36...
  Requesting URL: https://rest.api.bible/v1/bibles/d6e14a625393b4da-01/chapters/NUM.36
  Saved: numbers_36.xml

Processing Deuteronomy for NLT...
  Fetching Deuteronomy chapter 1...
  Requesting URL: https://rest.api.bible/v1/bibles/d6e14a625393b4da-01/chapters/DEU.1
  Saved: deuteronomy_1.xml
  Fetching Deuteronomy chapter 2...
  Requesting URL: https://rest.api.bible/v1/bibles/d6e14a625393b4da-01/chapters/DEU.2
  Saved: deuteronomy_2.xml
  Fetching Deuteronomy chapter 3...
  Requesting URL: https://rest.api.bible/v1/bibles/d6e14a625393b4da-01/chapters/DEU.3
  Saved: deuteronomy_3.xml
  Fetching Deuteronomy chapter 4...
  Requesting URL: https://rest.api.bible/v1/bibles/d6e14a625393b4da-01/chapters/DEU.4
  Saved: deuteronomy_4.xml
  Fetching Deuteronomy chapter 5...
  Requesting URL: https://rest.api.bible/v1/bibles/d6e14a625393b4da-01/chapters/DEU.5
  Saved: deuteronomy_5.xml
  Fetching Deuteronomy chapter 6...
  Requesting URL: https://rest.api.bible/v1/bibles/d6e14a625393b4da-01/chapters/DEU.6
  Saved: deuteronomy_6.xml
  Fetching Deuteronomy chapter 7...
  Requesting URL: https://rest.api.bible/v1/bibles/d6e14a625393b4da-01/chapters/DEU.7
  Saved: deuteronomy_7.xml
  Fetching Deuteronomy chapter 8...
  Requesting URL: https://rest.api.bible/v1/bibles/d6e14a625393b4da-01/chapters/DEU.8
  Saved: deuteronomy_8.xml
  Fetching Deuteronomy chapter 9...
  Requesting URL: https://rest.api.bible/v1/bibles/d6e14a625393b4da-01/chapters/DEU.9
  Saved: deuteronomy_9.xml
  Fetching Deuteronomy chapter 10...
  Requesting URL: https://rest.api.bible/v1/bibles/d6e14a625393b4da-01/chapters/DEU.10
  Saved: deuteronomy_10.xml
  Fetching Deuteronomy chapter 11...
  Requesting URL: https://rest.api.bible/v1/bibles/d6e14a625393b4da-01/chapters/DEU.11
  Saved: deuteronomy_11.xml
  Fetching Deuteronomy chapter 12...
  Requesting URL: https://rest.api.bible/v1/bibles/d6e14a625393b4da-01/chapters/DEU.12
  Saved: deuteronomy_12.xml
  Fetching Deuteronomy chapter 13...
  Requesting URL: https://rest.api.bible/v1/bibles/d6e14a625393b4da-01/chapters/DEU.13
  Saved: deuteronomy_13.xml
  Fetching Deuteronomy chapter 14...
  Requesting URL: https://rest.api.bible/v1/bibles/d6e14a625393b4da-01/chapters/DEU.14
  Saved: deuteronomy_14.xml
  Fetching Deuteronomy chapter 15...
  Requesting URL: https://rest.api.bible/v1/bibles/d6e14a625393b4da-01/chapters/DEU.15
  Saved: deuteronomy_15.xml
  Fetching Deuteronomy chapter 16...
  Requesting URL: https://rest.api.bible/v1/bibles/d6e14a625393b4da-01/chapters/DEU.16
  Saved: deuteronomy_16.xml
  Fetching Deuteronomy chapter 17...
  Requesting URL: https://rest.api.bible/v1/bibles/d6e14a625393b4da-01/chapters/DEU.17
  Saved: deuteronomy_17.xml
  Fetching Deuteronomy chapter 18...
  Requesting URL: https://rest.api.bible/v1/bibles/d6e14a625393b4da-01/chapters/DEU.18
  Saved: deuteronomy_18.xml
  Fetching Deuteronomy chapter 19...
  Requesting URL: https://rest.api.bible/v1/bibles/d6e14a625393b4da-01/chapters/DEU.19
  Saved: deuteronomy_19.xml
  Fetching Deuteronomy chapter 20...
  Requesting URL: https://rest.api.bible/v1/bibles/d6e14a625393b4da-01/chapters/DEU.20
  Saved: deuteronomy_20.xml
  Fetching Deuteronomy chapter 21...
  Requesting URL: https://rest.api.bible/v1/bibles/d6e14a625393b4da-01/chapters/DEU.21
  Saved: deuteronomy_21.xml
  Fetching Deuteronomy chapter 22...
  Requesting URL: https://rest.api.bible/v1/bibles/d6e14a625393b4da-01/chapters/DEU.22
  Saved: deuteronomy_22.xml
  Fetching Deuteronomy chapter 23...
  Requesting URL: https://rest.api.bible/v1/bibles/d6e14a625393b4da-01/chapters/DEU.23
  Saved: deuteronomy_23.xml
  Fetching Deuteronomy chapter 24...
  Requesting URL: https://rest.api.bible/v1/bibles/d6e14a625393b4da-01/chapters/DEU.24
  Saved: deuteronomy_24.xml
  Fetching Deuteronomy chapter 25...
  Requesting URL: https://rest.api.bible/v1/bibles/d6e14a625393b4da-01/chapters/DEU.25
  Saved: deuteronomy_25.xml
  Fetching Deuteronomy chapter 26...
  Requesting URL: https://rest.api.bible/v1/bibles/d6e14a625393b4da-01/chapters/DEU.26
  Saved: deuteronomy_26.xml
  Fetching Deuteronomy chapter 27...
  Requesting URL: https://rest.api.bible/v1/bibles/d6e14a625393b4da-01/chapters/DEU.27
  Saved: deuteronomy_27.xml
  Fetching Deuteronomy chapter 28...
  Requesting URL: https://rest.api.bible/v1/bibles/d6e14a625393b4da-01/chapters/DEU.28
  Saved: deuteronomy_28.xml
  Fetching Deuteronomy chapter 29...
  Requesting URL: https://rest.api.bible/v1/bibles/d6e14a625393b4da-01/chapters/DEU.29
  Saved: deuteronomy_29.xml
  Fetching Deuteronomy chapter 30...
  Requesting URL: https://rest.api.bible/v1/bibles/d6e14a625393b4da-01/chapters/DEU.30
  Saved: deuteronomy_30.xml
  Fetching Deuteronomy chapter 31...
  Requesting URL: https://rest.api.bible/v1/bibles/d6e14a625393b4da-01/chapters/DEU.31
  Saved: deuteronomy_31.xml
  Fetching Deuteronomy chapter 32...
  Requesting URL: https://rest.api.bible/v1/bibles/d6e14a625393b4da-01/chapters/DEU.32
  Saved: deuteronomy_32.xml
  Fetching Deuteronomy chapter 33...
  Requesting URL: https://rest.api.bible/v1/bibles/d6e14a625393b4da-01/chapters/DEU.33
  Saved: deuteronomy_33.xml
  Fetching Deuteronomy chapter 34...
  Requesting URL: https://rest.api.bible/v1/bibles/d6e14a625393b4da-01/chapters/DEU.34
  Saved: deuteronomy_34.xml

Processing Joshua for NLT...
  Fetching Joshua chapter 1...
  Requesting URL: https://rest.api.bible/v1/bibles/d6e14a625393b4da-01/chapters/JOS.1
  Saved: joshua_1.xml
  Fetching Joshua chapter 2...
  Requesting URL: https://rest.api.bible/v1/bibles/d6e14a625393b4da-01/chapters/JOS.2
  Saved: joshua_2.xml
  Fetching Joshua chapter 3...
  Requesting URL: https://rest.api.bible/v1/bibles/d6e14a625393b4da-01/chapters/JOS.3
  Saved: joshua_3.xml
  Fetching Joshua chapter 4...
  Requesting URL: https://rest.api.bible/v1/bibles/d6e14a625393b4da-01/chapters/JOS.4
  Saved: joshua_4.xml
  Fetching Joshua chapter 5...
  Requesting URL: https://rest.api.bible/v1/bibles/d6e14a625393b4da-01/chapters/JOS.5
  Saved: joshua_5.xml
  Fetching Joshua chapter 6...
  Requesting URL: https://rest.api.bible/v1/bibles/d6e14a625393b4da-01/chapters/JOS.6
  Saved: joshua_6.xml
  Fetching Joshua chapter 7...
  Requesting URL: https://rest.api.bible/v1/bibles/d6e14a625393b4da-01/chapters/JOS.7
  Saved: joshua_7.xml
  Fetching Joshua chapter 8...
  Requesting URL: https://rest.api.bible/v1/bibles/d6e14a625393b4da-01/chapters/JOS.8
  Saved: joshua_8.xml
  Fetching Joshua chapter 9...
  Requesting URL: https://rest.api.bible/v1/bibles/d6e14a625393b4da-01/chapters/JOS.9
  Saved: joshua_9.xml
  Fetching Joshua chapter 10...
  Requesting URL: https://rest.api.bible/v1/bibles/d6e14a625393b4da-01/chapters/JOS.10
  Saved: joshua_10.xml
  Fetching Joshua chapter 11...
  Requesting URL: https://rest.api.bible/v1/bibles/d6e14a625393b4da-01/chapters/JOS.11
  Saved: joshua_11.xml
  Fetching Joshua chapter 12...
  Requesting URL: https://rest.api.bible/v1/bibles/d6e14a625393b4da-01/chapters/JOS.12
  Saved: joshua_12.xml
  Fetching Joshua chapter 13...
  Requesting URL: https://rest.api.bible/v1/bibles/d6e14a625393b4da-01/chapters/JOS.13
  Saved: joshua_13.xml
  Fetching Joshua chapter 14...
  Requesting URL: https://rest.api.bible/v1/bibles/d6e14a625393b4da-01/chapters/JOS.14
  Saved: joshua_14.xml
  Fetching Joshua chapter 15...
  Requesting URL: https://rest.api.bible/v1/bibles/d6e14a625393b4da-01/chapters/JOS.15
  Saved: joshua_15.xml
  Fetching Joshua chapter 16...
  Requesting URL: https://rest.api.bible/v1/bibles/d6e14a625393b4da-01/chapters/JOS.16
  Saved: joshua_16.xml
  Fetching Joshua chapter 17...
  Requesting URL: https://rest.api.bible/v1/bibles/d6e14a625393b4da-01/chapters/JOS.17
  Saved: joshua_17.xml
  Fetching Joshua chapter 18...
  Requesting URL: https://rest.api.bible/v1/bibles/d6e14a625393b4da-01/chapters/JOS.18
  Saved: joshua_18.xml
  Fetching Joshua chapter 19...
  Requesting URL: https://rest.api.bible/v1/bibles/d6e14a625393b4da-01/chapters/JOS.19
  Saved: joshua_19.xml
  Fetching Joshua chapter 20...
  Requesting URL: https://rest.api.bible/v1/bibles/d6e14a625393b4da-01/chapters/JOS.20
  Saved: joshua_20.xml
  Fetching Joshua chapter 21...
  Requesting URL: https://rest.api.bible/v1/bibles/d6e14a625393b4da-01/chapters/JOS.21
  Saved: joshua_21.xml
  Fetching Joshua chapter 22...
  Requesting URL: https://rest.api.bible/v1/bibles/d6e14a625393b4da-01/chapters/JOS.22
  Saved: joshua_22.xml
  Fetching Joshua chapter 23...
  Requesting URL: https://rest.api.bible/v1/bibles/d6e14a625393b4da-01/chapters/JOS.23
  Saved: joshua_23.xml
  Fetching Joshua chapter 24...
  Requesting URL: https://rest.api.bible/v1/bibles/d6e14a625393b4da-01/chapters/JOS.24
  Saved: joshua_24.xml

Processing Judges for NLT...
  Fetching Judges chapter 1...
  Requesting URL: https://rest.api.bible/v1/bibles/d6e14a625393b4da-01/chapters/JDG.1
  Saved: judges_1.xml
  Fetching Judges chapter 2...
  Requesting URL: https://rest.api.bible/v1/bibles/d6e14a625393b4da-01/chapters/JDG.2
  Saved: judges_2.xml
  Fetching Judges chapter 3...
  Requesting URL: https://rest.api.bible/v1/bibles/d6e14a625393b4da-01/chapters/JDG.3
  Saved: judges_3.xml
  Fetching Judges chapter 4...
  Requesting URL: https://rest.api.bible/v1/bibles/d6e14a625393b4da-01/chapters/JDG.4
  Saved: judges_4.xml
  Fetching Judges chapter 5...
  Requesting URL: https://rest.api.bible/v1/bibles/d6e14a625393b4da-01/chapters/JDG.5
  Saved: judges_5.xml
  Fetching Judges chapter 6...
  Requesting URL: https://rest.api.bible/v1/bibles/d6e14a625393b4da-01/chapters/JDG.6
  Saved: judges_6.xml
  Fetching Judges chapter 7...
  Requesting URL: https://rest.api.bible/v1/bibles/d6e14a625393b4da-01/chapters/JDG.7
  Saved: judges_7.xml
  Fetching Judges chapter 8...
  Requesting URL: https://rest.api.bible/v1/bibles/d6e14a625393b4da-01/chapters/JDG.8
  Saved: judges_8.xml
  Fetching Judges chapter 9...
  Requesting URL: https://rest.api.bible/v1/bibles/d6e14a625393b4da-01/chapters/JDG.9
  Saved: judges_9.xml
  Fetching Judges chapter 10...
  Requesting URL: https://rest.api.bible/v1/bibles/d6e14a625393b4da-01/chapters/JDG.10
  Saved: judges_10.xml
  Fetching Judges chapter 11...
  Requesting URL: https://rest.api.bible/v1/bibles/d6e14a625393b4da-01/chapters/JDG.11
  Saved: judges_11.xml
  Fetching Judges chapter 12...
  Requesting URL: https://rest.api.bible/v1/bibles/d6e14a625393b4da-01/chapters/JDG.12
  Saved: judges_12.xml
  Fetching Judges chapter 13...
  Requesting URL: https://rest.api.bible/v1/bibles/d6e14a625393b4da-01/chapters/JDG.13
  Saved: judges_13.xml
  Fetching Judges chapter 14...
  Requesting URL: https://rest.api.bible/v1/bibles/d6e14a625393b4da-01/chapters/JDG.14
  Saved: judges_14.xml
  Fetching Judges chapter 15...
  Requesting URL: https://rest.api.bible/v1/bibles/d6e14a625393b4da-01/chapters/JDG.15
  Saved: judges_15.xml
  Fetching Judges chapter 16...
  Requesting URL: https://rest.api.bible/v1/bibles/d6e14a625393b4da-01/chapters/JDG.16
  Saved: judges_16.xml
  Fetching Judges chapter 17...
  Requesting URL: https://rest.api.bible/v1/bibles/d6e14a625393b4da-01/chapters/JDG.17
  Saved: judges_17.xml
  Fetching Judges chapter 18...
  Requesting URL: https://rest.api.bible/v1/bibles/d6e14a625393b4da-01/chapters/JDG.18
  Saved: judges_18.xml
  Fetching Judges chapter 19...
  Requesting URL: https://rest.api.bible/v1/bibles/d6e14a625393b4da-01/chapters/JDG.19
  Saved: judges_19.xml
  Fetching Judges chapter 20...
  Requesting URL: https://rest.api.bible/v1/bibles/d6e14a625393b4da-01/chapters/JDG.20
  Saved: judges_20.xml
  Fetching Judges chapter 21...
  Requesting URL: https://rest.api.bible/v1/bibles/d6e14a625393b4da-01/chapters/JDG.21
  Saved: judges_21.xml

Processing Ruth for NLT...
  Fetching Ruth chapter 1...
  Requesting URL: https://rest.api.bible/v1/bibles/d6e14a625393b4da-01/chapters/RUT.1
  Saved: ruth_1.xml
  Fetching Ruth chapter 2...
  Requesting URL: https://rest.api.bible/v1/bibles/d6e14a625393b4da-01/chapters/RUT.2
  Saved: ruth_2.xml
  Fetching Ruth chapter 3...
  Requesting URL: https://rest.api.bible/v1/bibles/d6e14a625393b4da-01/chapters/RUT.3
  Saved: ruth_3.xml
  Fetching Ruth chapter 4...
  Requesting URL: https://rest.api.bible/v1/bibles/d6e14a625393b4da-01/chapters/RUT.4
  Saved: ruth_4.xml

Processing 1 Samuel for NLT...
  Fetching 1 Samuel chapter 1...
  Requesting URL: https://rest.api.bible/v1/bibles/d6e14a625393b4da-01/chapters/1SA.1
  Saved: 1_samuel_1.xml
  Fetching 1 Samuel chapter 2...
  Requesting URL: https://rest.api.bible/v1/bibles/d6e14a625393b4da-01/chapters/1SA.2
  Saved: 1_samuel_2.xml
  Fetching 1 Samuel chapter 3...
  Requesting URL: https://rest.api.bible/v1/bibles/d6e14a625393b4da-01/chapters/1SA.3
  Saved: 1_samuel_3.xml
  Fetching 1 Samuel chapter 4...
  Requesting URL: https://rest.api.bible/v1/bibles/d6e14a625393b4da-01/chapters/1SA.4
  Saved: 1_samuel_4.xml
  Fetching 1 Samuel chapter 5...
  Requesting URL: https://rest.api.bible/v1/bibles/d6e14a625393b4da-01/chapters/1SA.5
  Saved: 1_samuel_5.xml
  Fetching 1 Samuel chapter 6...
  Requesting URL: https://rest.api.bible/v1/bibles/d6e14a625393b4da-01/chapters/1SA.6
  Saved: 1_samuel_6.xml
  Fetching 1 Samuel chapter 7...
  Requesting URL: https://rest.api.bible/v1/bibles/d6e14a625393b4da-01/chapters/1SA.7
  Saved: 1_samuel_7.xml
  Fetching 1 Samuel chapter 8...
  Requesting URL: https://rest.api.bible/v1/bibles/d6e14a625393b4da-01/chapters/1SA.8
  Saved: 1_samuel_8.xml
  Fetching 1 Samuel chapter 9...
  Requesting URL: https://rest.api.bible/v1/bibles/d6e14a625393b4da-01/chapters/1SA.9
  Saved: 1_samuel_9.xml
  Fetching 1 Samuel chapter 10...
  Requesting URL: https://rest.api.bible/v1/bibles/d6e14a625393b4da-01/chapters/1SA.10
  Saved: 1_samuel_10.xml
  Fetching 1 Samuel chapter 11...
  Requesting URL: https://rest.api.bible/v1/bibles/d6e14a625393b4da-01/chapters/1SA.11
  Saved: 1_samuel_11.xml
  Fetching 1 Samuel chapter 12...
  Requesting URL: https://rest.api.bible/v1/bibles/d6e14a625393b4da-01/chapters/1SA.12
  Saved: 1_samuel_12.xml
  Fetching 1 Samuel chapter 13...
  Requesting URL: https://rest.api.bible/v1/bibles/d6e14a625393b4da-01/chapters/1SA.13
  Saved: 1_samuel_13.xml
  Fetching 1 Samuel chapter 14...
  Requesting URL: https://rest.api.bible/v1/bibles/d6e14a625393b4da-01/chapters/1SA.14
  Saved: 1_samuel_14.xml
  Fetching 1 Samuel chapter 15...
  Requesting URL: https://rest.api.bible/v1/bibles/d6e14a625393b4da-01/chapters/1SA.15
  Saved: 1_samuel_15.xml
  Fetching 1 Samuel chapter 16...
  Requesting URL: https://rest.api.bible/v1/bibles/d6e14a625393b4da-01/chapters/1SA.16
  Saved: 1_samuel_16.xml
  Fetching 1 Samuel chapter 17...
  Requesting URL: https://rest.api.bible/v1/bibles/d6e14a625393b4da-01/chapters/1SA.17
  Saved: 1_samuel_17.xml
  Fetching 1 Samuel chapter 18...
  Requesting URL: https://rest.api.bible/v1/bibles/d6e14a625393b4da-01/chapters/1SA.18
  Saved: 1_samuel_18.xml
  Fetching 1 Samuel chapter 19...
  Requesting URL: https://rest.api.bible/v1/bibles/d6e14a625393b4da-01/chapters/1SA.19
  Saved: 1_samuel_19.xml
  Fetching 1 Samuel chapter 20...
  Requesting URL: https://rest.api.bible/v1/bibles/d6e14a625393b4da-01/chapters/1SA.20
  Saved: 1_samuel_20.xml
  Fetching 1 Samuel chapter 21...
  Requesting URL: https://rest.api.bible/v1/bibles/d6e14a625393b4da-01/chapters/1SA.21
  Saved: 1_samuel_21.xml
  Fetching 1 Samuel chapter 22...
  Requesting URL: https://rest.api.bible/v1/bibles/d6e14a625393b4da-01/chapters/1SA.22
  Saved: 1_samuel_22.xml
  Fetching 1 Samuel chapter 23...
  Requesting URL: https://rest.api.bible/v1/bibles/d6e14a625393b4da-01/chapters/1SA.23
  Saved: 1_samuel_23.xml
  Fetching 1 Samuel chapter 24...
  Requesting URL: https://rest.api.bible/v1/bibles/d6e14a625393b4da-01/chapters/1SA.24
  Saved: 1_samuel_24.xml
  Fetching 1 Samuel chapter 25...
  Requesting URL: https://rest.api.bible/v1/bibles/d6e14a625393b4da-01/chapters/1SA.25
  Saved: 1_samuel_25.xml
  Fetching 1 Samuel chapter 26...
  Requesting URL: https://rest.api.bible/v1/bibles/d6e14a625393b4da-01/chapters/1SA.26
  Saved: 1_samuel_26.xml
  Fetching 1 Samuel chapter 27...
  Requesting URL: https://rest.api.bible/v1/bibles/d6e14a625393b4da-01/chapters/1SA.27
  Saved: 1_samuel_27.xml
  Fetching 1 Samuel chapter 28...
  Requesting URL: https://rest.api.bible/v1/bibles/d6e14a625393b4da-01/chapters/1SA.28
  Saved: 1_samuel_28.xml
  Fetching 1 Samuel chapter 29...
  Requesting URL: https://rest.api.bible/v1/bibles/d6e14a625393b4da-01/chapters/1SA.29
  Saved: 1_samuel_29.xml
  Fetching 1 Samuel chapter 30...
  Requesting URL: https://rest.api.bible/v1/bibles/d6e14a625393b4da-01/chapters/1SA.30
  Saved: 1_samuel_30.xml
  Fetching 1 Samuel chapter 31...
  Requesting URL: https://rest.api.bible/v1/bibles/d6e14a625393b4da-01/chapters/1SA.31
  Saved: 1_samuel_31.xml

Processing 2 Samuel for NLT...
  Fetching 2 Samuel chapter 1...
  Requesting URL: https://rest.api.bible/v1/bibles/d6e14a625393b4da-01/chapters/2SA.1
  Saved: 2_samuel_1.xml
  Fetching 2 Samuel chapter 2...
  Requesting URL: https://rest.api.bible/v1/bibles/d6e14a625393b4da-01/chapters/2SA.2
  Saved: 2_samuel_2.xml
  Fetching 2 Samuel chapter 3...
  Requesting URL: https://rest.api.bible/v1/bibles/d6e14a625393b4da-01/chapters/2SA.3
  Saved: 2_samuel_3.xml
  Fetching 2 Samuel chapter 4...
  Requesting URL: https://rest.api.bible/v1/bibles/d6e14a625393b4da-01/chapters/2SA.4
  Saved: 2_samuel_4.xml
  Fetching 2 Samuel chapter 5...
  Requesting URL: https://rest.api.bible/v1/bibles/d6e14a625393b4da-01/chapters/2SA.5
  Saved: 2_samuel_5.xml
  Fetching 2 Samuel chapter 6...
  Requesting URL: https://rest.api.bible/v1/bibles/d6e14a625393b4da-01/chapters/2SA.6
  Saved: 2_samuel_6.xml
  Fetching 2 Samuel chapter 7...
  Requesting URL: https://rest.api.bible/v1/bibles/d6e14a625393b4da-01/chapters/2SA.7
  Saved: 2_samuel_7.xml
  Fetching 2 Samuel chapter 8...
  Requesting URL: https://rest.api.bible/v1/bibles/d6e14a625393b4da-01/chapters/2SA.8
  Saved: 2_samuel_8.xml
  Fetching 2 Samuel chapter 9...
  Requesting URL: https://rest.api.bible/v1/bibles/d6e14a625393b4da-01/chapters/2SA.9
  Saved: 2_samuel_9.xml
  Fetching 2 Samuel chapter 10...
  Requesting URL: https://rest.api.bible/v1/bibles/d6e14a625393b4da-01/chapters/2SA.10
  Saved: 2_samuel_10.xml
  Fetching 2 Samuel chapter 11...
  Requesting URL: https://rest.api.bible/v1/bibles/d6e14a625393b4da-01/chapters/2SA.11
  Saved: 2_samuel_11.xml
  Fetching 2 Samuel chapter 12...
  Requesting URL: https://rest.api.bible/v1/bibles/d6e14a625393b4da-01/chapters/2SA.12
  Saved: 2_samuel_12.xml
  Fetching 2 Samuel chapter 13...
  Requesting URL: https://rest.api.bible/v1/bibles/d6e14a625393b4da-01/chapters/2SA.13
  Saved: 2_samuel_13.xml
  Fetching 2 Samuel chapter 14...
  Requesting URL: https://rest.api.bible/v1/bibles/d6e14a625393b4da-01/chapters/2SA.14
  Saved: 2_samuel_14.xml
  Fetching 2 Samuel chapter 15...
  Requesting URL: https://rest.api.bible/v1/bibles/d6e14a625393b4da-01/chapters/2SA.15
  Saved: 2_samuel_15.xml
  Fetching 2 Samuel chapter 16...
  Requesting URL: https://rest.api.bible/v1/bibles/d6e14a625393b4da-01/chapters/2SA.16
  Saved: 2_samuel_16.xml
  Fetching 2 Samuel chapter 17...
  Requesting URL: https://rest.api.bible/v1/bibles/d6e14a625393b4da-01/chapters/2SA.17
  Saved: 2_samuel_17.xml
  Fetching 2 Samuel chapter 18...
  Requesting URL: https://rest.api.bible/v1/bibles/d6e14a625393b4da-01/chapters/2SA.18
  Saved: 2_samuel_18.xml
  Fetching 2 Samuel chapter 19...
  Requesting URL: https://rest.api.bible/v1/bibles/d6e14a625393b4da-01/chapters/2SA.19
  Saved: 2_samuel_19.xml
  Fetching 2 Samuel chapter 20...
  Requesting URL: https://rest.api.bible/v1/bibles/d6e14a625393b4da-01/chapters/2SA.20
  Saved: 2_samuel_20.xml
  Fetching 2 Samuel chapter 21...
  Requesting URL: https://rest.api.bible/v1/bibles/d6e14a625393b4da-01/chapters/2SA.21
  Saved: 2_samuel_21.xml
  Fetching 2 Samuel chapter 22...
  Requesting URL: https://rest.api.bible/v1/bibles/d6e14a625393b4da-01/chapters/2SA.22
  Saved: 2_samuel_22.xml
  Fetching 2 Samuel chapter 23...
  Requesting URL: https://rest.api.bible/v1/bibles/d6e14a625393b4da-01/chapters/2SA.23
  Saved: 2_samuel_23.xml
  Fetching 2 Samuel chapter 24...
  Requesting URL: https://rest.api.bible/v1/bibles/d6e14a625393b4da-01/chapters/2SA.24
  Saved: 2_samuel_24.xml

Processing 1 Kings for NLT...
  Fetching 1 Kings chapter 1...
  Requesting URL: https://rest.api.bible/v1/bibles/d6e14a625393b4da-01/chapters/1KI.1
  Saved: 1_kings_1.xml
  Fetching 1 Kings chapter 2...
  Requesting URL: https://rest.api.bible/v1/bibles/d6e14a625393b4da-01/chapters/1KI.2
  Saved: 1_kings_2.xml
  Fetching 1 Kings chapter 3...
  Requesting URL: https://rest.api.bible/v1/bibles/d6e14a625393b4da-01/chapters/1KI.3
  Saved: 1_kings_3.xml
  Fetching 1 Kings chapter 4...
  Requesting URL: https://rest.api.bible/v1/bibles/d6e14a625393b4da-01/chapters/1KI.4
  Saved: 1_kings_4.xml
  Fetching 1 Kings chapter 5...
  Requesting URL: https://rest.api.bible/v1/bibles/d6e14a625393b4da-01/chapters/1KI.5
  Saved: 1_kings_5.xml
  Fetching 1 Kings chapter 6...
  Requesting URL: https://rest.api.bible/v1/bibles/d6e14a625393b4da-01/chapters/1KI.6
  Saved: 1_kings_6.xml
  Fetching 1 Kings chapter 7...
  Requesting URL: https://rest.api.bible/v1/bibles/d6e14a625393b4da-01/chapters/1KI.7
  Saved: 1_kings_7.xml
  Fetching 1 Kings chapter 8...
  Requesting URL: https://rest.api.bible/v1/bibles/d6e14a625393b4da-01/chapters/1KI.8
  Saved: 1_kings_8.xml
  Fetching 1 Kings chapter 9...
  Requesting URL: https://rest.api.bible/v1/bibles/d6e14a625393b4da-01/chapters/1KI.9
  Saved: 1_kings_9.xml
  Fetching 1 Kings chapter 10...
  Requesting URL: https://rest.api.bible/v1/bibles/d6e14a625393b4da-01/chapters/1KI.10
  Saved: 1_kings_10.xml
  Fetching 1 Kings chapter 11...
  Requesting URL: https://rest.api.bible/v1/bibles/d6e14a625393b4da-01/chapters/1KI.11
  Saved: 1_kings_11.xml
  Fetching 1 Kings chapter 12...
  Requesting URL: https://rest.api.bible/v1/bibles/d6e14a625393b4da-01/chapters/1KI.12
  Saved: 1_kings_12.xml
  Fetching 1 Kings chapter 13...
  Requesting URL: https://rest.api.bible/v1/bibles/d6e14a625393b4da-01/chapters/1KI.13
  Saved: 1_kings_13.xml
  Fetching 1 Kings chapter 14...
  Requesting URL: https://rest.api.bible/v1/bibles/d6e14a625393b4da-01/chapters/1KI.14
  Saved: 1_kings_14.xml
  Fetching 1 Kings chapter 15...
  Requesting URL: https://rest.api.bible/v1/bibles/d6e14a625393b4da-01/chapters/1KI.15
  Saved: 1_kings_15.xml
  Fetching 1 Kings chapter 16...
  Requesting URL: https://rest.api.bible/v1/bibles/d6e14a625393b4da-01/chapters/1KI.16
  Saved: 1_kings_16.xml
  Fetching 1 Kings chapter 17...
  Requesting URL: https://rest.api.bible/v1/bibles/d6e14a625393b4da-01/chapters/1KI.17
  Saved: 1_kings_17.xml
  Fetching 1 Kings chapter 18...
  Requesting URL: https://rest.api.bible/v1/bibles/d6e14a625393b4da-01/chapters/1KI.18
  Saved: 1_kings_18.xml
  Fetching 1 Kings chapter 19...
  Requesting URL: https://rest.api.bible/v1/bibles/d6e14a625393b4da-01/chapters/1KI.19
  Saved: 1_kings_19.xml
  Fetching 1 Kings chapter 20...
  Requesting URL: https://rest.api.bible/v1/bibles/d6e14a625393b4da-01/chapters/1KI.20
  Saved: 1_kings_20.xml
  Fetching 1 Kings chapter 21...
  Requesting URL: https://rest.api.bible/v1/bibles/d6e14a625393b4da-01/chapters/1KI.21
  Saved: 1_kings_21.xml
  Fetching 1 Kings chapter 22...
  Requesting URL: https://rest.api.bible/v1/bibles/d6e14a625393b4da-01/chapters/1KI.22
  Saved: 1_kings_22.xml

Processing 2 Kings for NLT...
  Fetching 2 Kings chapter 1...
  Requesting URL: https://rest.api.bible/v1/bibles/d6e14a625393b4da-01/chapters/2KI.1
  Saved: 2_kings_1.xml
  Fetching 2 Kings chapter 2...
  Requesting URL: https://rest.api.bible/v1/bibles/d6e14a625393b4da-01/chapters/2KI.2
  Saved: 2_kings_2.xml
  Fetching 2 Kings chapter 3...
  Requesting URL: https://rest.api.bible/v1/bibles/d6e14a625393b4da-01/chapters/2KI.3
  Saved: 2_kings_3.xml
  Fetching 2 Kings chapter 4...
  Requesting URL: https://rest.api.bible/v1/bibles/d6e14a625393b4da-01/chapters/2KI.4
  Saved: 2_kings_4.xml
  Fetching 2 Kings chapter 5...
  Requesting URL: https://rest.api.bible/v1/bibles/d6e14a625393b4da-01/chapters/2KI.5
  Saved: 2_kings_5.xml
  Fetching 2 Kings chapter 6...
  Requesting URL: https://rest.api.bible/v1/bibles/d6e14a625393b4da-01/chapters/2KI.6
  Saved: 2_kings_6.xml
  Fetching 2 Kings chapter 7...
  Requesting URL: https://rest.api.bible/v1/bibles/d6e14a625393b4da-01/chapters/2KI.7
  Saved: 2_kings_7.xml
  Fetching 2 Kings chapter 8...
  Requesting URL: https://rest.api.bible/v1/bibles/d6e14a625393b4da-01/chapters/2KI.8
  Saved: 2_kings_8.xml
  Fetching 2 Kings chapter 9...
  Requesting URL: https://rest.api.bible/v1/bibles/d6e14a625393b4da-01/chapters/2KI.9
  Saved: 2_kings_9.xml
  Fetching 2 Kings chapter 10...
  Requesting URL: https://rest.api.bible/v1/bibles/d6e14a625393b4da-01/chapters/2KI.10
  Saved: 2_kings_10.xml
  Fetching 2 Kings chapter 11...
  Requesting URL: https://rest.api.bible/v1/bibles/d6e14a625393b4da-01/chapters/2KI.11
  Saved: 2_kings_11.xml
  Fetching 2 Kings chapter 12...
  Requesting URL: https://rest.api.bible/v1/bibles/d6e14a625393b4da-01/chapters/2KI.12
  Saved: 2_kings_12.xml
  Fetching 2 Kings chapter 13...
  Requesting URL: https://rest.api.bible/v1/bibles/d6e14a625393b4da-01/chapters/2KI.13
  Saved: 2_kings_13.xml
  Fetching 2 Kings chapter 14...
  Requesting URL: https://rest.api.bible/v1/bibles/d6e14a625393b4da-01/chapters/2KI.14
  Saved: 2_kings_14.xml
  Fetching 2 Kings chapter 15...
  Requesting URL: https://rest.api.bible/v1/bibles/d6e14a625393b4da-01/chapters/2KI.15
  Saved: 2_kings_15.xml
  Fetching 2 Kings chapter 16...
  Requesting URL: https://rest.api.bible/v1/bibles/d6e14a625393b4da-01/chapters/2KI.16
  Saved: 2_kings_16.xml
  Fetching 2 Kings chapter 17...
  Requesting URL: https://rest.api.bible/v1/bibles/d6e14a625393b4da-01/chapters/2KI.17
  Saved: 2_kings_17.xml
  Fetching 2 Kings chapter 18...
  Requesting URL: https://rest.api.bible/v1/bibles/d6e14a625393b4da-01/chapters/2KI.18
  Saved: 2_kings_18.xml
  Fetching 2 Kings chapter 19...
  Requesting URL: https://rest.api.bible/v1/bibles/d6e14a625393b4da-01/chapters/2KI.19
  Saved: 2_kings_19.xml
  Fetching 2 Kings chapter 20...
  Requesting URL: https://rest.api.bible/v1/bibles/d6e14a625393b4da-01/chapters/2KI.20
  Saved: 2_kings_20.xml
  Fetching 2 Kings chapter 21...
  Requesting URL: https://rest.api.bible/v1/bibles/d6e14a625393b4da-01/chapters/2KI.21
  Saved: 2_kings_21.xml
  Fetching 2 Kings chapter 22...
  Requesting URL: https://rest.api.bible/v1/bibles/d6e14a625393b4da-01/chapters/2KI.22
  Saved: 2_kings_22.xml
  Fetching 2 Kings chapter 23...
  Requesting URL: https://rest.api.bible/v1/bibles/d6e14a625393b4da-01/chapters/2KI.23
  Saved: 2_kings_23.xml
  Fetching 2 Kings chapter 24...
  Requesting URL: https://rest.api.bible/v1/bibles/d6e14a625393b4da-01/chapters/2KI.24
  Saved: 2_kings_24.xml
  Fetching 2 Kings chapter 25...
  Requesting URL: https://rest.api.bible/v1/bibles/d6e14a625393b4da-01/chapters/2KI.25
  Saved: 2_kings_25.xml

Processing 1 Chronicles for NLT...
  Fetching 1 Chronicles chapter 1...
  Requesting URL: https://rest.api.bible/v1/bibles/d6e14a625393b4da-01/chapters/1CH.1
  Saved: 1_chronicles_1.xml
  Fetching 1 Chronicles chapter 2...
  Requesting URL: https://rest.api.bible/v1/bibles/d6e14a625393b4da-01/chapters/1CH.2
  Saved: 1_chronicles_2.xml
  Fetching 1 Chronicles chapter 3...
  Requesting URL: https://rest.api.bible/v1/bibles/d6e14a625393b4da-01/chapters/1CH.3
  Saved: 1_chronicles_3.xml
  Fetching 1 Chronicles chapter 4...
  Requesting URL: https://rest.api.bible/v1/bibles/d6e14a625393b4da-01/chapters/1CH.4
  Saved: 1_chronicles_4.xml
  Fetching 1 Chronicles chapter 5...
  Requesting URL: https://rest.api.bible/v1/bibles/d6e14a625393b4da-01/chapters/1CH.5
  Saved: 1_chronicles_5.xml
  Fetching 1 Chronicles chapter 6...
  Requesting URL: https://rest.api.bible/v1/bibles/d6e14a625393b4da-01/chapters/1CH.6
  Saved: 1_chronicles_6.xml
  Fetching 1 Chronicles chapter 7...
  Requesting URL: https://rest.api.bible/v1/bibles/d6e14a625393b4da-01/chapters/1CH.7
  Saved: 1_chronicles_7.xml
  Fetching 1 Chronicles chapter 8...
  Requesting URL: https://rest.api.bible/v1/bibles/d6e14a625393b4da-01/chapters/1CH.8
  Saved: 1_chronicles_8.xml
  Fetching 1 Chronicles chapter 9...
  Requesting URL: https://rest.api.bible/v1/bibles/d6e14a625393b4da-01/chapters/1CH.9
  Saved: 1_chronicles_9.xml
  Fetching 1 Chronicles chapter 10...
  Requesting URL: https://rest.api.bible/v1/bibles/d6e14a625393b4da-01/chapters/1CH.10
  Saved: 1_chronicles_10.xml
  Fetching 1 Chronicles chapter 11...
  Requesting URL: https://rest.api.bible/v1/bibles/d6e14a625393b4da-01/chapters/1CH.11
  Saved: 1_chronicles_11.xml
  Fetching 1 Chronicles chapter 12...
  Requesting URL: https://rest.api.bible/v1/bibles/d6e14a625393b4da-01/chapters/1CH.12
  Saved: 1_chronicles_12.xml
  Fetching 1 Chronicles chapter 13...
  Requesting URL: https://rest.api.bible/v1/bibles/d6e14a625393b4da-01/chapters/1CH.13
  Saved: 1_chronicles_13.xml
  Fetching 1 Chronicles chapter 14...
  Requesting URL: https://rest.api.bible/v1/bibles/d6e14a625393b4da-01/chapters/1CH.14
  Saved: 1_chronicles_14.xml
  Fetching 1 Chronicles chapter 15...
  Requesting URL: https://rest.api.bible/v1/bibles/d6e14a625393b4da-01/chapters/1CH.15
  Saved: 1_chronicles_15.xml
  Fetching 1 Chronicles chapter 16...
  Requesting URL: https://rest.api.bible/v1/bibles/d6e14a625393b4da-01/chapters/1CH.16
  Saved: 1_chronicles_16.xml
  Fetching 1 Chronicles chapter 17...
  Requesting URL: https://rest.api.bible/v1/bibles/d6e14a625393b4da-01/chapters/1CH.17
  Saved: 1_chronicles_17.xml
  Fetching 1 Chronicles chapter 18...
  Requesting URL: https://rest.api.bible/v1/bibles/d6e14a625393b4da-01/chapters/1CH.18
  Saved: 1_chronicles_18.xml
  Fetching 1 Chronicles chapter 19...
  Requesting URL: https://rest.api.bible/v1/bibles/d6e14a625393b4da-01/chapters/1CH.19
  Saved: 1_chronicles_19.xml
  Fetching 1 Chronicles chapter 20...
  Requesting URL: https://rest.api.bible/v1/bibles/d6e14a625393b4da-01/chapters/1CH.20
  Saved: 1_chronicles_20.xml
  Fetching 1 Chronicles chapter 21...
  Requesting URL: https://rest.api.bible/v1/bibles/d6e14a625393b4da-01/chapters/1CH.21
  Saved: 1_chronicles_21.xml
  Fetching 1 Chronicles chapter 22...
  Requesting URL: https://rest.api.bible/v1/bibles/d6e14a625393b4da-01/chapters/1CH.22
  Saved: 1_chronicles_22.xml
  Fetching 1 Chronicles chapter 23...
  Requesting URL: https://rest.api.bible/v1/bibles/d6e14a625393b4da-01/chapters/1CH.23
  Saved: 1_chronicles_23.xml
  Fetching 1 Chronicles chapter 24...
  Requesting URL: https://rest.api.bible/v1/bibles/d6e14a625393b4da-01/chapters/1CH.24
  Saved: 1_chronicles_24.xml
  Fetching 1 Chronicles chapter 25...
  Requesting URL: https://rest.api.bible/v1/bibles/d6e14a625393b4da-01/chapters/1CH.25
  Saved: 1_chronicles_25.xml
  Fetching 1 Chronicles chapter 26...
  Requesting URL: https://rest.api.bible/v1/bibles/d6e14a625393b4da-01/chapters/1CH.26
  Saved: 1_chronicles_26.xml
  Fetching 1 Chronicles chapter 27...
  Requesting URL: https://rest.api.bible/v1/bibles/d6e14a625393b4da-01/chapters/1CH.27
  Saved: 1_chronicles_27.xml
  Fetching 1 Chronicles chapter 28...
  Requesting URL: https://rest.api.bible/v1/bibles/d6e14a625393b4da-01/chapters/1CH.28
  Saved: 1_chronicles_28.xml
  Fetching 1 Chronicles chapter 29...
  Requesting URL: https://rest.api.bible/v1/bibles/d6e14a625393b4da-01/chapters/1CH.29
  Saved: 1_chronicles_29.xml

Processing 2 Chronicles for NLT...
  Fetching 2 Chronicles chapter 1...
  Requesting URL: https://rest.api.bible/v1/bibles/d6e14a625393b4da-01/chapters/2CH.1
  Saved: 2_chronicles_1.xml
  Fetching 2 Chronicles chapter 2...
  Requesting URL: https://rest.api.bible/v1/bibles/d6e14a625393b4da-01/chapters/2CH.2
  Saved: 2_chronicles_2.xml
  Fetching 2 Chronicles chapter 3...
  Requesting URL: https://rest.api.bible/v1/bibles/d6e14a625393b4da-01/chapters/2CH.3
  Saved: 2_chronicles_3.xml
  Fetching 2 Chronicles chapter 4...
  Requesting URL: https://rest.api.bible/v1/bibles/d6e14a625393b4da-01/chapters/2CH.4
  Saved: 2_chronicles_4.xml
  Fetching 2 Chronicles chapter 5...
  Requesting URL: https://rest.api.bible/v1/bibles/d6e14a625393b4da-01/chapters/2CH.5
  Saved: 2_chronicles_5.xml
  Fetching 2 Chronicles chapter 6...
  Requesting URL: https://rest.api.bible/v1/bibles/d6e14a625393b4da-01/chapters/2CH.6
  Saved: 2_chronicles_6.xml
  Fetching 2 Chronicles chapter 7...
  Requesting URL: https://rest.api.bible/v1/bibles/d6e14a625393b4da-01/chapters/2CH.7
  Saved: 2_chronicles_7.xml
  Fetching 2 Chronicles chapter 8...
  Requesting URL: https://rest.api.bible/v1/bibles/d6e14a625393b4da-01/chapters/2CH.8
  Saved: 2_chronicles_8.xml
  Fetching 2 Chronicles chapter 9...
  Requesting URL: https://rest.api.bible/v1/bibles/d6e14a625393b4da-01/chapters/2CH.9
  Saved: 2_chronicles_9.xml
  Fetching 2 Chronicles chapter 10...
  Requesting URL: https://rest.api.bible/v1/bibles/d6e14a625393b4da-01/chapters/2CH.10
  Saved: 2_chronicles_10.xml
  Fetching 2 Chronicles chapter 11...
  Requesting URL: https://rest.api.bible/v1/bibles/d6e14a625393b4da-01/chapters/2CH.11
  Saved: 2_chronicles_11.xml
  Fetching 2 Chronicles chapter 12...
  Requesting URL: https://rest.api.bible/v1/bibles/d6e14a625393b4da-01/chapters/2CH.12
  Saved: 2_chronicles_12.xml
  Fetching 2 Chronicles chapter 13...
  Requesting URL: https://rest.api.bible/v1/bibles/d6e14a625393b4da-01/chapters/2CH.13
  Saved: 2_chronicles_13.xml
  Fetching 2 Chronicles chapter 14...
  Requesting URL: https://rest.api.bible/v1/bibles/d6e14a625393b4da-01/chapters/2CH.14
  Saved: 2_chronicles_14.xml
  Fetching 2 Chronicles chapter 15...
  Requesting URL: https://rest.api.bible/v1/bibles/d6e14a625393b4da-01/chapters/2CH.15
  Saved: 2_chronicles_15.xml
  Fetching 2 Chronicles chapter 16...
  Requesting URL: https://rest.api.bible/v1/bibles/d6e14a625393b4da-01/chapters/2CH.16
  Saved: 2_chronicles_16.xml
  Fetching 2 Chronicles chapter 17...
  Requesting URL: https://rest.api.bible/v1/bibles/d6e14a625393b4da-01/chapters/2CH.17
  Saved: 2_chronicles_17.xml
  Fetching 2 Chronicles chapter 18...
  Requesting URL: https://rest.api.bible/v1/bibles/d6e14a625393b4da-01/chapters/2CH.18
  Saved: 2_chronicles_18.xml
  Fetching 2 Chronicles chapter 19...
  Requesting URL: https://rest.api.bible/v1/bibles/d6e14a625393b4da-01/chapters/2CH.19
  Saved: 2_chronicles_19.xml
  Fetching 2 Chronicles chapter 20...
  Requesting URL: https://rest.api.bible/v1/bibles/d6e14a625393b4da-01/chapters/2CH.20
  Saved: 2_chronicles_20.xml
  Fetching 2 Chronicles chapter 21...
  Requesting URL: https://rest.api.bible/v1/bibles/d6e14a625393b4da-01/chapters/2CH.21
  Saved: 2_chronicles_21.xml
  Fetching 2 Chronicles chapter 22...
  Requesting URL: https://rest.api.bible/v1/bibles/d6e14a625393b4da-01/chapters/2CH.22
  Saved: 2_chronicles_22.xml
  Fetching 2 Chronicles chapter 23...
  Requesting URL: https://rest.api.bible/v1/bibles/d6e14a625393b4da-01/chapters/2CH.23
  Saved: 2_chronicles_23.xml
  Fetching 2 Chronicles chapter 24...
  Requesting URL: https://rest.api.bible/v1/bibles/d6e14a625393b4da-01/chapters/2CH.24
  Saved: 2_chronicles_24.xml
  Fetching 2 Chronicles chapter 25...
  Requesting URL: https://rest.api.bible/v1/bibles/d6e14a625393b4da-01/chapters/2CH.25
  Saved: 2_chronicles_25.xml
  Fetching 2 Chronicles chapter 26...
  Requesting URL: https://rest.api.bible/v1/bibles/d6e14a625393b4da-01/chapters/2CH.26
  Saved: 2_chronicles_26.xml
  Fetching 2 Chronicles chapter 27...
  Requesting URL: https://rest.api.bible/v1/bibles/d6e14a625393b4da-01/chapters/2CH.27
  Saved: 2_chronicles_27.xml
  Fetching 2 Chronicles chapter 28...
  Requesting URL: https://rest.api.bible/v1/bibles/d6e14a625393b4da-01/chapters/2CH.28
  Saved: 2_chronicles_28.xml
  Fetching 2 Chronicles chapter 29...
  Requesting URL: https://rest.api.bible/v1/bibles/d6e14a625393b4da-01/chapters/2CH.29
  Saved: 2_chronicles_29.xml
  Fetching 2 Chronicles chapter 30...
  Requesting URL: https://rest.api.bible/v1/bibles/d6e14a625393b4da-01/chapters/2CH.30
  Saved: 2_chronicles_30.xml
  Fetching 2 Chronicles chapter 31...
  Requesting URL: https://rest.api.bible/v1/bibles/d6e14a625393b4da-01/chapters/2CH.31
  Saved: 2_chronicles_31.xml
  Fetching 2 Chronicles chapter 32...
  Requesting URL: https://rest.api.bible/v1/bibles/d6e14a625393b4da-01/chapters/2CH.32
  Saved: 2_chronicles_32.xml
  Fetching 2 Chronicles chapter 33...
  Requesting URL: https://rest.api.bible/v1/bibles/d6e14a625393b4da-01/chapters/2CH.33
  Saved: 2_chronicles_33.xml
  Fetching 2 Chronicles chapter 34...
  Requesting URL: https://rest.api.bible/v1/bibles/d6e14a625393b4da-01/chapters/2CH.34
  Saved: 2_chronicles_34.xml
  Fetching 2 Chronicles chapter 35...
  Requesting URL: https://rest.api.bible/v1/bibles/d6e14a625393b4da-01/chapters/2CH.35
  Saved: 2_chronicles_35.xml
  Fetching 2 Chronicles chapter 36...
  Requesting URL: https://rest.api.bible/v1/bibles/d6e14a625393b4da-01/chapters/2CH.36
  Saved: 2_chronicles_36.xml

Processing Ezra for NLT...
  Fetching Ezra chapter 1...
  Requesting URL: https://rest.api.bible/v1/bibles/d6e14a625393b4da-01/chapters/EZR.1
  Saved: ezra_1.xml
  Fetching Ezra chapter 2...
  Requesting URL: https://rest.api.bible/v1/bibles/d6e14a625393b4da-01/chapters/EZR.2
  Saved: ezra_2.xml
  Fetching Ezra chapter 3...
  Requesting URL: https://rest.api.bible/v1/bibles/d6e14a625393b4da-01/chapters/EZR.3
  Saved: ezra_3.xml
  Fetching Ezra chapter 4...
  Requesting URL: https://rest.api.bible/v1/bibles/d6e14a625393b4da-01/chapters/EZR.4
  Saved: ezra_4.xml
  Fetching Ezra chapter 5...
  Requesting URL: https://rest.api.bible/v1/bibles/d6e14a625393b4da-01/chapters/EZR.5
  Saved: ezra_5.xml
  Fetching Ezra chapter 6...
  Requesting URL: https://rest.api.bible/v1/bibles/d6e14a625393b4da-01/chapters/EZR.6
  Saved: ezra_6.xml
  Fetching Ezra chapter 7...
  Requesting URL: https://rest.api.bible/v1/bibles/d6e14a625393b4da-01/chapters/EZR.7
  Saved: ezra_7.xml
  Fetching Ezra chapter 8...
  Requesting URL: https://rest.api.bible/v1/bibles/d6e14a625393b4da-01/chapters/EZR.8
  Saved: ezra_8.xml
  Fetching Ezra chapter 9...
  Requesting URL: https://rest.api.bible/v1/bibles/d6e14a625393b4da-01/chapters/EZR.9
  Saved: ezra_9.xml
  Fetching Ezra chapter 10...
  Requesting URL: https://rest.api.bible/v1/bibles/d6e14a625393b4da-01/chapters/EZR.10
  Saved: ezra_10.xml

Processing Nehemiah for NLT...
  Fetching Nehemiah chapter 1...
  Requesting URL: https://rest.api.bible/v1/bibles/d6e14a625393b4da-01/chapters/NEH.1
  Saved: nehemiah_1.xml
  Fetching Nehemiah chapter 2...
  Requesting URL: https://rest.api.bible/v1/bibles/d6e14a625393b4da-01/chapters/NEH.2
  Saved: nehemiah_2.xml
  Fetching Nehemiah chapter 3...
  Requesting URL: https://rest.api.bible/v1/bibles/d6e14a625393b4da-01/chapters/NEH.3
  Saved: nehemiah_3.xml
  Fetching Nehemiah chapter 4...
  Requesting URL: https://rest.api.bible/v1/bibles/d6e14a625393b4da-01/chapters/NEH.4
  Saved: nehemiah_4.xml
  Fetching Nehemiah chapter 5...
  Requesting URL: https://rest.api.bible/v1/bibles/d6e14a625393b4da-01/chapters/NEH.5
  Saved: nehemiah_5.xml
  Fetching Nehemiah chapter 6...
  Requesting URL: https://rest.api.bible/v1/bibles/d6e14a625393b4da-01/chapters/NEH.6
  Saved: nehemiah_6.xml
  Fetching Nehemiah chapter 7...
  Requesting URL: https://rest.api.bible/v1/bibles/d6e14a625393b4da-01/chapters/NEH.7
  Saved: nehemiah_7.xml
  Fetching Nehemiah chapter 8...
  Requesting URL: https://rest.api.bible/v1/bibles/d6e14a625393b4da-01/chapters/NEH.8
  Saved: nehemiah_8.xml
  Fetching Nehemiah chapter 9...
  Requesting URL: https://rest.api.bible/v1/bibles/d6e14a625393b4da-01/chapters/NEH.9
  Saved: nehemiah_9.xml
  Fetching Nehemiah chapter 10...
  Requesting URL: https://rest.api.bible/v1/bibles/d6e14a625393b4da-01/chapters/NEH.10
  Saved: nehemiah_10.xml
  Fetching Nehemiah chapter 11...
  Requesting URL: https://rest.api.bible/v1/bibles/d6e14a625393b4da-01/chapters/NEH.11
  Saved: nehemiah_11.xml
  Fetching Nehemiah chapter 12...
  Requesting URL: https://rest.api.bible/v1/bibles/d6e14a625393b4da-01/chapters/NEH.12
  Saved: nehemiah_12.xml
  Fetching Nehemiah chapter 13...
  Requesting URL: https://rest.api.bible/v1/bibles/d6e14a625393b4da-01/chapters/NEH.13
  Saved: nehemiah_13.xml

Processing Esther for NLT...
  Fetching Esther chapter 1...
  Requesting URL: https://rest.api.bible/v1/bibles/d6e14a625393b4da-01/chapters/EST.1
  Saved: esther_1.xml
  Fetching Esther chapter 2...
  Requesting URL: https://rest.api.bible/v1/bibles/d6e14a625393b4da-01/chapters/EST.2
  Saved: esther_2.xml
  Fetching Esther chapter 3...
  Requesting URL: https://rest.api.bible/v1/bibles/d6e14a625393b4da-01/chapters/EST.3
  Saved: esther_3.xml
  Fetching Esther chapter 4...
  Requesting URL: https://rest.api.bible/v1/bibles/d6e14a625393b4da-01/chapters/EST.4
  Saved: esther_4.xml
  Fetching Esther chapter 5...
  Requesting URL: https://rest.api.bible/v1/bibles/d6e14a625393b4da-01/chapters/EST.5
  Saved: esther_5.xml
  Fetching Esther chapter 6...
  Requesting URL: https://rest.api.bible/v1/bibles/d6e14a625393b4da-01/chapters/EST.6
  Saved: esther_6.xml
  Fetching Esther chapter 7...
  Requesting URL: https://rest.api.bible/v1/bibles/d6e14a625393b4da-01/chapters/EST.7
  Saved: esther_7.xml
  Fetching Esther chapter 8...
  Requesting URL: https://rest.api.bible/v1/bibles/d6e14a625393b4da-01/chapters/EST.8
  Saved: esther_8.xml
  Fetching Esther chapter 9...
  Requesting URL: https://rest.api.bible/v1/bibles/d6e14a625393b4da-01/chapters/EST.9
  Saved: esther_9.xml
  Fetching Esther chapter 10...
  Requesting URL: https://rest.api.bible/v1/bibles/d6e14a625393b4da-01/chapters/EST.10
  Saved: esther_10.xml

Processing Job for NLT...
  Fetching Job chapter 1...
  Requesting URL: https://rest.api.bible/v1/bibles/d6e14a625393b4da-01/chapters/JOB.1
  Saved: job_1.xml
  Fetching Job chapter 2...
  Requesting URL: https://rest.api.bible/v1/bibles/d6e14a625393b4da-01/chapters/JOB.2
  Saved: job_2.xml
  Fetching Job chapter 3...
  Requesting URL: https://rest.api.bible/v1/bibles/d6e14a625393b4da-01/chapters/JOB.3
  Saved: job_3.xml
  Fetching Job chapter 4...
  Requesting URL: https://rest.api.bible/v1/bibles/d6e14a625393b4da-01/chapters/JOB.4
  Saved: job_4.xml
  Fetching Job chapter 5...
  Requesting URL: https://rest.api.bible/v1/bibles/d6e14a625393b4da-01/chapters/JOB.5
  Saved: job_5.xml
  Fetching Job chapter 6...
  Requesting URL: https://rest.api.bible/v1/bibles/d6e14a625393b4da-01/chapters/JOB.6
  Saved: job_6.xml
  Fetching Job chapter 7...
  Requesting URL: https://rest.api.bible/v1/bibles/d6e14a625393b4da-01/chapters/JOB.7
  Saved: job_7.xml
  Fetching Job chapter 8...
  Requesting URL: https://rest.api.bible/v1/bibles/d6e14a625393b4da-01/chapters/JOB.8
  Saved: job_8.xml
  Fetching Job chapter 9...
  Requesting URL: https://rest.api.bible/v1/bibles/d6e14a625393b4da-01/chapters/JOB.9
  Saved: job_9.xml
  Fetching Job chapter 10...
  Requesting URL: https://rest.api.bible/v1/bibles/d6e14a625393b4da-01/chapters/JOB.10
  Saved: job_10.xml
  Fetching Job chapter 11...
  Requesting URL: https://rest.api.bible/v1/bibles/d6e14a625393b4da-01/chapters/JOB.11
  Saved: job_11.xml
  Fetching Job chapter 12...
  Requesting URL: https://rest.api.bible/v1/bibles/d6e14a625393b4da-01/chapters/JOB.12
  Saved: job_12.xml
  Fetching Job chapter 13...
  Requesting URL: https://rest.api.bible/v1/bibles/d6e14a625393b4da-01/chapters/JOB.13
  Saved: job_13.xml
  Fetching Job chapter 14...
  Requesting URL: https://rest.api.bible/v1/bibles/d6e14a625393b4da-01/chapters/JOB.14
  Saved: job_14.xml
  Fetching Job chapter 15...
  Requesting URL: https://rest.api.bible/v1/bibles/d6e14a625393b4da-01/chapters/JOB.15
  Saved: job_15.xml
  Fetching Job chapter 16...
  Requesting URL: https://rest.api.bible/v1/bibles/d6e14a625393b4da-01/chapters/JOB.16
  Saved: job_16.xml
  Fetching Job chapter 17...
  Requesting URL: https://rest.api.bible/v1/bibles/d6e14a625393b4da-01/chapters/JOB.17
  Saved: job_17.xml
  Fetching Job chapter 18...
  Requesting URL: https://rest.api.bible/v1/bibles/d6e14a625393b4da-01/chapters/JOB.18
  Saved: job_18.xml
  Fetching Job chapter 19...
  Requesting URL: https://rest.api.bible/v1/bibles/d6e14a625393b4da-01/chapters/JOB.19
  Saved: job_19.xml
  Fetching Job chapter 20...
  Requesting URL: https://rest.api.bible/v1/bibles/d6e14a625393b4da-01/chapters/JOB.20
  Saved: job_20.xml
  Fetching Job chapter 21...
  Requesting URL: https://rest.api.bible/v1/bibles/d6e14a625393b4da-01/chapters/JOB.21
  Saved: job_21.xml
  Fetching Job chapter 22...
  Requesting URL: https://rest.api.bible/v1/bibles/d6e14a625393b4da-01/chapters/JOB.22
  Saved: job_22.xml
  Fetching Job chapter 23...
  Requesting URL: https://rest.api.bible/v1/bibles/d6e14a625393b4da-01/chapters/JOB.23
  Saved: job_23.xml
  Fetching Job chapter 24...
  Requesting URL: https://rest.api.bible/v1/bibles/d6e14a625393b4da-01/chapters/JOB.24
  Saved: job_24.xml
  Fetching Job chapter 25...
  Requesting URL: https://rest.api.bible/v1/bibles/d6e14a625393b4da-01/chapters/JOB.25
  Saved: job_25.xml
  Fetching Job chapter 26...
  Requesting URL: https://rest.api.bible/v1/bibles/d6e14a625393b4da-01/chapters/JOB.26
  Saved: job_26.xml
  Fetching Job chapter 27...
  Requesting URL: https://rest.api.bible/v1/bibles/d6e14a625393b4da-01/chapters/JOB.27
  Saved: job_27.xml
  Fetching Job chapter 28...
  Requesting URL: https://rest.api.bible/v1/bibles/d6e14a625393b4da-01/chapters/JOB.28
  Saved: job_28.xml
  Fetching Job chapter 29...
  Requesting URL: https://rest.api.bible/v1/bibles/d6e14a625393b4da-01/chapters/JOB.29
  Saved: job_29.xml
  Fetching Job chapter 30...
  Requesting URL: https://rest.api.bible/v1/bibles/d6e14a625393b4da-01/chapters/JOB.30
  Saved: job_30.xml
  Fetching Job chapter 31...
  Requesting URL: https://rest.api.bible/v1/bibles/d6e14a625393b4da-01/chapters/JOB.31
  Saved: job_31.xml
  Fetching Job chapter 32...
  Requesting URL: https://rest.api.bible/v1/bibles/d6e14a625393b4da-01/chapters/JOB.32
  Saved: job_32.xml
  Fetching Job chapter 33...
  Requesting URL: https://rest.api.bible/v1/bibles/d6e14a625393b4da-01/chapters/JOB.33
  Saved: job_33.xml
  Fetching Job chapter 34...
  Requesting URL: https://rest.api.bible/v1/bibles/d6e14a625393b4da-01/chapters/JOB.34
  Saved: job_34.xml
  Fetching Job chapter 35...
  Requesting URL: https://rest.api.bible/v1/bibles/d6e14a625393b4da-01/chapters/JOB.35
  Saved: job_35.xml
  Fetching Job chapter 36...
  Requesting URL: https://rest.api.bible/v1/bibles/d6e14a625393b4da-01/chapters/JOB.36
  Saved: job_36.xml
  Fetching Job chapter 37...
  Requesting URL: https://rest.api.bible/v1/bibles/d6e14a625393b4da-01/chapters/JOB.37
  Saved: job_37.xml
  Fetching Job chapter 38...
  Requesting URL: https://rest.api.bible/v1/bibles/d6e14a625393b4da-01/chapters/JOB.38
  Saved: job_38.xml
  Fetching Job chapter 39...
  Requesting URL: https://rest.api.bible/v1/bibles/d6e14a625393b4da-01/chapters/JOB.39
  Saved: job_39.xml
  Fetching Job chapter 40...
  Requesting URL: https://rest.api.bible/v1/bibles/d6e14a625393b4da-01/chapters/JOB.40
  Saved: job_40.xml
  Fetching Job chapter 41...
  Requesting URL: https://rest.api.bible/v1/bibles/d6e14a625393b4da-01/chapters/JOB.41
  Saved: job_41.xml
  Fetching Job chapter 42...
  Requesting URL: https://rest.api.bible/v1/bibles/d6e14a625393b4da-01/chapters/JOB.42
  Saved: job_42.xml

Processing Psalms for NLT...
  Fetching Psalms chapter 1...
  Requesting URL: https://rest.api.bible/v1/bibles/d6e14a625393b4da-01/chapters/PSA.1
  Saved: psalms_1.xml
  Fetching Psalms chapter 2...
  Requesting URL: https://rest.api.bible/v1/bibles/d6e14a625393b4da-01/chapters/PSA.2
  Saved: psalms_2.xml
  Fetching Psalms chapter 3...
  Requesting URL: https://rest.api.bible/v1/bibles/d6e14a625393b4da-01/chapters/PSA.3
  Saved: psalms_3.xml
  Fetching Psalms chapter 4...
  Requesting URL: https://rest.api.bible/v1/bibles/d6e14a625393b4da-01/chapters/PSA.4
  Saved: psalms_4.xml
  Fetching Psalms chapter 5...
  Requesting URL: https://rest.api.bible/v1/bibles/d6e14a625393b4da-01/chapters/PSA.5
  Saved: psalms_5.xml
  Fetching Psalms chapter 6...
  Requesting URL: https://rest.api.bible/v1/bibles/d6e14a625393b4da-01/chapters/PSA.6
  Saved: psalms_6.xml
  Fetching Psalms chapter 7...
  Requesting URL: https://rest.api.bible/v1/bibles/d6e14a625393b4da-01/chapters/PSA.7
  Saved: psalms_7.xml
  Fetching Psalms chapter 8...
  Requesting URL: https://rest.api.bible/v1/bibles/d6e14a625393b4da-01/chapters/PSA.8
  Saved: psalms_8.xml
  Fetching Psalms chapter 9...
  Requesting URL: https://rest.api.bible/v1/bibles/d6e14a625393b4da-01/chapters/PSA.9
  Saved: psalms_9.xml
  Fetching Psalms chapter 10...
  Requesting URL: https://rest.api.bible/v1/bibles/d6e14a625393b4da-01/chapters/PSA.10
  Saved: psalms_10.xml
  Fetching Psalms chapter 11...
  Requesting URL: https://rest.api.bible/v1/bibles/d6e14a625393b4da-01/chapters/PSA.11
  Saved: psalms_11.xml
  Fetching Psalms chapter 12...
  Requesting URL: https://rest.api.bible/v1/bibles/d6e14a625393b4da-01/chapters/PSA.12
  Saved: psalms_12.xml
  Fetching Psalms chapter 13...
  Requesting URL: https://rest.api.bible/v1/bibles/d6e14a625393b4da-01/chapters/PSA.13
  Saved: psalms_13.xml
  Fetching Psalms chapter 14...
  Requesting URL: https://rest.api.bible/v1/bibles/d6e14a625393b4da-01/chapters/PSA.14
  Saved: psalms_14.xml
  Fetching Psalms chapter 15...
  Requesting URL: https://rest.api.bible/v1/bibles/d6e14a625393b4da-01/chapters/PSA.15
  Saved: psalms_15.xml
  Fetching Psalms chapter 16...
  Requesting URL: https://rest.api.bible/v1/bibles/d6e14a625393b4da-01/chapters/PSA.16
  Saved: psalms_16.xml
  Fetching Psalms chapter 17...
  Requesting URL: https://rest.api.bible/v1/bibles/d6e14a625393b4da-01/chapters/PSA.17
  Saved: psalms_17.xml
  Fetching Psalms chapter 18...
  Requesting URL: https://rest.api.bible/v1/bibles/d6e14a625393b4da-01/chapters/PSA.18
  Saved: psalms_18.xml
  Fetching Psalms chapter 19...
  Requesting URL: https://rest.api.bible/v1/bibles/d6e14a625393b4da-01/chapters/PSA.19
  Saved: psalms_19.xml
  Fetching Psalms chapter 20...
  Requesting URL: https://rest.api.bible/v1/bibles/d6e14a625393b4da-01/chapters/PSA.20
  Saved: psalms_20.xml
  Fetching Psalms chapter 21...
  Requesting URL: https://rest.api.bible/v1/bibles/d6e14a625393b4da-01/chapters/PSA.21
  Saved: psalms_21.xml
  Fetching Psalms chapter 22...
  Requesting URL: https://rest.api.bible/v1/bibles/d6e14a625393b4da-01/chapters/PSA.22
  Saved: psalms_22.xml
  Fetching Psalms chapter 23...
  Requesting URL: https://rest.api.bible/v1/bibles/d6e14a625393b4da-01/chapters/PSA.23
  Saved: psalms_23.xml
  Fetching Psalms chapter 24...
  Requesting URL: https://rest.api.bible/v1/bibles/d6e14a625393b4da-01/chapters/PSA.24
  Saved: psalms_24.xml
  Fetching Psalms chapter 25...
  Requesting URL: https://rest.api.bible/v1/bibles/d6e14a625393b4da-01/chapters/PSA.25
  Saved: psalms_25.xml
  Fetching Psalms chapter 26...
  Requesting URL: https://rest.api.bible/v1/bibles/d6e14a625393b4da-01/chapters/PSA.26
  Saved: psalms_26.xml
  Fetching Psalms chapter 27...
  Requesting URL: https://rest.api.bible/v1/bibles/d6e14a625393b4da-01/chapters/PSA.27
  Saved: psalms_27.xml
  Fetching Psalms chapter 28...
  Requesting URL: https://rest.api.bible/v1/bibles/d6e14a625393b4da-01/chapters/PSA.28
  Saved: psalms_28.xml
  Fetching Psalms chapter 29...
  Requesting URL: https://rest.api.bible/v1/bibles/d6e14a625393b4da-01/chapters/PSA.29
  Saved: psalms_29.xml
  Fetching Psalms chapter 30...
  Requesting URL: https://rest.api.bible/v1/bibles/d6e14a625393b4da-01/chapters/PSA.30
  Saved: psalms_30.xml
  Fetching Psalms chapter 31...
  Requesting URL: https://rest.api.bible/v1/bibles/d6e14a625393b4da-01/chapters/PSA.31
  Saved: psalms_31.xml
  Fetching Psalms chapter 32...
  Requesting URL: https://rest.api.bible/v1/bibles/d6e14a625393b4da-01/chapters/PSA.32
  Saved: psalms_32.xml
  Fetching Psalms chapter 33...
  Requesting URL: https://rest.api.bible/v1/bibles/d6e14a625393b4da-01/chapters/PSA.33
  Saved: psalms_33.xml
  Fetching Psalms chapter 34...
  Requesting URL: https://rest.api.bible/v1/bibles/d6e14a625393b4da-01/chapters/PSA.34
  Saved: psalms_34.xml
  Fetching Psalms chapter 35...
  Requesting URL: https://rest.api.bible/v1/bibles/d6e14a625393b4da-01/chapters/PSA.35
  Saved: psalms_35.xml
  Fetching Psalms chapter 36...
  Requesting URL: https://rest.api.bible/v1/bibles/d6e14a625393b4da-01/chapters/PSA.36
  Saved: psalms_36.xml
  Fetching Psalms chapter 37...
  Requesting URL: https://rest.api.bible/v1/bibles/d6e14a625393b4da-01/chapters/PSA.37
  Saved: psalms_37.xml
  Fetching Psalms chapter 38...
  Requesting URL: https://rest.api.bible/v1/bibles/d6e14a625393b4da-01/chapters/PSA.38
  Saved: psalms_38.xml
  Fetching Psalms chapter 39...
  Requesting URL: https://rest.api.bible/v1/bibles/d6e14a625393b4da-01/chapters/PSA.39
  Saved: psalms_39.xml
  Fetching Psalms chapter 40...
  Requesting URL: https://rest.api.bible/v1/bibles/d6e14a625393b4da-01/chapters/PSA.40
  Saved: psalms_40.xml
  Fetching Psalms chapter 41...
  Requesting URL: https://rest.api.bible/v1/bibles/d6e14a625393b4da-01/chapters/PSA.41
  Saved: psalms_41.xml
  Fetching Psalms chapter 42...
  Requesting URL: https://rest.api.bible/v1/bibles/d6e14a625393b4da-01/chapters/PSA.42
  Saved: psalms_42.xml
  Fetching Psalms chapter 43...
  Requesting URL: https://rest.api.bible/v1/bibles/d6e14a625393b4da-01/chapters/PSA.43
  Saved: psalms_43.xml
  Fetching Psalms chapter 44...
  Requesting URL: https://rest.api.bible/v1/bibles/d6e14a625393b4da-01/chapters/PSA.44
  Saved: psalms_44.xml
  Fetching Psalms chapter 45...
  Requesting URL: https://rest.api.bible/v1/bibles/d6e14a625393b4da-01/chapters/PSA.45
  Saved: psalms_45.xml
  Fetching Psalms chapter 46...
  Requesting URL: https://rest.api.bible/v1/bibles/d6e14a625393b4da-01/chapters/PSA.46
  Saved: psalms_46.xml
  Fetching Psalms chapter 47...
  Requesting URL: https://rest.api.bible/v1/bibles/d6e14a625393b4da-01/chapters/PSA.47
  Saved: psalms_47.xml
  Fetching Psalms chapter 48...
  Requesting URL: https://rest.api.bible/v1/bibles/d6e14a625393b4da-01/chapters/PSA.48
  Saved: psalms_48.xml
  Fetching Psalms chapter 49...
  Requesting URL: https://rest.api.bible/v1/bibles/d6e14a625393b4da-01/chapters/PSA.49
  Saved: psalms_49.xml
  Fetching Psalms chapter 50...
  Requesting URL: https://rest.api.bible/v1/bibles/d6e14a625393b4da-01/chapters/PSA.50
  Saved: psalms_50.xml
  Fetching Psalms chapter 51...
  Requesting URL: https://rest.api.bible/v1/bibles/d6e14a625393b4da-01/chapters/PSA.51
  Saved: psalms_51.xml
  Fetching Psalms chapter 52...
  Requesting URL: https://rest.api.bible/v1/bibles/d6e14a625393b4da-01/chapters/PSA.52
  Saved: psalms_52.xml
  Fetching Psalms chapter 53...
  Requesting URL: https://rest.api.bible/v1/bibles/d6e14a625393b4da-01/chapters/PSA.53
  Saved: psalms_53.xml
  Fetching Psalms chapter 54...
  Requesting URL: https://rest.api.bible/v1/bibles/d6e14a625393b4da-01/chapters/PSA.54
  Saved: psalms_54.xml
  Fetching Psalms chapter 55...
  Requesting URL: https://rest.api.bible/v1/bibles/d6e14a625393b4da-01/chapters/PSA.55
  Saved: psalms_55.xml
  Fetching Psalms chapter 56...
  Requesting URL: https://rest.api.bible/v1/bibles/d6e14a625393b4da-01/chapters/PSA.56
  Saved: psalms_56.xml
  Fetching Psalms chapter 57...
  Requesting URL: https://rest.api.bible/v1/bibles/d6e14a625393b4da-01/chapters/PSA.57
  Saved: psalms_57.xml
  Fetching Psalms chapter 58...
  Requesting URL: https://rest.api.bible/v1/bibles/d6e14a625393b4da-01/chapters/PSA.58
  Saved: psalms_58.xml
  Fetching Psalms chapter 59...
  Requesting URL: https://rest.api.bible/v1/bibles/d6e14a625393b4da-01/chapters/PSA.59
  Saved: psalms_59.xml
  Fetching Psalms chapter 60...
  Requesting URL: https://rest.api.bible/v1/bibles/d6e14a625393b4da-01/chapters/PSA.60
  Saved: psalms_60.xml
  Fetching Psalms chapter 61...
  Requesting URL: https://rest.api.bible/v1/bibles/d6e14a625393b4da-01/chapters/PSA.61
  Saved: psalms_61.xml
  Fetching Psalms chapter 62...
  Requesting URL: https://rest.api.bible/v1/bibles/d6e14a625393b4da-01/chapters/PSA.62
  Saved: psalms_62.xml
  Fetching Psalms chapter 63...
  Requesting URL: https://rest.api.bible/v1/bibles/d6e14a625393b4da-01/chapters/PSA.63
  Saved: psalms_63.xml
  Fetching Psalms chapter 64...
  Requesting URL: https://rest.api.bible/v1/bibles/d6e14a625393b4da-01/chapters/PSA.64
  Saved: psalms_64.xml
  Fetching Psalms chapter 65...
  Requesting URL: https://rest.api.bible/v1/bibles/d6e14a625393b4da-01/chapters/PSA.65
  Saved: psalms_65.xml
  Fetching Psalms chapter 66...
  Requesting URL: https://rest.api.bible/v1/bibles/d6e14a625393b4da-01/chapters/PSA.66
  Saved: psalms_66.xml
  Fetching Psalms chapter 67...
  Requesting URL: https://rest.api.bible/v1/bibles/d6e14a625393b4da-01/chapters/PSA.67
  Saved: psalms_67.xml
  Fetching Psalms chapter 68...
  Requesting URL: https://rest.api.bible/v1/bibles/d6e14a625393b4da-01/chapters/PSA.68
  Saved: psalms_68.xml
  Fetching Psalms chapter 69...
  Requesting URL: https://rest.api.bible/v1/bibles/d6e14a625393b4da-01/chapters/PSA.69
  Saved: psalms_69.xml
  Fetching Psalms chapter 70...
  Requesting URL: https://rest.api.bible/v1/bibles/d6e14a625393b4da-01/chapters/PSA.70
  Saved: psalms_70.xml
  Fetching Psalms chapter 71...
  Requesting URL: https://rest.api.bible/v1/bibles/d6e14a625393b4da-01/chapters/PSA.71
  Saved: psalms_71.xml
  Fetching Psalms chapter 72...
  Requesting URL: https://rest.api.bible/v1/bibles/d6e14a625393b4da-01/chapters/PSA.72
  Saved: psalms_72.xml
  Fetching Psalms chapter 73...
  Requesting URL: https://rest.api.bible/v1/bibles/d6e14a625393b4da-01/chapters/PSA.73
  Saved: psalms_73.xml
  Fetching Psalms chapter 74...
  Requesting URL: https://rest.api.bible/v1/bibles/d6e14a625393b4da-01/chapters/PSA.74
  Saved: psalms_74.xml
  Fetching Psalms chapter 75...
  Requesting URL: https://rest.api.bible/v1/bibles/d6e14a625393b4da-01/chapters/PSA.75
  Saved: psalms_75.xml
  Fetching Psalms chapter 76...
  Requesting URL: https://rest.api.bible/v1/bibles/d6e14a625393b4da-01/chapters/PSA.76
  Saved: psalms_76.xml
  Fetching Psalms chapter 77...
  Requesting URL: https://rest.api.bible/v1/bibles/d6e14a625393b4da-01/chapters/PSA.77
  Saved: psalms_77.xml
  Fetching Psalms chapter 78...
  Requesting URL: https://rest.api.bible/v1/bibles/d6e14a625393b4da-01/chapters/PSA.78
  Saved: psalms_78.xml
  Fetching Psalms chapter 79...
  Requesting URL: https://rest.api.bible/v1/bibles/d6e14a625393b4da-01/chapters/PSA.79
  Saved: psalms_79.xml
  Fetching Psalms chapter 80...
  Requesting URL: https://rest.api.bible/v1/bibles/d6e14a625393b4da-01/chapters/PSA.80
  Saved: psalms_80.xml
  Fetching Psalms chapter 81...
  Requesting URL: https://rest.api.bible/v1/bibles/d6e14a625393b4da-01/chapters/PSA.81
  Saved: psalms_81.xml
  Fetching Psalms chapter 82...
  Requesting URL: https://rest.api.bible/v1/bibles/d6e14a625393b4da-01/chapters/PSA.82
  Saved: psalms_82.xml
  Fetching Psalms chapter 83...
  Requesting URL: https://rest.api.bible/v1/bibles/d6e14a625393b4da-01/chapters/PSA.83
  Saved: psalms_83.xml
  Fetching Psalms chapter 84...
  Requesting URL: https://rest.api.bible/v1/bibles/d6e14a625393b4da-01/chapters/PSA.84
  Saved: psalms_84.xml
  Fetching Psalms chapter 85...
  Requesting URL: https://rest.api.bible/v1/bibles/d6e14a625393b4da-01/chapters/PSA.85
  Saved: psalms_85.xml
  Fetching Psalms chapter 86...
  Requesting URL: https://rest.api.bible/v1/bibles/d6e14a625393b4da-01/chapters/PSA.86
  Saved: psalms_86.xml
  Fetching Psalms chapter 87...
  Requesting URL: https://rest.api.bible/v1/bibles/d6e14a625393b4da-01/chapters/PSA.87
  Saved: psalms_87.xml
  Fetching Psalms chapter 88...
  Requesting URL: https://rest.api.bible/v1/bibles/d6e14a625393b4da-01/chapters/PSA.88
  Saved: psalms_88.xml
  Fetching Psalms chapter 89...
  Requesting URL: https://rest.api.bible/v1/bibles/d6e14a625393b4da-01/chapters/PSA.89
  Saved: psalms_89.xml
  Fetching Psalms chapter 90...
  Requesting URL: https://rest.api.bible/v1/bibles/d6e14a625393b4da-01/chapters/PSA.90
  Saved: psalms_90.xml
  Fetching Psalms chapter 91...
  Requesting URL: https://rest.api.bible/v1/bibles/d6e14a625393b4da-01/chapters/PSA.91
  Saved: psalms_91.xml
  Fetching Psalms chapter 92...
  Requesting URL: https://rest.api.bible/v1/bibles/d6e14a625393b4da-01/chapters/PSA.92
  Saved: psalms_92.xml
  Fetching Psalms chapter 93...
  Requesting URL: https://rest.api.bible/v1/bibles/d6e14a625393b4da-01/chapters/PSA.93
  Saved: psalms_93.xml
  Fetching Psalms chapter 94...
  Requesting URL: https://rest.api.bible/v1/bibles/d6e14a625393b4da-01/chapters/PSA.94
  Saved: psalms_94.xml
  Fetching Psalms chapter 95...
  Requesting URL: https://rest.api.bible/v1/bibles/d6e14a625393b4da-01/chapters/PSA.95
  Saved: psalms_95.xml
  Fetching Psalms chapter 96...
  Requesting URL: https://rest.api.bible/v1/bibles/d6e14a625393b4da-01/chapters/PSA.96
  Saved: psalms_96.xml
  Fetching Psalms chapter 97...
  Requesting URL: https://rest.api.bible/v1/bibles/d6e14a625393b4da-01/chapters/PSA.97
  Saved: psalms_97.xml
  Fetching Psalms chapter 98...
  Requesting URL: https://rest.api.bible/v1/bibles/d6e14a625393b4da-01/chapters/PSA.98
  Saved: psalms_98.xml
  Fetching Psalms chapter 99...
  Requesting URL: https://rest.api.bible/v1/bibles/d6e14a625393b4da-01/chapters/PSA.99
  Saved: psalms_99.xml
  Fetching Psalms chapter 100...
  Requesting URL: https://rest.api.bible/v1/bibles/d6e14a625393b4da-01/chapters/PSA.100
  Saved: psalms_100.xml
  Fetching Psalms chapter 101...
  Requesting URL: https://rest.api.bible/v1/bibles/d6e14a625393b4da-01/chapters/PSA.101
  Saved: psalms_101.xml
  Fetching Psalms chapter 102...
  Requesting URL: https://rest.api.bible/v1/bibles/d6e14a625393b4da-01/chapters/PSA.102
  Saved: psalms_102.xml
  Fetching Psalms chapter 103...
  Requesting URL: https://rest.api.bible/v1/bibles/d6e14a625393b4da-01/chapters/PSA.103
  Saved: psalms_103.xml
  Fetching Psalms chapter 104...
  Requesting URL: https://rest.api.bible/v1/bibles/d6e14a625393b4da-01/chapters/PSA.104
  Saved: psalms_104.xml
  Fetching Psalms chapter 105...
  Requesting URL: https://rest.api.bible/v1/bibles/d6e14a625393b4da-01/chapters/PSA.105
  Saved: psalms_105.xml
  Fetching Psalms chapter 106...
  Requesting URL: https://rest.api.bible/v1/bibles/d6e14a625393b4da-01/chapters/PSA.106
  Saved: psalms_106.xml
  Fetching Psalms chapter 107...
  Requesting URL: https://rest.api.bible/v1/bibles/d6e14a625393b4da-01/chapters/PSA.107
  Saved: psalms_107.xml
  Fetching Psalms chapter 108...
  Requesting URL: https://rest.api.bible/v1/bibles/d6e14a625393b4da-01/chapters/PSA.108
  Saved: psalms_108.xml
  Fetching Psalms chapter 109...
  Requesting URL: https://rest.api.bible/v1/bibles/d6e14a625393b4da-01/chapters/PSA.109
  Saved: psalms_109.xml
  Fetching Psalms chapter 110...
  Requesting URL: https://rest.api.bible/v1/bibles/d6e14a625393b4da-01/chapters/PSA.110
  Saved: psalms_110.xml
  Fetching Psalms chapter 111...
  Requesting URL: https://rest.api.bible/v1/bibles/d6e14a625393b4da-01/chapters/PSA.111
  Saved: psalms_111.xml
  Fetching Psalms chapter 112...
  Requesting URL: https://rest.api.bible/v1/bibles/d6e14a625393b4da-01/chapters/PSA.112
  Saved: psalms_112.xml
  Fetching Psalms chapter 113...
  Requesting URL: https://rest.api.bible/v1/bibles/d6e14a625393b4da-01/chapters/PSA.113
  Saved: psalms_113.xml
  Fetching Psalms chapter 114...
  Requesting URL: https://rest.api.bible/v1/bibles/d6e14a625393b4da-01/chapters/PSA.114
  Saved: psalms_114.xml
  Fetching Psalms chapter 115...
  Requesting URL: https://rest.api.bible/v1/bibles/d6e14a625393b4da-01/chapters/PSA.115
  Saved: psalms_115.xml
  Fetching Psalms chapter 116...
  Requesting URL: https://rest.api.bible/v1/bibles/d6e14a625393b4da-01/chapters/PSA.116
  Saved: psalms_116.xml
  Fetching Psalms chapter 117...
  Requesting URL: https://rest.api.bible/v1/bibles/d6e14a625393b4da-01/chapters/PSA.117
  Saved: psalms_117.xml
  Fetching Psalms chapter 118...
  Requesting URL: https://rest.api.bible/v1/bibles/d6e14a625393b4da-01/chapters/PSA.118
  Saved: psalms_118.xml
  Fetching Psalms chapter 119...
  Requesting URL: https://rest.api.bible/v1/bibles/d6e14a625393b4da-01/chapters/PSA.119
  Saved: psalms_119.xml
  Fetching Psalms chapter 120...
  Requesting URL: https://rest.api.bible/v1/bibles/d6e14a625393b4da-01/chapters/PSA.120
  Saved: psalms_120.xml
  Fetching Psalms chapter 121...
  Requesting URL: https://rest.api.bible/v1/bibles/d6e14a625393b4da-01/chapters/PSA.121
  Saved: psalms_121.xml
  Fetching Psalms chapter 122...
  Requesting URL: https://rest.api.bible/v1/bibles/d6e14a625393b4da-01/chapters/PSA.122
  Saved: psalms_122.xml
  Fetching Psalms chapter 123...
  Requesting URL: https://rest.api.bible/v1/bibles/d6e14a625393b4da-01/chapters/PSA.123
  Saved: psalms_123.xml
  Fetching Psalms chapter 124...
  Requesting URL: https://rest.api.bible/v1/bibles/d6e14a625393b4da-01/chapters/PSA.124
  Saved: psalms_124.xml
  Fetching Psalms chapter 125...
  Requesting URL: https://rest.api.bible/v1/bibles/d6e14a625393b4da-01/chapters/PSA.125
  Saved: psalms_125.xml
  Fetching Psalms chapter 126...
  Requesting URL: https://rest.api.bible/v1/bibles/d6e14a625393b4da-01/chapters/PSA.126
  Saved: psalms_126.xml
  Fetching Psalms chapter 127...
  Requesting URL: https://rest.api.bible/v1/bibles/d6e14a625393b4da-01/chapters/PSA.127
  Saved: psalms_127.xml
  Fetching Psalms chapter 128...
  Requesting URL: https://rest.api.bible/v1/bibles/d6e14a625393b4da-01/chapters/PSA.128
  Saved: psalms_128.xml
  Fetching Psalms chapter 129...
  Requesting URL: https://rest.api.bible/v1/bibles/d6e14a625393b4da-01/chapters/PSA.129
  Saved: psalms_129.xml
  Fetching Psalms chapter 130...
  Requesting URL: https://rest.api.bible/v1/bibles/d6e14a625393b4da-01/chapters/PSA.130
  Saved: psalms_130.xml
  Fetching Psalms chapter 131...
  Requesting URL: https://rest.api.bible/v1/bibles/d6e14a625393b4da-01/chapters/PSA.131
  Saved: psalms_131.xml
  Fetching Psalms chapter 132...
  Requesting URL: https://rest.api.bible/v1/bibles/d6e14a625393b4da-01/chapters/PSA.132
  Saved: psalms_132.xml
  Fetching Psalms chapter 133...
  Requesting URL: https://rest.api.bible/v1/bibles/d6e14a625393b4da-01/chapters/PSA.133
  Saved: psalms_133.xml
  Fetching Psalms chapter 134...
  Requesting URL: https://rest.api.bible/v1/bibles/d6e14a625393b4da-01/chapters/PSA.134
  Saved: psalms_134.xml
  Fetching Psalms chapter 135...
  Requesting URL: https://rest.api.bible/v1/bibles/d6e14a625393b4da-01/chapters/PSA.135
  Saved: psalms_135.xml
  Fetching Psalms chapter 136...
  Requesting URL: https://rest.api.bible/v1/bibles/d6e14a625393b4da-01/chapters/PSA.136
  Saved: psalms_136.xml
  Fetching Psalms chapter 137...
  Requesting URL: https://rest.api.bible/v1/bibles/d6e14a625393b4da-01/chapters/PSA.137
  Saved: psalms_137.xml
  Fetching Psalms chapter 138...
  Requesting URL: https://rest.api.bible/v1/bibles/d6e14a625393b4da-01/chapters/PSA.138
  Saved: psalms_138.xml
  Fetching Psalms chapter 139...
  Requesting URL: https://rest.api.bible/v1/bibles/d6e14a625393b4da-01/chapters/PSA.139
  Saved: psalms_139.xml
  Fetching Psalms chapter 140...
  Requesting URL: https://rest.api.bible/v1/bibles/d6e14a625393b4da-01/chapters/PSA.140
  Saved: psalms_140.xml
  Fetching Psalms chapter 141...
  Requesting URL: https://rest.api.bible/v1/bibles/d6e14a625393b4da-01/chapters/PSA.141
  Saved: psalms_141.xml
  Fetching Psalms chapter 142...
  Requesting URL: https://rest.api.bible/v1/bibles/d6e14a625393b4da-01/chapters/PSA.142
  Saved: psalms_142.xml
  Fetching Psalms chapter 143...
  Requesting URL: https://rest.api.bible/v1/bibles/d6e14a625393b4da-01/chapters/PSA.143
  Saved: psalms_143.xml
  Fetching Psalms chapter 144...
  Requesting URL: https://rest.api.bible/v1/bibles/d6e14a625393b4da-01/chapters/PSA.144
  Saved: psalms_144.xml
  Fetching Psalms chapter 145...
  Requesting URL: https://rest.api.bible/v1/bibles/d6e14a625393b4da-01/chapters/PSA.145
  Saved: psalms_145.xml
  Fetching Psalms chapter 146...
  Requesting URL: https://rest.api.bible/v1/bibles/d6e14a625393b4da-01/chapters/PSA.146
  Saved: psalms_146.xml
  Fetching Psalms chapter 147...
  Requesting URL: https://rest.api.bible/v1/bibles/d6e14a625393b4da-01/chapters/PSA.147
  Saved: psalms_147.xml
  Fetching Psalms chapter 148...
  Requesting URL: https://rest.api.bible/v1/bibles/d6e14a625393b4da-01/chapters/PSA.148
  Saved: psalms_148.xml
  Fetching Psalms chapter 149...
  Requesting URL: https://rest.api.bible/v1/bibles/d6e14a625393b4da-01/chapters/PSA.149
  Saved: psalms_149.xml
  Fetching Psalms chapter 150...
  Requesting URL: https://rest.api.bible/v1/bibles/d6e14a625393b4da-01/chapters/PSA.150
  Saved: psalms_150.xml

Processing Proverbs for NLT...
  Fetching Proverbs chapter 1...
  Requesting URL: https://rest.api.bible/v1/bibles/d6e14a625393b4da-01/chapters/PRO.1
  Saved: proverbs_1.xml
  Fetching Proverbs chapter 2...
  Requesting URL: https://rest.api.bible/v1/bibles/d6e14a625393b4da-01/chapters/PRO.2
  Saved: proverbs_2.xml
  Fetching Proverbs chapter 3...
  Requesting URL: https://rest.api.bible/v1/bibles/d6e14a625393b4da-01/chapters/PRO.3
  Saved: proverbs_3.xml
  Fetching Proverbs chapter 4...
  Requesting URL: https://rest.api.bible/v1/bibles/d6e14a625393b4da-01/chapters/PRO.4
  Saved: proverbs_4.xml
  Fetching Proverbs chapter 5...
  Requesting URL: https://rest.api.bible/v1/bibles/d6e14a625393b4da-01/chapters/PRO.5
  Saved: proverbs_5.xml
  Fetching Proverbs chapter 6...
  Requesting URL: https://rest.api.bible/v1/bibles/d6e14a625393b4da-01/chapters/PRO.6
  Saved: proverbs_6.xml
  Fetching Proverbs chapter 7...
  Requesting URL: https://rest.api.bible/v1/bibles/d6e14a625393b4da-01/chapters/PRO.7
  Saved: proverbs_7.xml
  Fetching Proverbs chapter 8...
  Requesting URL: https://rest.api.bible/v1/bibles/d6e14a625393b4da-01/chapters/PRO.8
  Saved: proverbs_8.xml
  Fetching Proverbs chapter 9...
  Requesting URL: https://rest.api.bible/v1/bibles/d6e14a625393b4da-01/chapters/PRO.9
  Saved: proverbs_9.xml
  Fetching Proverbs chapter 10...
  Requesting URL: https://rest.api.bible/v1/bibles/d6e14a625393b4da-01/chapters/PRO.10
  Saved: proverbs_10.xml
  Fetching Proverbs chapter 11...
  Requesting URL: https://rest.api.bible/v1/bibles/d6e14a625393b4da-01/chapters/PRO.11
  Saved: proverbs_11.xml
  Fetching Proverbs chapter 12...
  Requesting URL: https://rest.api.bible/v1/bibles/d6e14a625393b4da-01/chapters/PRO.12
  Saved: proverbs_12.xml
  Fetching Proverbs chapter 13...
  Requesting URL: https://rest.api.bible/v1/bibles/d6e14a625393b4da-01/chapters/PRO.13
  Saved: proverbs_13.xml
  Fetching Proverbs chapter 14...
  Requesting URL: https://rest.api.bible/v1/bibles/d6e14a625393b4da-01/chapters/PRO.14
  Saved: proverbs_14.xml
  Fetching Proverbs chapter 15...
  Requesting URL: https://rest.api.bible/v1/bibles/d6e14a625393b4da-01/chapters/PRO.15
  Saved: proverbs_15.xml
  Fetching Proverbs chapter 16...
  Requesting URL: https://rest.api.bible/v1/bibles/d6e14a625393b4da-01/chapters/PRO.16
  Saved: proverbs_16.xml
  Fetching Proverbs chapter 17...
  Requesting URL: https://rest.api.bible/v1/bibles/d6e14a625393b4da-01/chapters/PRO.17
  Saved: proverbs_17.xml
  Fetching Proverbs chapter 18...
  Requesting URL: https://rest.api.bible/v1/bibles/d6e14a625393b4da-01/chapters/PRO.18
  Saved: proverbs_18.xml
  Fetching Proverbs chapter 19...
  Requesting URL: https://rest.api.bible/v1/bibles/d6e14a625393b4da-01/chapters/PRO.19
  Saved: proverbs_19.xml
  Fetching Proverbs chapter 20...
  Requesting URL: https://rest.api.bible/v1/bibles/d6e14a625393b4da-01/chapters/PRO.20
  Saved: proverbs_20.xml
  Fetching Proverbs chapter 21...
  Requesting URL: https://rest.api.bible/v1/bibles/d6e14a625393b4da-01/chapters/PRO.21
  Saved: proverbs_21.xml
  Fetching Proverbs chapter 22...
  Requesting URL: https://rest.api.bible/v1/bibles/d6e14a625393b4da-01/chapters/PRO.22
  Saved: proverbs_22.xml
  Fetching Proverbs chapter 23...
  Requesting URL: https://rest.api.bible/v1/bibles/d6e14a625393b4da-01/chapters/PRO.23
  Saved: proverbs_23.xml
  Fetching Proverbs chapter 24...
  Requesting URL: https://rest.api.bible/v1/bibles/d6e14a625393b4da-01/chapters/PRO.24
  Saved: proverbs_24.xml
  Fetching Proverbs chapter 25...
  Requesting URL: https://rest.api.bible/v1/bibles/d6e14a625393b4da-01/chapters/PRO.25
  Saved: proverbs_25.xml
  Fetching Proverbs chapter 26...
  Requesting URL: https://rest.api.bible/v1/bibles/d6e14a625393b4da-01/chapters/PRO.26
  Saved: proverbs_26.xml
  Fetching Proverbs chapter 27...
  Requesting URL: https://rest.api.bible/v1/bibles/d6e14a625393b4da-01/chapters/PRO.27
  Saved: proverbs_27.xml
  Fetching Proverbs chapter 28...
  Requesting URL: https://rest.api.bible/v1/bibles/d6e14a625393b4da-01/chapters/PRO.28
  Saved: proverbs_28.xml
  Fetching Proverbs chapter 29...
  Requesting URL: https://rest.api.bible/v1/bibles/d6e14a625393b4da-01/chapters/PRO.29
  Saved: proverbs_29.xml
  Fetching Proverbs chapter 30...
  Requesting URL: https://rest.api.bible/v1/bibles/d6e14a625393b4da-01/chapters/PRO.30
  Saved: proverbs_30.xml
  Fetching Proverbs chapter 31...
  Requesting URL: https://rest.api.bible/v1/bibles/d6e14a625393b4da-01/chapters/PRO.31
  Saved: proverbs_31.xml

Processing Ecclesiastes for NLT...
  Fetching Ecclesiastes chapter 1...
  Requesting URL: https://rest.api.bible/v1/bibles/d6e14a625393b4da-01/chapters/ECC.1
  Saved: ecclesiastes_1.xml
  Fetching Ecclesiastes chapter 2...
  Requesting URL: https://rest.api.bible/v1/bibles/d6e14a625393b4da-01/chapters/ECC.2
  Saved: ecclesiastes_2.xml
  Fetching Ecclesiastes chapter 3...
  Requesting URL: https://rest.api.bible/v1/bibles/d6e14a625393b4da-01/chapters/ECC.3
  Saved: ecclesiastes_3.xml
  Fetching Ecclesiastes chapter 4...
  Requesting URL: https://rest.api.bible/v1/bibles/d6e14a625393b4da-01/chapters/ECC.4
  Saved: ecclesiastes_4.xml
  Fetching Ecclesiastes chapter 5...
  Requesting URL: https://rest.api.bible/v1/bibles/d6e14a625393b4da-01/chapters/ECC.5
  Saved: ecclesiastes_5.xml
  Fetching Ecclesiastes chapter 6...
  Requesting URL: https://rest.api.bible/v1/bibles/d6e14a625393b4da-01/chapters/ECC.6
  Saved: ecclesiastes_6.xml
  Fetching Ecclesiastes chapter 7...
  Requesting URL: https://rest.api.bible/v1/bibles/d6e14a625393b4da-01/chapters/ECC.7
  Saved: ecclesiastes_7.xml
  Fetching Ecclesiastes chapter 8...
  Requesting URL: https://rest.api.bible/v1/bibles/d6e14a625393b4da-01/chapters/ECC.8
  Saved: ecclesiastes_8.xml
  Fetching Ecclesiastes chapter 9...
  Requesting URL: https://rest.api.bible/v1/bibles/d6e14a625393b4da-01/chapters/ECC.9
  Saved: ecclesiastes_9.xml
  Fetching Ecclesiastes chapter 10...
  Requesting URL: https://rest.api.bible/v1/bibles/d6e14a625393b4da-01/chapters/ECC.10
  Saved: ecclesiastes_10.xml
  Fetching Ecclesiastes chapter 11...
  Requesting URL: https://rest.api.bible/v1/bibles/d6e14a625393b4da-01/chapters/ECC.11
  Saved: ecclesiastes_11.xml
  Fetching Ecclesiastes chapter 12...
  Requesting URL: https://rest.api.bible/v1/bibles/d6e14a625393b4da-01/chapters/ECC.12
  Saved: ecclesiastes_12.xml

Processing Song of Solomon for NLT...
  Fetching Song of Solomon chapter 1...
  Requesting URL: https://rest.api.bible/v1/bibles/d6e14a625393b4da-01/chapters/SNG.1
  Saved: song_of_solomon_1.xml
  Fetching Song of Solomon chapter 2...
  Requesting URL: https://rest.api.bible/v1/bibles/d6e14a625393b4da-01/chapters/SNG.2
  Saved: song_of_solomon_2.xml
  Fetching Song of Solomon chapter 3...
  Requesting URL: https://rest.api.bible/v1/bibles/d6e14a625393b4da-01/chapters/SNG.3
  Saved: song_of_solomon_3.xml
  Fetching Song of Solomon chapter 4...
  Requesting URL: https://rest.api.bible/v1/bibles/d6e14a625393b4da-01/chapters/SNG.4
  Saved: song_of_solomon_4.xml
  Fetching Song of Solomon chapter 5...
  Requesting URL: https://rest.api.bible/v1/bibles/d6e14a625393b4da-01/chapters/SNG.5
  Saved: song_of_solomon_5.xml
  Fetching Song of Solomon chapter 6...
  Requesting URL: https://rest.api.bible/v1/bibles/d6e14a625393b4da-01/chapters/SNG.6
  Saved: song_of_solomon_6.xml
  Fetching Song of Solomon chapter 7...
  Requesting URL: https://rest.api.bible/v1/bibles/d6e14a625393b4da-01/chapters/SNG.7
  Saved: song_of_solomon_7.xml
  Fetching Song of Solomon chapter 8...
  Requesting URL: https://rest.api.bible/v1/bibles/d6e14a625393b4da-01/chapters/SNG.8
  Saved: song_of_solomon_8.xml

Processing Isaiah for NLT...
  Fetching Isaiah chapter 1...
  Requesting URL: https://rest.api.bible/v1/bibles/d6e14a625393b4da-01/chapters/ISA.1
  Saved: isaiah_1.xml
  Fetching Isaiah chapter 2...
  Requesting URL: https://rest.api.bible/v1/bibles/d6e14a625393b4da-01/chapters/ISA.2
  Saved: isaiah_2.xml
  Fetching Isaiah chapter 3...
  Requesting URL: https://rest.api.bible/v1/bibles/d6e14a625393b4da-01/chapters/ISA.3
  Saved: isaiah_3.xml
  Fetching Isaiah chapter 4...
  Requesting URL: https://rest.api.bible/v1/bibles/d6e14a625393b4da-01/chapters/ISA.4
  Saved: isaiah_4.xml
  Fetching Isaiah chapter 5...
  Requesting URL: https://rest.api.bible/v1/bibles/d6e14a625393b4da-01/chapters/ISA.5
  Saved: isaiah_5.xml
  Fetching Isaiah chapter 6...
  Requesting URL: https://rest.api.bible/v1/bibles/d6e14a625393b4da-01/chapters/ISA.6
  Saved: isaiah_6.xml
  Fetching Isaiah chapter 7...
  Requesting URL: https://rest.api.bible/v1/bibles/d6e14a625393b4da-01/chapters/ISA.7
  Saved: isaiah_7.xml
  Fetching Isaiah chapter 8...
  Requesting URL: https://rest.api.bible/v1/bibles/d6e14a625393b4da-01/chapters/ISA.8
  Saved: isaiah_8.xml
  Fetching Isaiah chapter 9...
  Requesting URL: https://rest.api.bible/v1/bibles/d6e14a625393b4da-01/chapters/ISA.9
  Saved: isaiah_9.xml
  Fetching Isaiah chapter 10...
  Requesting URL: https://rest.api.bible/v1/bibles/d6e14a625393b4da-01/chapters/ISA.10
  Saved: isaiah_10.xml
  Fetching Isaiah chapter 11...
  Requesting URL: https://rest.api.bible/v1/bibles/d6e14a625393b4da-01/chapters/ISA.11
  Saved: isaiah_11.xml
  Fetching Isaiah chapter 12...
  Requesting URL: https://rest.api.bible/v1/bibles/d6e14a625393b4da-01/chapters/ISA.12
  Saved: isaiah_12.xml
  Fetching Isaiah chapter 13...
  Requesting URL: https://rest.api.bible/v1/bibles/d6e14a625393b4da-01/chapters/ISA.13
  Saved: isaiah_13.xml
  Fetching Isaiah chapter 14...
  Requesting URL: https://rest.api.bible/v1/bibles/d6e14a625393b4da-01/chapters/ISA.14
  Saved: isaiah_14.xml
  Fetching Isaiah chapter 15...
  Requesting URL: https://rest.api.bible/v1/bibles/d6e14a625393b4da-01/chapters/ISA.15
  Saved: isaiah_15.xml
  Fetching Isaiah chapter 16...
  Requesting URL: https://rest.api.bible/v1/bibles/d6e14a625393b4da-01/chapters/ISA.16
  Saved: isaiah_16.xml
  Fetching Isaiah chapter 17...
  Requesting URL: https://rest.api.bible/v1/bibles/d6e14a625393b4da-01/chapters/ISA.17
  Saved: isaiah_17.xml
  Fetching Isaiah chapter 18...
  Requesting URL: https://rest.api.bible/v1/bibles/d6e14a625393b4da-01/chapters/ISA.18
  Saved: isaiah_18.xml
  Fetching Isaiah chapter 19...
  Requesting URL: https://rest.api.bible/v1/bibles/d6e14a625393b4da-01/chapters/ISA.19
  Saved: isaiah_19.xml
  Fetching Isaiah chapter 20...
  Requesting URL: https://rest.api.bible/v1/bibles/d6e14a625393b4da-01/chapters/ISA.20
  Saved: isaiah_20.xml
  Fetching Isaiah chapter 21...
  Requesting URL: https://rest.api.bible/v1/bibles/d6e14a625393b4da-01/chapters/ISA.21
  Saved: isaiah_21.xml
  Fetching Isaiah chapter 22...
  Requesting URL: https://rest.api.bible/v1/bibles/d6e14a625393b4da-01/chapters/ISA.22
  Saved: isaiah_22.xml
  Fetching Isaiah chapter 23...
  Requesting URL: https://rest.api.bible/v1/bibles/d6e14a625393b4da-01/chapters/ISA.23
  Saved: isaiah_23.xml
  Fetching Isaiah chapter 24...
  Requesting URL: https://rest.api.bible/v1/bibles/d6e14a625393b4da-01/chapters/ISA.24
  Saved: isaiah_24.xml
  Fetching Isaiah chapter 25...
  Requesting URL: https://rest.api.bible/v1/bibles/d6e14a625393b4da-01/chapters/ISA.25
  Saved: isaiah_25.xml
  Fetching Isaiah chapter 26...
  Requesting URL: https://rest.api.bible/v1/bibles/d6e14a625393b4da-01/chapters/ISA.26
  Saved: isaiah_26.xml
  Fetching Isaiah chapter 27...
  Requesting URL: https://rest.api.bible/v1/bibles/d6e14a625393b4da-01/chapters/ISA.27
  Saved: isaiah_27.xml
  Fetching Isaiah chapter 28...
  Requesting URL: https://rest.api.bible/v1/bibles/d6e14a625393b4da-01/chapters/ISA.28
  Saved: isaiah_28.xml
  Fetching Isaiah chapter 29...
  Requesting URL: https://rest.api.bible/v1/bibles/d6e14a625393b4da-01/chapters/ISA.29
  Saved: isaiah_29.xml
  Fetching Isaiah chapter 30...
  Requesting URL: https://rest.api.bible/v1/bibles/d6e14a625393b4da-01/chapters/ISA.30
  Saved: isaiah_30.xml
  Fetching Isaiah chapter 31...
  Requesting URL: https://rest.api.bible/v1/bibles/d6e14a625393b4da-01/chapters/ISA.31
  Saved: isaiah_31.xml
  Fetching Isaiah chapter 32...
  Requesting URL: https://rest.api.bible/v1/bibles/d6e14a625393b4da-01/chapters/ISA.32
  Saved: isaiah_32.xml
  Fetching Isaiah chapter 33...
  Requesting URL: https://rest.api.bible/v1/bibles/d6e14a625393b4da-01/chapters/ISA.33
  Saved: isaiah_33.xml
  Fetching Isaiah chapter 34...
  Requesting URL: https://rest.api.bible/v1/bibles/d6e14a625393b4da-01/chapters/ISA.34
  Saved: isaiah_34.xml
  Fetching Isaiah chapter 35...
  Requesting URL: https://rest.api.bible/v1/bibles/d6e14a625393b4da-01/chapters/ISA.35
  Saved: isaiah_35.xml
  Fetching Isaiah chapter 36...
  Requesting URL: https://rest.api.bible/v1/bibles/d6e14a625393b4da-01/chapters/ISA.36
  Saved: isaiah_36.xml
  Fetching Isaiah chapter 37...
  Requesting URL: https://rest.api.bible/v1/bibles/d6e14a625393b4da-01/chapters/ISA.37
  Saved: isaiah_37.xml
  Fetching Isaiah chapter 38...
  Requesting URL: https://rest.api.bible/v1/bibles/d6e14a625393b4da-01/chapters/ISA.38
  Saved: isaiah_38.xml
  Fetching Isaiah chapter 39...
  Requesting URL: https://rest.api.bible/v1/bibles/d6e14a625393b4da-01/chapters/ISA.39
  Saved: isaiah_39.xml
  Fetching Isaiah chapter 40...
  Requesting URL: https://rest.api.bible/v1/bibles/d6e14a625393b4da-01/chapters/ISA.40
  Saved: isaiah_40.xml
  Fetching Isaiah chapter 41...
  Requesting URL: https://rest.api.bible/v1/bibles/d6e14a625393b4da-01/chapters/ISA.41
  Saved: isaiah_41.xml
  Fetching Isaiah chapter 42...
  Requesting URL: https://rest.api.bible/v1/bibles/d6e14a625393b4da-01/chapters/ISA.42
  Saved: isaiah_42.xml
  Fetching Isaiah chapter 43...
  Requesting URL: https://rest.api.bible/v1/bibles/d6e14a625393b4da-01/chapters/ISA.43
  Saved: isaiah_43.xml
  Fetching Isaiah chapter 44...
  Requesting URL: https://rest.api.bible/v1/bibles/d6e14a625393b4da-01/chapters/ISA.44
  Saved: isaiah_44.xml
  Fetching Isaiah chapter 45...
  Requesting URL: https://rest.api.bible/v1/bibles/d6e14a625393b4da-01/chapters/ISA.45
  Saved: isaiah_45.xml
  Fetching Isaiah chapter 46...
  Requesting URL: https://rest.api.bible/v1/bibles/d6e14a625393b4da-01/chapters/ISA.46
  Saved: isaiah_46.xml
  Fetching Isaiah chapter 47...
  Requesting URL: https://rest.api.bible/v1/bibles/d6e14a625393b4da-01/chapters/ISA.47
  Saved: isaiah_47.xml
  Fetching Isaiah chapter 48...
  Requesting URL: https://rest.api.bible/v1/bibles/d6e14a625393b4da-01/chapters/ISA.48
  Saved: isaiah_48.xml
  Fetching Isaiah chapter 49...
  Requesting URL: https://rest.api.bible/v1/bibles/d6e14a625393b4da-01/chapters/ISA.49
  Saved: isaiah_49.xml
  Fetching Isaiah chapter 50...
  Requesting URL: https://rest.api.bible/v1/bibles/d6e14a625393b4da-01/chapters/ISA.50
  Saved: isaiah_50.xml
  Fetching Isaiah chapter 51...
  Requesting URL: https://rest.api.bible/v1/bibles/d6e14a625393b4da-01/chapters/ISA.51
  Saved: isaiah_51.xml
  Fetching Isaiah chapter 52...
  Requesting URL: https://rest.api.bible/v1/bibles/d6e14a625393b4da-01/chapters/ISA.52
  Saved: isaiah_52.xml
  Fetching Isaiah chapter 53...
  Requesting URL: https://rest.api.bible/v1/bibles/d6e14a625393b4da-01/chapters/ISA.53
  Saved: isaiah_53.xml
  Fetching Isaiah chapter 54...
  Requesting URL: https://rest.api.bible/v1/bibles/d6e14a625393b4da-01/chapters/ISA.54
  Saved: isaiah_54.xml
  Fetching Isaiah chapter 55...
  Requesting URL: https://rest.api.bible/v1/bibles/d6e14a625393b4da-01/chapters/ISA.55
  Saved: isaiah_55.xml
  Fetching Isaiah chapter 56...
  Requesting URL: https://rest.api.bible/v1/bibles/d6e14a625393b4da-01/chapters/ISA.56
  Saved: isaiah_56.xml
  Fetching Isaiah chapter 57...
  Requesting URL: https://rest.api.bible/v1/bibles/d6e14a625393b4da-01/chapters/ISA.57
  Saved: isaiah_57.xml
  Fetching Isaiah chapter 58...
  Requesting URL: https://rest.api.bible/v1/bibles/d6e14a625393b4da-01/chapters/ISA.58
  Saved: isaiah_58.xml
  Fetching Isaiah chapter 59...
  Requesting URL: https://rest.api.bible/v1/bibles/d6e14a625393b4da-01/chapters/ISA.59
  Saved: isaiah_59.xml
  Fetching Isaiah chapter 60...
  Requesting URL: https://rest.api.bible/v1/bibles/d6e14a625393b4da-01/chapters/ISA.60
  Saved: isaiah_60.xml
  Fetching Isaiah chapter 61...
  Requesting URL: https://rest.api.bible/v1/bibles/d6e14a625393b4da-01/chapters/ISA.61
  Saved: isaiah_61.xml
  Fetching Isaiah chapter 62...
  Requesting URL: https://rest.api.bible/v1/bibles/d6e14a625393b4da-01/chapters/ISA.62
  Saved: isaiah_62.xml
  Fetching Isaiah chapter 63...
  Requesting URL: https://rest.api.bible/v1/bibles/d6e14a625393b4da-01/chapters/ISA.63
  Saved: isaiah_63.xml
  Fetching Isaiah chapter 64...
  Requesting URL: https://rest.api.bible/v1/bibles/d6e14a625393b4da-01/chapters/ISA.64
  Saved: isaiah_64.xml
  Fetching Isaiah chapter 65...
  Requesting URL: https://rest.api.bible/v1/bibles/d6e14a625393b4da-01/chapters/ISA.65
  Saved: isaiah_65.xml
  Fetching Isaiah chapter 66...
  Requesting URL: https://rest.api.bible/v1/bibles/d6e14a625393b4da-01/chapters/ISA.66
  Saved: isaiah_66.xml

Processing Jeremiah for NLT...
  Fetching Jeremiah chapter 1...
  Requesting URL: https://rest.api.bible/v1/bibles/d6e14a625393b4da-01/chapters/JER.1
  Saved: jeremiah_1.xml
  Fetching Jeremiah chapter 2...
  Requesting URL: https://rest.api.bible/v1/bibles/d6e14a625393b4da-01/chapters/JER.2
  Saved: jeremiah_2.xml
  Fetching Jeremiah chapter 3...
  Requesting URL: https://rest.api.bible/v1/bibles/d6e14a625393b4da-01/chapters/JER.3
  Saved: jeremiah_3.xml
  Fetching Jeremiah chapter 4...
  Requesting URL: https://rest.api.bible/v1/bibles/d6e14a625393b4da-01/chapters/JER.4
  Saved: jeremiah_4.xml
  Fetching Jeremiah chapter 5...
  Requesting URL: https://rest.api.bible/v1/bibles/d6e14a625393b4da-01/chapters/JER.5
  Saved: jeremiah_5.xml
  Fetching Jeremiah chapter 6...
  Requesting URL: https://rest.api.bible/v1/bibles/d6e14a625393b4da-01/chapters/JER.6
  Saved: jeremiah_6.xml
  Fetching Jeremiah chapter 7...
  Requesting URL: https://rest.api.bible/v1/bibles/d6e14a625393b4da-01/chapters/JER.7
  Saved: jeremiah_7.xml
  Fetching Jeremiah chapter 8...
  Requesting URL: https://rest.api.bible/v1/bibles/d6e14a625393b4da-01/chapters/JER.8
  Saved: jeremiah_8.xml
  Fetching Jeremiah chapter 9...
  Requesting URL: https://rest.api.bible/v1/bibles/d6e14a625393b4da-01/chapters/JER.9
  Saved: jeremiah_9.xml
  Fetching Jeremiah chapter 10...
  Requesting URL: https://rest.api.bible/v1/bibles/d6e14a625393b4da-01/chapters/JER.10
  Saved: jeremiah_10.xml
  Fetching Jeremiah chapter 11...
  Requesting URL: https://rest.api.bible/v1/bibles/d6e14a625393b4da-01/chapters/JER.11
  Saved: jeremiah_11.xml
  Fetching Jeremiah chapter 12...
  Requesting URL: https://rest.api.bible/v1/bibles/d6e14a625393b4da-01/chapters/JER.12
  Saved: jeremiah_12.xml
  Fetching Jeremiah chapter 13...
  Requesting URL: https://rest.api.bible/v1/bibles/d6e14a625393b4da-01/chapters/JER.13
  Saved: jeremiah_13.xml
  Fetching Jeremiah chapter 14...
  Requesting URL: https://rest.api.bible/v1/bibles/d6e14a625393b4da-01/chapters/JER.14
  Saved: jeremiah_14.xml
  Fetching Jeremiah chapter 15...
  Requesting URL: https://rest.api.bible/v1/bibles/d6e14a625393b4da-01/chapters/JER.15
  Saved: jeremiah_15.xml
  Fetching Jeremiah chapter 16...
  Requesting URL: https://rest.api.bible/v1/bibles/d6e14a625393b4da-01/chapters/JER.16
  Saved: jeremiah_16.xml
  Fetching Jeremiah chapter 17...
  Requesting URL: https://rest.api.bible/v1/bibles/d6e14a625393b4da-01/chapters/JER.17
  Saved: jeremiah_17.xml
  Fetching Jeremiah chapter 18...
  Requesting URL: https://rest.api.bible/v1/bibles/d6e14a625393b4da-01/chapters/JER.18
  Saved: jeremiah_18.xml
  Fetching Jeremiah chapter 19...
  Requesting URL: https://rest.api.bible/v1/bibles/d6e14a625393b4da-01/chapters/JER.19
  Saved: jeremiah_19.xml
  Fetching Jeremiah chapter 20...
  Requesting URL: https://rest.api.bible/v1/bibles/d6e14a625393b4da-01/chapters/JER.20
  Saved: jeremiah_20.xml
  Fetching Jeremiah chapter 21...
  Requesting URL: https://rest.api.bible/v1/bibles/d6e14a625393b4da-01/chapters/JER.21
  Saved: jeremiah_21.xml
  Fetching Jeremiah chapter 22...
  Requesting URL: https://rest.api.bible/v1/bibles/d6e14a625393b4da-01/chapters/JER.22
  Saved: jeremiah_22.xml
  Fetching Jeremiah chapter 23...
  Requesting URL: https://rest.api.bible/v1/bibles/d6e14a625393b4da-01/chapters/JER.23
  Saved: jeremiah_23.xml
  Fetching Jeremiah chapter 24...
  Requesting URL: https://rest.api.bible/v1/bibles/d6e14a625393b4da-01/chapters/JER.24
  Saved: jeremiah_24.xml
  Fetching Jeremiah chapter 25...
  Requesting URL: https://rest.api.bible/v1/bibles/d6e14a625393b4da-01/chapters/JER.25
  Saved: jeremiah_25.xml
  Fetching Jeremiah chapter 26...
  Requesting URL: https://rest.api.bible/v1/bibles/d6e14a625393b4da-01/chapters/JER.26
  Saved: jeremiah_26.xml
  Fetching Jeremiah chapter 27...
  Requesting URL: https://rest.api.bible/v1/bibles/d6e14a625393b4da-01/chapters/JER.27
  Saved: jeremiah_27.xml
  Fetching Jeremiah chapter 28...
  Requesting URL: https://rest.api.bible/v1/bibles/d6e14a625393b4da-01/chapters/JER.28
  Saved: jeremiah_28.xml
  Fetching Jeremiah chapter 29...
  Requesting URL: https://rest.api.bible/v1/bibles/d6e14a625393b4da-01/chapters/JER.29
  Saved: jeremiah_29.xml
  Fetching Jeremiah chapter 30...
  Requesting URL: https://rest.api.bible/v1/bibles/d6e14a625393b4da-01/chapters/JER.30
  Saved: jeremiah_30.xml
  Fetching Jeremiah chapter 31...
  Requesting URL: https://rest.api.bible/v1/bibles/d6e14a625393b4da-01/chapters/JER.31
  Saved: jeremiah_31.xml
  Fetching Jeremiah chapter 32...
  Requesting URL: https://rest.api.bible/v1/bibles/d6e14a625393b4da-01/chapters/JER.32
  Saved: jeremiah_32.xml
  Fetching Jeremiah chapter 33...
  Requesting URL: https://rest.api.bible/v1/bibles/d6e14a625393b4da-01/chapters/JER.33
  Saved: jeremiah_33.xml
  Fetching Jeremiah chapter 34...
  Requesting URL: https://rest.api.bible/v1/bibles/d6e14a625393b4da-01/chapters/JER.34
  Saved: jeremiah_34.xml
  Fetching Jeremiah chapter 35...
  Requesting URL: https://rest.api.bible/v1/bibles/d6e14a625393b4da-01/chapters/JER.35
  Saved: jeremiah_35.xml
  Fetching Jeremiah chapter 36...
  Requesting URL: https://rest.api.bible/v1/bibles/d6e14a625393b4da-01/chapters/JER.36
  Saved: jeremiah_36.xml
  Fetching Jeremiah chapter 37...
  Requesting URL: https://rest.api.bible/v1/bibles/d6e14a625393b4da-01/chapters/JER.37
  Saved: jeremiah_37.xml
  Fetching Jeremiah chapter 38...
  Requesting URL: https://rest.api.bible/v1/bibles/d6e14a625393b4da-01/chapters/JER.38
  Saved: jeremiah_38.xml
  Fetching Jeremiah chapter 39...
  Requesting URL: https://rest.api.bible/v1/bibles/d6e14a625393b4da-01/chapters/JER.39
  Saved: jeremiah_39.xml
  Fetching Jeremiah chapter 40...
  Requesting URL: https://rest.api.bible/v1/bibles/d6e14a625393b4da-01/chapters/JER.40
  Saved: jeremiah_40.xml
  Fetching Jeremiah chapter 41...
  Requesting URL: https://rest.api.bible/v1/bibles/d6e14a625393b4da-01/chapters/JER.41
  Saved: jeremiah_41.xml
  Fetching Jeremiah chapter 42...
  Requesting URL: https://rest.api.bible/v1/bibles/d6e14a625393b4da-01/chapters/JER.42
  Saved: jeremiah_42.xml
  Fetching Jeremiah chapter 43...
  Requesting URL: https://rest.api.bible/v1/bibles/d6e14a625393b4da-01/chapters/JER.43
  Saved: jeremiah_43.xml
  Fetching Jeremiah chapter 44...
  Requesting URL: https://rest.api.bible/v1/bibles/d6e14a625393b4da-01/chapters/JER.44
  Saved: jeremiah_44.xml
  Fetching Jeremiah chapter 45...
  Requesting URL: https://rest.api.bible/v1/bibles/d6e14a625393b4da-01/chapters/JER.45
  Saved: jeremiah_45.xml
  Fetching Jeremiah chapter 46...
  Requesting URL: https://rest.api.bible/v1/bibles/d6e14a625393b4da-01/chapters/JER.46
  Saved: jeremiah_46.xml
  Fetching Jeremiah chapter 47...
  Requesting URL: https://rest.api.bible/v1/bibles/d6e14a625393b4da-01/chapters/JER.47
  Saved: jeremiah_47.xml
  Fetching Jeremiah chapter 48...
  Requesting URL: https://rest.api.bible/v1/bibles/d6e14a625393b4da-01/chapters/JER.48
  Saved: jeremiah_48.xml
  Fetching Jeremiah chapter 49...
  Requesting URL: https://rest.api.bible/v1/bibles/d6e14a625393b4da-01/chapters/JER.49
  Saved: jeremiah_49.xml
  Fetching Jeremiah chapter 50...
  Requesting URL: https://rest.api.bible/v1/bibles/d6e14a625393b4da-01/chapters/JER.50
  Saved: jeremiah_50.xml
  Fetching Jeremiah chapter 51...
  Requesting URL: https://rest.api.bible/v1/bibles/d6e14a625393b4da-01/chapters/JER.51
  Saved: jeremiah_51.xml
  Fetching Jeremiah chapter 52...
  Requesting URL: https://rest.api.bible/v1/bibles/d6e14a625393b4da-01/chapters/JER.52
  Saved: jeremiah_52.xml

Processing Lamentations for NLT...
  Fetching Lamentations chapter 1...
  Requesting URL: https://rest.api.bible/v1/bibles/d6e14a625393b4da-01/chapters/LAM.1
  Saved: lamentations_1.xml
  Fetching Lamentations chapter 2...
  Requesting URL: https://rest.api.bible/v1/bibles/d6e14a625393b4da-01/chapters/LAM.2
  Saved: lamentations_2.xml
  Fetching Lamentations chapter 3...
  Requesting URL: https://rest.api.bible/v1/bibles/d6e14a625393b4da-01/chapters/LAM.3
  Saved: lamentations_3.xml
  Fetching Lamentations chapter 4...
  Requesting URL: https://rest.api.bible/v1/bibles/d6e14a625393b4da-01/chapters/LAM.4
  Saved: lamentations_4.xml
  Fetching Lamentations chapter 5...
  Requesting URL: https://rest.api.bible/v1/bibles/d6e14a625393b4da-01/chapters/LAM.5
  Saved: lamentations_5.xml

Processing Ezekiel for NLT...
  Fetching Ezekiel chapter 1...
  Requesting URL: https://rest.api.bible/v1/bibles/d6e14a625393b4da-01/chapters/EZK.1
  Saved: ezekiel_1.xml
  Fetching Ezekiel chapter 2...
  Requesting URL: https://rest.api.bible/v1/bibles/d6e14a625393b4da-01/chapters/EZK.2
  Saved: ezekiel_2.xml
  Fetching Ezekiel chapter 3...
  Requesting URL: https://rest.api.bible/v1/bibles/d6e14a625393b4da-01/chapters/EZK.3
  Saved: ezekiel_3.xml
  Fetching Ezekiel chapter 4...
  Requesting URL: https://rest.api.bible/v1/bibles/d6e14a625393b4da-01/chapters/EZK.4
  Saved: ezekiel_4.xml
  Fetching Ezekiel chapter 5...
  Requesting URL: https://rest.api.bible/v1/bibles/d6e14a625393b4da-01/chapters/EZK.5
  Saved: ezekiel_5.xml
  Fetching Ezekiel chapter 6...
  Requesting URL: https://rest.api.bible/v1/bibles/d6e14a625393b4da-01/chapters/EZK.6
  Saved: ezekiel_6.xml
  Fetching Ezekiel chapter 7...
  Requesting URL: https://rest.api.bible/v1/bibles/d6e14a625393b4da-01/chapters/EZK.7
  Saved: ezekiel_7.xml
  Fetching Ezekiel chapter 8...
  Requesting URL: https://rest.api.bible/v1/bibles/d6e14a625393b4da-01/chapters/EZK.8
  Saved: ezekiel_8.xml
  Fetching Ezekiel chapter 9...
  Requesting URL: https://rest.api.bible/v1/bibles/d6e14a625393b4da-01/chapters/EZK.9
  Saved: ezekiel_9.xml
  Fetching Ezekiel chapter 10...
  Requesting URL: https://rest.api.bible/v1/bibles/d6e14a625393b4da-01/chapters/EZK.10
  Saved: ezekiel_10.xml
  Fetching Ezekiel chapter 11...
  Requesting URL: https://rest.api.bible/v1/bibles/d6e14a625393b4da-01/chapters/EZK.11
  Saved: ezekiel_11.xml
  Fetching Ezekiel chapter 12...
  Requesting URL: https://rest.api.bible/v1/bibles/d6e14a625393b4da-01/chapters/EZK.12
  Saved: ezekiel_12.xml
  Fetching Ezekiel chapter 13...
  Requesting URL: https://rest.api.bible/v1/bibles/d6e14a625393b4da-01/chapters/EZK.13
  Saved: ezekiel_13.xml
  Fetching Ezekiel chapter 14...
  Requesting URL: https://rest.api.bible/v1/bibles/d6e14a625393b4da-01/chapters/EZK.14
  Saved: ezekiel_14.xml
  Fetching Ezekiel chapter 15...
  Requesting URL: https://rest.api.bible/v1/bibles/d6e14a625393b4da-01/chapters/EZK.15
  Saved: ezekiel_15.xml
  Fetching Ezekiel chapter 16...
  Requesting URL: https://rest.api.bible/v1/bibles/d6e14a625393b4da-01/chapters/EZK.16
  Saved: ezekiel_16.xml
  Fetching Ezekiel chapter 17...
  Requesting URL: https://rest.api.bible/v1/bibles/d6e14a625393b4da-01/chapters/EZK.17
  Saved: ezekiel_17.xml
  Fetching Ezekiel chapter 18...
  Requesting URL: https://rest.api.bible/v1/bibles/d6e14a625393b4da-01/chapters/EZK.18
  Saved: ezekiel_18.xml
  Fetching Ezekiel chapter 19...
  Requesting URL: https://rest.api.bible/v1/bibles/d6e14a625393b4da-01/chapters/EZK.19
  Saved: ezekiel_19.xml
  Fetching Ezekiel chapter 20...
  Requesting URL: https://rest.api.bible/v1/bibles/d6e14a625393b4da-01/chapters/EZK.20
  Saved: ezekiel_20.xml
  Fetching Ezekiel chapter 21...
  Requesting URL: https://rest.api.bible/v1/bibles/d6e14a625393b4da-01/chapters/EZK.21
  Saved: ezekiel_21.xml
  Fetching Ezekiel chapter 22...
  Requesting URL: https://rest.api.bible/v1/bibles/d6e14a625393b4da-01/chapters/EZK.22
  Saved: ezekiel_22.xml
  Fetching Ezekiel chapter 23...
  Requesting URL: https://rest.api.bible/v1/bibles/d6e14a625393b4da-01/chapters/EZK.23
  Saved: ezekiel_23.xml
  Fetching Ezekiel chapter 24...
  Requesting URL: https://rest.api.bible/v1/bibles/d6e14a625393b4da-01/chapters/EZK.24
  Saved: ezekiel_24.xml
  Fetching Ezekiel chapter 25...
  Requesting URL: https://rest.api.bible/v1/bibles/d6e14a625393b4da-01/chapters/EZK.25
  Saved: ezekiel_25.xml
  Fetching Ezekiel chapter 26...
  Requesting URL: https://rest.api.bible/v1/bibles/d6e14a625393b4da-01/chapters/EZK.26
  Saved: ezekiel_26.xml
  Fetching Ezekiel chapter 27...
  Requesting URL: https://rest.api.bible/v1/bibles/d6e14a625393b4da-01/chapters/EZK.27
  Saved: ezekiel_27.xml
  Fetching Ezekiel chapter 28...
  Requesting URL: https://rest.api.bible/v1/bibles/d6e14a625393b4da-01/chapters/EZK.28
  Saved: ezekiel_28.xml
  Fetching Ezekiel chapter 29...
  Requesting URL: https://rest.api.bible/v1/bibles/d6e14a625393b4da-01/chapters/EZK.29
  Saved: ezekiel_29.xml
  Fetching Ezekiel chapter 30...
  Requesting URL: https://rest.api.bible/v1/bibles/d6e14a625393b4da-01/chapters/EZK.30
  Saved: ezekiel_30.xml
  Fetching Ezekiel chapter 31...
  Requesting URL: https://rest.api.bible/v1/bibles/d6e14a625393b4da-01/chapters/EZK.31
  Saved: ezekiel_31.xml
  Fetching Ezekiel chapter 32...
  Requesting URL: https://rest.api.bible/v1/bibles/d6e14a625393b4da-01/chapters/EZK.32
  Saved: ezekiel_32.xml
  Fetching Ezekiel chapter 33...
  Requesting URL: https://rest.api.bible/v1/bibles/d6e14a625393b4da-01/chapters/EZK.33
  Saved: ezekiel_33.xml
  Fetching Ezekiel chapter 34...
  Requesting URL: https://rest.api.bible/v1/bibles/d6e14a625393b4da-01/chapters/EZK.34
  Saved: ezekiel_34.xml
  Fetching Ezekiel chapter 35...
  Requesting URL: https://rest.api.bible/v1/bibles/d6e14a625393b4da-01/chapters/EZK.35
  Saved: ezekiel_35.xml
  Fetching Ezekiel chapter 36...
  Requesting URL: https://rest.api.bible/v1/bibles/d6e14a625393b4da-01/chapters/EZK.36
  Saved: ezekiel_36.xml
  Fetching Ezekiel chapter 37...
  Requesting URL: https://rest.api.bible/v1/bibles/d6e14a625393b4da-01/chapters/EZK.37
  Saved: ezekiel_37.xml
  Fetching Ezekiel chapter 38...
  Requesting URL: https://rest.api.bible/v1/bibles/d6e14a625393b4da-01/chapters/EZK.38
  Saved: ezekiel_38.xml
  Fetching Ezekiel chapter 39...
  Requesting URL: https://rest.api.bible/v1/bibles/d6e14a625393b4da-01/chapters/EZK.39
  Saved: ezekiel_39.xml
  Fetching Ezekiel chapter 40...
  Requesting URL: https://rest.api.bible/v1/bibles/d6e14a625393b4da-01/chapters/EZK.40
  Saved: ezekiel_40.xml
  Fetching Ezekiel chapter 41...
  Requesting URL: https://rest.api.bible/v1/bibles/d6e14a625393b4da-01/chapters/EZK.41
  Saved: ezekiel_41.xml
  Fetching Ezekiel chapter 42...
  Requesting URL: https://rest.api.bible/v1/bibles/d6e14a625393b4da-01/chapters/EZK.42
  Saved: ezekiel_42.xml
  Fetching Ezekiel chapter 43...
  Requesting URL: https://rest.api.bible/v1/bibles/d6e14a625393b4da-01/chapters/EZK.43
  Saved: ezekiel_43.xml
  Fetching Ezekiel chapter 44...
  Requesting URL: https://rest.api.bible/v1/bibles/d6e14a625393b4da-01/chapters/EZK.44
  Saved: ezekiel_44.xml
  Fetching Ezekiel chapter 45...
  Requesting URL: https://rest.api.bible/v1/bibles/d6e14a625393b4da-01/chapters/EZK.45
  Saved: ezekiel_45.xml
  Fetching Ezekiel chapter 46...
  Requesting URL: https://rest.api.bible/v1/bibles/d6e14a625393b4da-01/chapters/EZK.46
  Saved: ezekiel_46.xml
  Fetching Ezekiel chapter 47...
  Requesting URL: https://rest.api.bible/v1/bibles/d6e14a625393b4da-01/chapters/EZK.47
  Saved: ezekiel_47.xml
  Fetching Ezekiel chapter 48...
  Requesting URL: https://rest.api.bible/v1/bibles/d6e14a625393b4da-01/chapters/EZK.48
  Saved: ezekiel_48.xml

Processing Daniel for NLT...
  Fetching Daniel chapter 1...
  Requesting URL: https://rest.api.bible/v1/bibles/d6e14a625393b4da-01/chapters/DAN.1
  Saved: daniel_1.xml
  Fetching Daniel chapter 2...
  Requesting URL: https://rest.api.bible/v1/bibles/d6e14a625393b4da-01/chapters/DAN.2
  Saved: daniel_2.xml
  Fetching Daniel chapter 3...
  Requesting URL: https://rest.api.bible/v1/bibles/d6e14a625393b4da-01/chapters/DAN.3
  Saved: daniel_3.xml
  Fetching Daniel chapter 4...
  Requesting URL: https://rest.api.bible/v1/bibles/d6e14a625393b4da-01/chapters/DAN.4
  Saved: daniel_4.xml
  Fetching Daniel chapter 5...
  Requesting URL: https://rest.api.bible/v1/bibles/d6e14a625393b4da-01/chapters/DAN.5
  Saved: daniel_5.xml
  Fetching Daniel chapter 6...
  Requesting URL: https://rest.api.bible/v1/bibles/d6e14a625393b4da-01/chapters/DAN.6
  Saved: daniel_6.xml
  Fetching Daniel chapter 7...
  Requesting URL: https://rest.api.bible/v1/bibles/d6e14a625393b4da-01/chapters/DAN.7
  Saved: daniel_7.xml
  Fetching Daniel chapter 8...
  Requesting URL: https://rest.api.bible/v1/bibles/d6e14a625393b4da-01/chapters/DAN.8
  Saved: daniel_8.xml
  Fetching Daniel chapter 9...
  Requesting URL: https://rest.api.bible/v1/bibles/d6e14a625393b4da-01/chapters/DAN.9
  Saved: daniel_9.xml
  Fetching Daniel chapter 10...
  Requesting URL: https://rest.api.bible/v1/bibles/d6e14a625393b4da-01/chapters/DAN.10
  Saved: daniel_10.xml
  Fetching Daniel chapter 11...
  Requesting URL: https://rest.api.bible/v1/bibles/d6e14a625393b4da-01/chapters/DAN.11
  Saved: daniel_11.xml
  Fetching Daniel chapter 12...
  Requesting URL: https://rest.api.bible/v1/bibles/d6e14a625393b4da-01/chapters/DAN.12
  Saved: daniel_12.xml

Processing Hosea for NLT...
  Fetching Hosea chapter 1...
  Requesting URL: https://rest.api.bible/v1/bibles/d6e14a625393b4da-01/chapters/HOS.1
  Saved: hosea_1.xml
  Fetching Hosea chapter 2...
  Requesting URL: https://rest.api.bible/v1/bibles/d6e14a625393b4da-01/chapters/HOS.2
  Saved: hosea_2.xml
  Fetching Hosea chapter 3...
  Requesting URL: https://rest.api.bible/v1/bibles/d6e14a625393b4da-01/chapters/HOS.3
  Saved: hosea_3.xml
  Fetching Hosea chapter 4...
  Requesting URL: https://rest.api.bible/v1/bibles/d6e14a625393b4da-01/chapters/HOS.4
  Saved: hosea_4.xml
  Fetching Hosea chapter 5...
  Requesting URL: https://rest.api.bible/v1/bibles/d6e14a625393b4da-01/chapters/HOS.5
  Saved: hosea_5.xml
  Fetching Hosea chapter 6...
  Requesting URL: https://rest.api.bible/v1/bibles/d6e14a625393b4da-01/chapters/HOS.6
  Saved: hosea_6.xml
  Fetching Hosea chapter 7...
  Requesting URL: https://rest.api.bible/v1/bibles/d6e14a625393b4da-01/chapters/HOS.7
  Saved: hosea_7.xml
  Fetching Hosea chapter 8...
  Requesting URL: https://rest.api.bible/v1/bibles/d6e14a625393b4da-01/chapters/HOS.8
  Saved: hosea_8.xml
  Fetching Hosea chapter 9...
  Requesting URL: https://rest.api.bible/v1/bibles/d6e14a625393b4da-01/chapters/HOS.9
  Saved: hosea_9.xml
  Fetching Hosea chapter 10...
  Requesting URL: https://rest.api.bible/v1/bibles/d6e14a625393b4da-01/chapters/HOS.10
  Saved: hosea_10.xml
  Fetching Hosea chapter 11...
  Requesting URL: https://rest.api.bible/v1/bibles/d6e14a625393b4da-01/chapters/HOS.11
  Saved: hosea_11.xml
  Fetching Hosea chapter 12...
  Requesting URL: https://rest.api.bible/v1/bibles/d6e14a625393b4da-01/chapters/HOS.12
  Saved: hosea_12.xml
  Fetching Hosea chapter 13...
  Requesting URL: https://rest.api.bible/v1/bibles/d6e14a625393b4da-01/chapters/HOS.13
  Saved: hosea_13.xml
  Fetching Hosea chapter 14...
  Requesting URL: https://rest.api.bible/v1/bibles/d6e14a625393b4da-01/chapters/HOS.14
  Saved: hosea_14.xml

Processing Joel for NLT...
  Fetching Joel chapter 1...
  Requesting URL: https://rest.api.bible/v1/bibles/d6e14a625393b4da-01/chapters/JOL.1
  Saved: joel_1.xml
  Fetching Joel chapter 2...
  Requesting URL: https://rest.api.bible/v1/bibles/d6e14a625393b4da-01/chapters/JOL.2
  Saved: joel_2.xml
  Fetching Joel chapter 3...
  Requesting URL: https://rest.api.bible/v1/bibles/d6e14a625393b4da-01/chapters/JOL.3
  Saved: joel_3.xml

Processing Amos for NLT...
  Fetching Amos chapter 1...
  Requesting URL: https://rest.api.bible/v1/bibles/d6e14a625393b4da-01/chapters/AMO.1
  Saved: amos_1.xml
  Fetching Amos chapter 2...
  Requesting URL: https://rest.api.bible/v1/bibles/d6e14a625393b4da-01/chapters/AMO.2
  Saved: amos_2.xml
  Fetching Amos chapter 3...
  Requesting URL: https://rest.api.bible/v1/bibles/d6e14a625393b4da-01/chapters/AMO.3
  Saved: amos_3.xml
  Fetching Amos chapter 4...
  Requesting URL: https://rest.api.bible/v1/bibles/d6e14a625393b4da-01/chapters/AMO.4
  Saved: amos_4.xml
  Fetching Amos chapter 5...
  Requesting URL: https://rest.api.bible/v1/bibles/d6e14a625393b4da-01/chapters/AMO.5
  Saved: amos_5.xml
  Fetching Amos chapter 6...
  Requesting URL: https://rest.api.bible/v1/bibles/d6e14a625393b4da-01/chapters/AMO.6
  Saved: amos_6.xml
  Fetching Amos chapter 7...
  Requesting URL: https://rest.api.bible/v1/bibles/d6e14a625393b4da-01/chapters/AMO.7
  Saved: amos_7.xml
  Fetching Amos chapter 8...
  Requesting URL: https://rest.api.bible/v1/bibles/d6e14a625393b4da-01/chapters/AMO.8
  Saved: amos_8.xml
  Fetching Amos chapter 9...
  Requesting URL: https://rest.api.bible/v1/bibles/d6e14a625393b4da-01/chapters/AMO.9
  Saved: amos_9.xml

Processing Obadiah for NLT...
  Fetching Obadiah chapter 1...
  Requesting URL: https://rest.api.bible/v1/bibles/d6e14a625393b4da-01/chapters/OBA.1
  Saved: obadiah_1.xml

Processing Jonah for NLT...
  Fetching Jonah chapter 1...
  Requesting URL: https://rest.api.bible/v1/bibles/d6e14a625393b4da-01/chapters/JON.1
  Saved: jonah_1.xml
  Fetching Jonah chapter 2...
  Requesting URL: https://rest.api.bible/v1/bibles/d6e14a625393b4da-01/chapters/JON.2
  Saved: jonah_2.xml
  Fetching Jonah chapter 3...
  Requesting URL: https://rest.api.bible/v1/bibles/d6e14a625393b4da-01/chapters/JON.3
  Saved: jonah_3.xml
  Fetching Jonah chapter 4...
  Requesting URL: https://rest.api.bible/v1/bibles/d6e14a625393b4da-01/chapters/JON.4
  Saved: jonah_4.xml

Processing Micah for NLT...
  Fetching Micah chapter 1...
  Requesting URL: https://rest.api.bible/v1/bibles/d6e14a625393b4da-01/chapters/MIC.1
  Saved: micah_1.xml
  Fetching Micah chapter 2...
  Requesting URL: https://rest.api.bible/v1/bibles/d6e14a625393b4da-01/chapters/MIC.2
  Saved: micah_2.xml
  Fetching Micah chapter 3...
  Requesting URL: https://rest.api.bible/v1/bibles/d6e14a625393b4da-01/chapters/MIC.3
  Saved: micah_3.xml
  Fetching Micah chapter 4...
  Requesting URL: https://rest.api.bible/v1/bibles/d6e14a625393b4da-01/chapters/MIC.4
  Saved: micah_4.xml
  Fetching Micah chapter 5...
  Requesting URL: https://rest.api.bible/v1/bibles/d6e14a625393b4da-01/chapters/MIC.5
  Saved: micah_5.xml
  Fetching Micah chapter 6...
  Requesting URL: https://rest.api.bible/v1/bibles/d6e14a625393b4da-01/chapters/MIC.6
  Saved: micah_6.xml
  Fetching Micah chapter 7...
  Requesting URL: https://rest.api.bible/v1/bibles/d6e14a625393b4da-01/chapters/MIC.7
  Saved: micah_7.xml

Processing Nahum for NLT...
  Fetching Nahum chapter 1...
  Requesting URL: https://rest.api.bible/v1/bibles/d6e14a625393b4da-01/chapters/NAH.1
Error: API.Bible returned status code 404
Response: {"statusCode":404,"error":"Not Found","message":"We couldn't find a chapter that matched the provided chapterId and bibleId."}
  Failed to fetch content for Nahum 1
  Fetching Nahum chapter 2...
  Requesting URL: https://rest.api.bible/v1/bibles/d6e14a625393b4da-01/chapters/NAH.2
Error: API.Bible returned status code 404
Response: {"statusCode":404,"error":"Not Found","message":"We couldn't find a chapter that matched the provided chapterId and bibleId."}
  Failed to fetch content for Nahum 2
  Fetching Nahum chapter 3...
  Requesting URL: https://rest.api.bible/v1/bibles/d6e14a625393b4da-01/chapters/NAH.3
Error: API.Bible returned status code 404
Response: {"statusCode":404,"error":"Not Found","message":"We couldn't find a chapter that matched the provided chapterId and bibleId."}
  Failed to fetch content for Nahum 3

Processing Habakkuk for NLT...
  Fetching Habakkuk chapter 1...
  Requesting URL: https://rest.api.bible/v1/bibles/d6e14a625393b4da-01/chapters/HAB.1
  Saved: habakkuk_1.xml
  Fetching Habakkuk chapter 2...
  Requesting URL: https://rest.api.bible/v1/bibles/d6e14a625393b4da-01/chapters/HAB.2
  Saved: habakkuk_2.xml
  Fetching Habakkuk chapter 3...
  Requesting URL: https://rest.api.bible/v1/bibles/d6e14a625393b4da-01/chapters/HAB.3
  Saved: habakkuk_3.xml

Processing Zephaniah for NLT...
  Fetching Zephaniah chapter 1...
  Requesting URL: https://rest.api.bible/v1/bibles/d6e14a625393b4da-01/chapters/ZEP.1
  Saved: zephaniah_1.xml
  Fetching Zephaniah chapter 2...
  Requesting URL: https://rest.api.bible/v1/bibles/d6e14a625393b4da-01/chapters/ZEP.2
  Saved: zephaniah_2.xml
  Fetching Zephaniah chapter 3...
  Requesting URL: https://rest.api.bible/v1/bibles/d6e14a625393b4da-01/chapters/ZEP.3
  Saved: zephaniah_3.xml

Processing Haggai for NLT...
  Fetching Haggai chapter 1...
  Requesting URL: https://rest.api.bible/v1/bibles/d6e14a625393b4da-01/chapters/HAG.1
  Saved: haggai_1.xml
  Fetching Haggai chapter 2...
  Requesting URL: https://rest.api.bible/v1/bibles/d6e14a625393b4da-01/chapters/HAG.2
  Saved: haggai_2.xml

Processing Zechariah for NLT...
  Fetching Zechariah chapter 1...
  Requesting URL: https://rest.api.bible/v1/bibles/d6e14a625393b4da-01/chapters/ZEC.1
  Saved: zechariah_1.xml
  Fetching Zechariah chapter 2...
  Requesting URL: https://rest.api.bible/v1/bibles/d6e14a625393b4da-01/chapters/ZEC.2
  Saved: zechariah_2.xml
  Fetching Zechariah chapter 3...
  Requesting URL: https://rest.api.bible/v1/bibles/d6e14a625393b4da-01/chapters/ZEC.3
  Saved: zechariah_3.xml
  Fetching Zechariah chapter 4...
  Requesting URL: https://rest.api.bible/v1/bibles/d6e14a625393b4da-01/chapters/ZEC.4
  Saved: zechariah_4.xml
  Fetching Zechariah chapter 5...
  Requesting URL: https://rest.api.bible/v1/bibles/d6e14a625393b4da-01/chapters/ZEC.5
  Saved: zechariah_5.xml
  Fetching Zechariah chapter 6...
  Requesting URL: https://rest.api.bible/v1/bibles/d6e14a625393b4da-01/chapters/ZEC.6
  Saved: zechariah_6.xml
  Fetching Zechariah chapter 7...
  Requesting URL: https://rest.api.bible/v1/bibles/d6e14a625393b4da-01/chapters/ZEC.7
  Saved: zechariah_7.xml
  Fetching Zechariah chapter 8...
  Requesting URL: https://rest.api.bible/v1/bibles/d6e14a625393b4da-01/chapters/ZEC.8
  Saved: zechariah_8.xml
  Fetching Zechariah chapter 9...
  Requesting URL: https://rest.api.bible/v1/bibles/d6e14a625393b4da-01/chapters/ZEC.9
  Saved: zechariah_9.xml
  Fetching Zechariah chapter 10...
  Requesting URL: https://rest.api.bible/v1/bibles/d6e14a625393b4da-01/chapters/ZEC.10
  Saved: zechariah_10.xml
  Fetching Zechariah chapter 11...
  Requesting URL: https://rest.api.bible/v1/bibles/d6e14a625393b4da-01/chapters/ZEC.11
  Saved: zechariah_11.xml
  Fetching Zechariah chapter 12...
  Requesting URL: https://rest.api.bible/v1/bibles/d6e14a625393b4da-01/chapters/ZEC.12
  Saved: zechariah_12.xml
  Fetching Zechariah chapter 13...
  Requesting URL: https://rest.api.bible/v1/bibles/d6e14a625393b4da-01/chapters/ZEC.13
  Saved: zechariah_13.xml
  Fetching Zechariah chapter 14...
  Requesting URL: https://rest.api.bible/v1/bibles/d6e14a625393b4da-01/chapters/ZEC.14
  Saved: zechariah_14.xml

Processing Malachi for NLT...
  Fetching Malachi chapter 1...
  Requesting URL: https://rest.api.bible/v1/bibles/d6e14a625393b4da-01/chapters/MAL.1
  Saved: malachi_1.xml
  Fetching Malachi chapter 2...
  Requesting URL: https://rest.api.bible/v1/bibles/d6e14a625393b4da-01/chapters/MAL.2
  Saved: malachi_2.xml
  Fetching Malachi chapter 3...
  Requesting URL: https://rest.api.bible/v1/bibles/d6e14a625393b4da-01/chapters/MAL.3
  Saved: malachi_3.xml
  Fetching Malachi chapter 4...
  Requesting URL: https://rest.api.bible/v1/bibles/d6e14a625393b4da-01/chapters/MAL.4
  Saved: malachi_4.xml

Processing Matthew for NLT...
  Fetching Matthew chapter 1...
  Requesting URL: https://rest.api.bible/v1/bibles/d6e14a625393b4da-01/chapters/MAT.1
  Saved: matthew_1.xml
  Fetching Matthew chapter 2...
  Requesting URL: https://rest.api.bible/v1/bibles/d6e14a625393b4da-01/chapters/MAT.2
  Saved: matthew_2.xml
  Fetching Matthew chapter 3...
  Requesting URL: https://rest.api.bible/v1/bibles/d6e14a625393b4da-01/chapters/MAT.3
  Saved: matthew_3.xml
  Fetching Matthew chapter 4...
  Requesting URL: https://rest.api.bible/v1/bibles/d6e14a625393b4da-01/chapters/MAT.4
  Saved: matthew_4.xml
  Fetching Matthew chapter 5...
  Requesting URL: https://rest.api.bible/v1/bibles/d6e14a625393b4da-01/chapters/MAT.5
  Saved: matthew_5.xml
  Fetching Matthew chapter 6...
  Requesting URL: https://rest.api.bible/v1/bibles/d6e14a625393b4da-01/chapters/MAT.6
  Saved: matthew_6.xml
  Fetching Matthew chapter 7...
  Requesting URL: https://rest.api.bible/v1/bibles/d6e14a625393b4da-01/chapters/MAT.7
  Saved: matthew_7.xml
  Fetching Matthew chapter 8...
  Requesting URL: https://rest.api.bible/v1/bibles/d6e14a625393b4da-01/chapters/MAT.8
  Saved: matthew_8.xml
  Fetching Matthew chapter 9...
  Requesting URL: https://rest.api.bible/v1/bibles/d6e14a625393b4da-01/chapters/MAT.9
  Saved: matthew_9.xml
  Fetching Matthew chapter 10...
  Requesting URL: https://rest.api.bible/v1/bibles/d6e14a625393b4da-01/chapters/MAT.10
  Saved: matthew_10.xml
  Fetching Matthew chapter 11...
  Requesting URL: https://rest.api.bible/v1/bibles/d6e14a625393b4da-01/chapters/MAT.11